"X1","N.003","éÒ","X","X.1","X.2","X.3","X.4","X.5","X.6","X.7","X.8","X.9","X.10","X.11","X.12","X.13","X.14","X.15","X.16","X.17","X.18","X.19","X.20","X.21","X.22","X.23","X1éqâπ","X.24","X.25","X.26","X.27","X1ïÍâπ","X.28","X.29","X.30","X.31","X2éqâπ","X.32","X.33","X.34","X.35","X2ïÍâπ","X.36","X.37","X.38","X.39","X3éqâπ","X.40","X.41","X.42","X.43","X3ïÍâπ","X.44","X.45","X.46","X.47","X4éqâπ","X.48","X.49","X.50","X.51","X4ïÍâπ","X.52","X.53","X.54","X.55","X5éqâπ","X.56","X.57","X.58","X.59","X5ïÍâπ","X.60","X.61","X.62","X.63","X6éqâπ","X.64","X.65","X.66","X.67","X6ïÍâπ","X.68","X.69","X.70","X.71","X7éqâπ","X.72","X.73","X.74","X.75","X7ïÍâπ","X.76","X.77","X.78","X.79","X8éqâπ","X.80","X.81","X.82","X.83","X8ïÍâπ","X.84","X.85","X.86","X.87","X1éqâπ.1","X.88","X.89","X.90","X.91","X1ïÍâπ.1","X.92","X.93","X.94","X.95","X2éqâπ.1","X.96","X.97","X.98","X.99","X2ïÍâπ.1","X.100","X.101","X.102","X.103","X3éqâπ.1","X.104","X.105","X.106","X.107","X3ïÍâπ.1","X.108","X.109","X.110","X.111","X4éqâπ.1","X.112","X.113","X.114","X.115","X4ïÍâπ.1","X.116","X.117","X.118","X.119","X5éqâπ.1","X.120","X.121","X.122","X.123","X5ïÍâπ.1","X.124","X.125","X.126","X.127","X6éqâπ.1","X.128","X.129","X.130","X.131","X6ïÍâπ.1","X.132","X.133","X.134","X.135","X7éqâπ.1","X.136","X.137","X.138","X.139","X7ïÍâπ.1","X.140","X.141","X.142","X.143","X8éqâπ.1","X.144","X.145","X.146","X.147","X8ïÍâπ.1","X.148","X.149","X.150","X.151"
"í Çµî‘çÜ","ínì_ñºãLçÜ","åªésí¨ë∫ñº","ï\é¶óp","âπÇÃå^","âπêﬂ","ÉÇÅ[Éâ","ÉAÉNÉZÉìÉg","ëzíËå`","ëSåÍå`","åÍå`","1éqâπ","1ïÍâπ","2éqâπ","2ïÍâπ","3éqâπ","3ïÍâπ","4éqâπ","4ïÍâπ","5éqâπ","5ïÍâπ","6éqâπ","6ïÍâπ","7éqâπ","7ïÍâπ","8éqâπ","8ïÍâπ","à íu","ï˚ñ@","å˚äWÅEâ~êO","çAì™âª","ê∫ë—êUìÆ","í∑Ç≥","å˚ÇÃäJÇ´","ê„ÇÃà íu","êOÇÃèÛë‘","ñ≥ê∫ï@âπ","à íu","ï˚ñ@","å˚äWÅEâ~êO","çAì™âª","ê∫ë—êUìÆ","í∑Ç≥","å˚ÇÃäJÇ´","ê„ÇÃà íu","êOÇÃèÛë‘","ñ≥ê∫ï@âπ","à íu","ï˚ñ@","å˚äWÅEâ~êO","çAì™âª","ê∫ë—êUìÆ","í∑Ç≥","å˚ÇÃäJÇ´","ê„ÇÃà íu","êOÇÃèÛë‘","ñ≥ê∫ï@âπ","à íu","ï˚ñ@","å˚äWÅEâ~êO","çAì™âª","ê∫ë—êUìÆ","í∑Ç≥","å˚ÇÃäJÇ´","ê„ÇÃà íu","êOÇÃèÛë‘","ñ≥ê∫ï@âπ","à íu","ï˚ñ@","å˚äWÅEâ~êO","çAì™âª","ê∫ë—êUìÆ","í∑Ç≥","å˚ÇÃäJÇ´","ê„ÇÃà íu","êOÇÃèÛë‘","ñ≥ê∫ï@âπ","à íu","ï˚ñ@","å˚äWÅEâ~êO","çAì™âª","ê∫ë—êUìÆ","í∑Ç≥","å˚ÇÃäJÇ´","ê„ÇÃà íu","êOÇÃèÛë‘","ñ≥ê∫ï@âπ","à íu","ï˚ñ@","å˚äWÅEâ~êO","çAì™âª","ê∫ë—êUìÆ","í∑Ç≥","å˚ÇÃäJÇ´","ê„ÇÃà íu","êOÇÃèÛë‘","ñ≥ê∫ï@âπ","à íu","ï˚ñ@","å˚äWÅEâ~êO","çAì™âª","ê∫ë—êUìÆ","í∑Ç≥","å˚ÇÃäJÇ´","ê„ÇÃà íu","êOÇÃèÛë‘","ñ≥ê∫ï@âπ","à íu","ï˚ñ@","å˚äWÅEâ~êO","çAì™âª","ê∫ë—êUìÆ","í∑Ç≥","å˚ÇÃäJÇ´","ê„ÇÃà íu","êOÇÃèÛë‘","ñ≥ê∫ï@âπ","à íu","ï˚ñ@","å˚äWÅEâ~êO","çAì™âª","ê∫ë—êUìÆ","í∑Ç≥","å˚ÇÃäJÇ´","ê„ÇÃà íu","êOÇÃèÛë‘","ñ≥ê∫ï@âπ","à íu","ï˚ñ@","å˚äWÅEâ~êO","çAì™âª","ê∫ë—êUìÆ","í∑Ç≥","å˚ÇÃäJÇ´","ê„ÇÃà íu","êOÇÃèÛë‘","ñ≥ê∫ï@âπ","à íu","ï˚ñ@","å˚äWÅEâ~êO","çAì™âª","ê∫ë—êUìÆ","í∑Ç≥","å˚ÇÃäJÇ´","ê„ÇÃà íu","êOÇÃèÛë‘","ñ≥ê∫ï@âπ","à íu","ï˚ñ@","å˚äWÅEâ~êO","çAì™âª","ê∫ë—êUìÆ","í∑Ç≥","å˚ÇÃäJÇ´","ê„ÇÃà íu","êOÇÃèÛë‘","ñ≥ê∫ï@âπ","à íu","ï˚ñ@","å˚äWÅEâ~êO","çAì™âª","ê∫ë—êUìÆ","í∑Ç≥","å˚ÇÃäJÇ´","ê„ÇÃà íu","êOÇÃèÛë‘","ñ≥ê∫ï@âπ","à íu","ï˚ñ@","å˚äWÅEâ~êO","çAì™âª","ê∫ë—êUìÆ","í∑Ç≥","å˚ÇÃäJÇ´","ê„ÇÃà íu","êOÇÃèÛë‘","ñ≥ê∫ï@âπ","à íu","ï˚ñ@","å˚äWÅEâ~êO","çAì™âª","ê∫ë—êUìÆ","í∑Ç≥","å˚ÇÃäJÇ´","ê„ÇÃà íu","êOÇÃèÛë‘","ñ≥ê∫ï@âπ"
"000","","ëzíËå`","ëzíËå`","3","2","2","","Ç≠Ç—","kubi","kubi","k","u","b","i",".",".",".",".",".",".",".",".",".",".",".",".","8","1","0","0","1","1","1","3","2","0","1","1","0","0","0","1","1","1","1","0",".",".",".",".",".",".",".",".",".",".",".",".",".",".",".",".",".",".",".",".",".",".",".",".",".",".",".",".",".",".",".",".",".",".",".",".",".",".",".",".",".",".",".",".",".",".",".",".",".",".",".",".",".",".",".",".",".",".",".",".","10000000010000000","10000001","100001","1001","110","10000001","100001","10100","110","101","10000000000000001","10000001","100001","1001","101","10000001","100001","10001","101","101",".",".",".",".",".",".",".",".",".",".",".",".",".",".",".",".",".",".",".",".",".",".",".",".",".",".",".",".",".",".",".",".",".",".",".",".",".",".",".",".",".",".",".",".",".",".",".",".",".",".",".",".",".",".",".",".",".",".",".","."
"001","KA05","ãåä}óòí¨ä}óò","âÇî¸ä}óò","3","2","2","","Ç≠Ç—","k_u_bi","k_u_bi","kx","u","b","i",".",".",".",".",".",".",".",".",".",".",".",".","8","1","0","2","1","1","1","3","2","0","1","1","0","0","0","1","1","1","1","0",".",".",".",".",".",".",".",".",".",".",".",".",".",".",".",".",".",".",".",".",".",".",".",".",".",".",".",".",".",".",".",".",".",".",".",".",".",".",".",".",".",".",".",".",".",".",".",".",".",".",".",".",".",".",".",".",".",".",".",".","10000000010000000","10000001","100001","1100","110","10000001","100001","10100","110","101","10000000000000001","10000001","100001","1001","101","10000001","100001","10001","101","101",".",".",".",".",".",".",".",".",".",".",".",".",".",".",".",".",".",".",".",".",".",".",".",".",".",".",".",".",".",".",".",".",".",".",".",".",".",".",".",".",".",".",".",".",".",".",".",".",".",".",".",".",".",".",".",".",".",".",".","."
"002","NZ17","ãåñºê£ésã‡ãv","âÇî¸ã‡ãv","3","2","2","","Ç≠Ç—","k_u_bi","k_u_bi","kx","u","b","i",".",".",".",".",".",".",".",".",".",".",".",".","8","1","0","2","1","1","1","3","2","0","1","1","0","0","0","1","1","1","1","0",".",".",".",".",".",".",".",".",".",".",".",".",".",".",".",".",".",".",".",".",".",".",".",".",".",".",".",".",".",".",".",".",".",".",".",".",".",".",".",".",".",".",".",".",".",".",".",".",".",".",".",".",".",".",".",".",".",".",".",".","10000000010000000","10000001","100001","1100","110","10000001","100001","10100","110","101","10000000000000001","10000001","100001","1001","101","10000001","100001","10001","101","101",".",".",".",".",".",".",".",".",".",".",".",".",".",".",".",".",".",".",".",".",".",".",".",".",".",".",".",".",".",".",".",".",".",".",".",".",".",".",".",".",".",".",".",".",".",".",".",".",".",".",".",".",".",".",".",".",".",".",".","."
"003","KM05","ó¥ãΩí¨íÜèü","âÇî¸íÜèü","3","2","2","","Ç≠Ç—","k_u_bi","k_u_bi","kx","u","b","i",".",".",".",".",".",".",".",".",".",".",".",".","8","1","0","2","1","1","1","3","2","0","1","1","0","0","0","1","1","1","1","0",".",".",".",".",".",".",".",".",".",".",".",".",".",".",".",".",".",".",".",".",".",".",".",".",".",".",".",".",".",".",".",".",".",".",".",".",".",".",".",".",".",".",".",".",".",".",".",".",".",".",".",".",".",".",".",".",".",".",".",".","10000000010000000","10000001","100001","1100","110","10000001","100001","10100","110","101","10000000000000001","10000001","100001","1001","101","10000001","100001","10001","101","101",".",".",".",".",".",".",".",".",".",".",".",".",".",".",".",".",".",".",".",".",".",".",".",".",".",".",".",".",".",".",".",".",".",".",".",".",".",".",".",".",".",".",".",".",".",".",".",".",".",".",".",".",".",".",".",".",".",".",".","."
"004","YU04","ëÂòaë∫ëÂòaïl","âÇî¸ëÂòaïl","3","2","2","","Ç≠Ç—","_k_ubi/k_u_bi","k_ubi","kx","u","b","i",".",".",".",".",".",".",".",".",".",".",".",".","8","1","0","2","1","1","1","3","2","0","1","1","0","0","0","1","1","1","1","0",".",".",".",".",".",".",".",".",".",".",".",".",".",".",".",".",".",".",".",".",".",".",".",".",".",".",".",".",".",".",".",".",".",".",".",".",".",".",".",".",".",".",".",".",".",".",".",".",".",".",".",".",".",".",".",".",".",".",".",".","10000000010000000","10000001","100001","1100","110","10000001","100001","10100","110","101","10000000000000001","10000001","100001","1001","101","10000001","100001","10001","101","101",".",".",".",".",".",".",".",".",".",".",".",".",".",".",".",".",".",".",".",".",".",".",".",".",".",".",".",".",".",".",".",".",".",".",".",".",".",".",".",".",".",".",".",".",".",".",".",".",".",".",".",".",".",".",".",".",".",".",".","."
"005","SY08","èZópë∫êºíáä‘","âÇî¸êºíáä‘","3","2","2","","Ç≠Ç—","ku_bi","ku_bi","kh","u","b","i",".",".",".",".",".",".",".",".",".",".",".",".","8","1","0","1","1","1","1","3","2","0","1","1","0","0","0","1","1","1","1","0",".",".",".",".",".",".",".",".",".",".",".",".",".",".",".",".",".",".",".",".",".",".",".",".",".",".",".",".",".",".",".",".",".",".",".",".",".",".",".",".",".",".",".",".",".",".",".",".",".",".",".",".",".",".",".",".",".",".",".",".","10000000010000000","10000001","100001","1010","110","10000001","100001","10100","110","101","10000000000000001","10000001","100001","1001","101","10000001","100001","10001","101","101",".",".",".",".",".",".",".",".",".",".",".",".",".",".",".",".",".",".",".",".",".",".",".",".",".",".",".",".",".",".",".",".",".",".",".",".",".",".",".",".",".",".",".",".",".",".",".",".",".",".",".",".",".",".",".",".",".",".",".","."
"006","YU18","âFåüë∫âFåü","âÇî¸âFåü","3","2","2","","Ç≠Ç—","_k_u__bi/(_k_u_bi_Å]k_u_b_)-k_u_b_/(k_u_b_z_)","k_ubi","kx","u","b","i",".",".",".",".",".",".",".",".",".",".",".",".","8","1","0","2","1","1","1","3","2","0","1","1","0","0","0","1","1","1","1","0",".",".",".",".",".",".",".",".",".",".",".",".",".",".",".",".",".",".",".",".",".",".",".",".",".",".",".",".",".",".",".",".",".",".",".",".",".",".",".",".",".",".",".",".",".",".",".",".",".",".",".",".",".",".",".",".",".",".",".",".","10000000010000000","10000001","100001","1100","110","10000001","100001","10100","110","101","10000000000000001","10000001","100001","1001","101","10000001","100001","10001","101","101",".",".",".",".",".",".",".",".",".",".",".",".",".",".",".",".",".",".",".",".",".",".",".",".",".",".",".",".",".",".",".",".",".",".",".",".",".",".",".",".",".",".",".",".",".",".",".",".",".",".",".",".",".",".",".",".",".",".",".","."
"007","AN05","ê£åÀì‡í¨ä«ì›","ê£åÀä«ì›","2","1","2","","Ç≠Ç—","k_u_p","k_u_p","kx","u","p","-1",".",".",".",".",".",".",".",".",".",".",".",".","8","1","0","2","1","1","1","3","2","0","1","1","0","0","1","-1","-1","-1","-1","-1",".",".",".",".",".",".",".",".",".",".",".",".",".",".",".",".",".",".",".",".",".",".",".",".",".",".",".",".",".",".",".",".",".",".",".",".",".",".",".",".",".",".",".",".",".",".",".",".",".",".",".",".",".",".",".",".",".",".",".",".","10000000010000000","10000001","100001","1100","110","10000001","100001","10100","110","101","10000000000000001","10000001","100001","1001","110","00000000","000000","00000","000","000",".",".",".",".",".",".",".",".",".",".",".",".",".",".",".",".",".",".",".",".",".",".",".",".",".",".",".",".",".",".",".",".",".",".",".",".",".",".",".",".",".",".",".",".",".",".",".",".",".",".",".",".",".",".",".",".",".",".",".","."
"008","AN13","ê£åÀì‡í¨ïêñº","ê£åÀïêñº","2","1","2","","Ç≠Ç—","_kup/_nub__","kup","kh","u","p","-1",".",".",".",".",".",".",".",".",".",".",".",".","8","1","0","1","1","1","1","3","2","0","1","1","0","0","1","-1","-1","-1","-1","-1",".",".",".",".",".",".",".",".",".",".",".",".",".",".",".",".",".",".",".",".",".",".",".",".",".",".",".",".",".",".",".",".",".",".",".",".",".",".",".",".",".",".",".",".",".",".",".",".",".",".",".",".",".",".",".",".",".",".",".",".","10000000010000000","10000001","100001","1010","110","10000001","100001","10100","110","101","10000000000000001","10000001","100001","1001","110","00000000","000000","00000","000","000",".",".",".",".",".",".",".",".",".",".",".",".",".",".",".",".",".",".",".",".",".",".",".",".",".",".",".",".",".",".",".",".",".",".",".",".",".",".",".",".",".",".",".",".",".",".",".",".",".",".",".",".",".",".",".",".",".",".",".","."
"009","AH14","ê£åÀì‡í¨â√ìS","ê£åÀâ√ìS","2","1","2","","Ç≠Ç—","_k_u_p","k_u_p","kx","u","p","-1",".",".",".",".",".",".",".",".",".",".",".",".","8","1","0","2","1","1","1","3","2","0","1","1","0","0","1","-1","-1","-1","-1","-1",".",".",".",".",".",".",".",".",".",".",".",".",".",".",".",".",".",".",".",".",".",".",".",".",".",".",".",".",".",".",".",".",".",".",".",".",".",".",".",".",".",".",".",".",".",".",".",".",".",".",".",".",".",".",".",".",".",".",".",".","10000000010000000","10000001","100001","1100","110","10000001","100001","10100","110","101","10000000000000001","10000001","100001","1001","110","00000000","000000","00000","000","000",".",".",".",".",".",".",".",".",".",".",".",".",".",".",".",".",".",".",".",".",".",".",".",".",".",".",".",".",".",".",".",".",".",".",".",".",".",".",".",".",".",".",".",".",".",".",".",".",".",".",".",".",".",".",".",".",".",".",".","."
"010","AH15","ê£åÀì‡í¨ìnòA","ê£åÀìnòA","2","1","2","","Ç≠Ç—","_k_up","k_up","kh","u","p","-1",".",".",".",".",".",".",".",".",".",".",".",".","8","1","0","1","1","1","1","3","2","0","1","1","0","0","1","-1","-1","-1","-1","-1",".",".",".",".",".",".",".",".",".",".",".",".",".",".",".",".",".",".",".",".",".",".",".",".",".",".",".",".",".",".",".",".",".",".",".",".",".",".",".",".",".",".",".",".",".",".",".",".",".",".",".",".",".",".",".",".",".",".",".",".","10000000010000000","10000001","100001","1010","110","10000001","100001","10100","110","101","10000000000000001","10000001","100001","1001","110","00000000","000000","00000","000","000",".",".",".",".",".",".",".",".",".",".",".",".",".",".",".",".",".",".",".",".",".",".",".",".",".",".",".",".",".",".",".",".",".",".",".",".",".",".",".",".",".",".",".",".",".",".",".",".",".",".",".",".",".",".",".",".",".",".",".","."
"011","KK01","äÏäEí¨éuåÀâ±","äÏäEéuåÀâ±","3","2","2","","Ç≠Ç—","k_u_bi","k_ubi","kx","u","b","i",".",".",".",".",".",".",".",".",".",".",".",".","8","1","0","2","1","1","1","3","2","0","1","1","0","0","0","1","1","1","1","0",".",".",".",".",".",".",".",".",".",".",".",".",".",".",".",".",".",".",".",".",".",".",".",".",".",".",".",".",".",".",".",".",".",".",".",".",".",".",".",".",".",".",".",".",".",".",".",".",".",".",".",".",".",".",".",".",".",".",".",".","10000000010000000","10000001","100001","1100","110","10000001","100001","10100","110","101","10000000000000001","10000001","100001","1001","101","10000001","100001","10001","101","101",".",".",".",".",".",".",".",".",".",".",".",".",".",".",".",".",".",".",".",".",".",".",".",".",".",".",".",".",".",".",".",".",".",".",".",".",".",".",".",".",".",".",".",".",".",".",".",".",".",".",".",".",".",".",".",".",".",".",".","."
"012","KK12","äÏäEí¨à¢ì`","äÏäEà¢ì`","3","2","2","","Ç≠Ç—","k_u_bi/nu_bi__","k_ubi","kx","u","b","i",".",".",".",".",".",".",".",".",".",".",".",".","8","1","0","2","1","1","1","3","2","0","1","1","0","0","0","1","1","1","1","0",".",".",".",".",".",".",".",".",".",".",".",".",".",".",".",".",".",".",".",".",".",".",".",".",".",".",".",".",".",".",".",".",".",".",".",".",".",".",".",".",".",".",".",".",".",".",".",".",".",".",".",".",".",".",".",".",".",".",".",".","10000000010000000","10000001","100001","1100","110","10000001","100001","10100","110","101","10000000000000001","10000001","100001","1001","101","10000001","100001","10001","101","101",".",".",".",".",".",".",".",".",".",".",".",".",".",".",".",".",".",".",".",".",".",".",".",".",".",".",".",".",".",".",".",".",".",".",".",".",".",".",".",".",".",".",".",".",".",".",".",".",".",".",".",".",".",".",".",".",".",".",".","."
"013","KK22","äÏäEí¨òp","äÏäEòp","3","2","2","","Ç≠Ç—","k_u_bi","k_ubi","kx","u","b","i",".",".",".",".",".",".",".",".",".",".",".",".","8","1","0","2","1","1","1","3","2","0","1","1","0","0","0","1","1","1","1","0",".",".",".",".",".",".",".",".",".",".",".",".",".",".",".",".",".",".",".",".",".",".",".",".",".",".",".",".",".",".",".",".",".",".",".",".",".",".",".",".",".",".",".",".",".",".",".",".",".",".",".",".",".",".",".",".",".",".",".",".","10000000010000000","10000001","100001","1100","110","10000001","100001","10100","110","101","10000000000000001","10000001","100001","1001","101","10000001","100001","10001","101","101",".",".",".",".",".",".",".",".",".",".",".",".",".",".",".",".",".",".",".",".",".",".",".",".",".",".",".",".",".",".",".",".",".",".",".",".",".",".",".",".",".",".",".",".",".",".",".",".",".",".",".",".",".",".",".",".",".",".",".","."
"014","NM04","ìVèÈí¨êÛä‘","ìøîVêÛä‘","2","1","2","","Ç≠Ç—","_ku_i","_ku_i","kx","u","-1","i",".",".",".",".",".",".",".",".",".",".",".",".","8","1","0","2","1","1","1","3","2","0","-1","-1","-1","-1","-1","1","1","1","1","0",".",".",".",".",".",".",".",".",".",".",".",".",".",".",".",".",".",".",".",".",".",".",".",".",".",".",".",".",".",".",".",".",".",".",".",".",".",".",".",".",".",".",".",".",".",".",".",".",".",".",".",".",".",".",".",".",".",".",".",".","10000000010000000","10000001","100001","1100","110","10000001","100001","10100","110","101","00000000000000000","00000000","000000","0000","000","10000001","100001","10001","101","101",".",".",".",".",".",".",".",".",".",".",".",".",".",".",".",".",".",".",".",".",".",".",".",".",".",".",".",".",".",".",".",".",".",".",".",".",".",".",".",".",".",".",".",".",".",".",".",".",".",".",".",".",".",".",".",".",".",".",".","."
"015","TH03","ìøîVìáí¨ãTìø","ìøîVãTìø","3","2","2","","Ç≠Ç—","_ku_bi","_kubi","kx","u","b","i",".",".",".",".",".",".",".",".",".",".",".",".","8","1","0","2","1","1","1","3","2","0","1","1","0","0","0","1","1","1","1","0",".",".",".",".",".",".",".",".",".",".",".",".",".",".",".",".",".",".",".",".",".",".",".",".",".",".",".",".",".",".",".",".",".",".",".",".",".",".",".",".",".",".",".",".",".",".",".",".",".",".",".",".",".",".",".",".",".",".",".",".","10000000010000000","10000001","100001","1100","110","10000001","100001","10100","110","101","10000000000000001","10000001","100001","1001","101","10000001","100001","10001","101","101",".",".",".",".",".",".",".",".",".",".",".",".",".",".",".",".",".",".",".",".",".",".",".",".",".",".",".",".",".",".",".",".",".",".",".",".",".",".",".",".",".",".",".",".",".",".",".",".",".",".",".",".",".",".",".",".",".",".",".","."
"016","OM03","à…êÂí¨à…êÂ","ìøîVà…êÂ","3","2","2","","Ç≠Ç—","_k_ubi","k_ubi","kx","u","b","i",".",".",".",".",".",".",".",".",".",".",".",".","8","1","0","2","1","1","1","3","2","0","1","1","0","0","0","1","1","1","1","0",".",".",".",".",".",".",".",".",".",".",".",".",".",".",".",".",".",".",".",".",".",".",".",".",".",".",".",".",".",".",".",".",".",".",".",".",".",".",".",".",".",".",".",".",".",".",".",".",".",".",".",".",".",".",".",".",".",".",".",".","10000000010000000","10000001","100001","1100","110","10000001","100001","10100","110","101","10000000000000001","10000001","100001","1001","101","10000001","100001","10001","101","101",".",".",".",".",".",".",".",".",".",".",".",".",".",".",".",".",".",".",".",".",".",".",".",".",".",".",".",".",".",".",".",".",".",".",".",".",".",".",".",".",".",".",".",".",".",".",".",".",".",".",".",".",".",".",".",".",".",".",".","."
"017","OK02","òaîëí¨òaîë","â´âiòaîë","4","2","3","","Ç≠Ç—","_ku_bi_","ku_bi_","kh","u","b","i",".",".",".",".",".",".",".",".",".",".",".",".","8","1","0","1","1","1","1","3","2","0","1","1","0","0","0","1","1","1","1","0",".",".",".",".",".",".",".",".",".",".",".",".",".",".",".",".",".",".",".",".",".",".",".",".",".",".",".",".",".",".",".",".",".",".",".",".",".",".",".",".",".",".",".",".",".",".",".",".",".",".",".",".",".",".",".",".",".",".",".",".","10000000010000000","10000001","100001","1010","110","10000001","100001","10100","110","101","10000000000000001","10000001","100001","1001","101","10000001","100001","10001","101","101",".",".",".",".",".",".",".",".",".",".",".",".",".",".",".",".",".",".",".",".",".",".",".",".",".",".",".",".",".",".",".",".",".",".",".",".",".",".",".",".",".",".",".",".",".",".",".",".",".",".",".",".",".",".",".",".",".",".",".","."
"018","OK06","ímñºí¨ímñº","â´âiímñº","3","2","2","","Ç≠Ç—","k_u_bi","k_u_bi","kx","u","b","i",".",".",".",".",".",".",".",".",".",".",".",".","8","1","0","2","1","1","1","3","2","0","1","1","0","0","0","1","1","1","1","0",".",".",".",".",".",".",".",".",".",".",".",".",".",".",".",".",".",".",".",".",".",".",".",".",".",".",".",".",".",".",".",".",".",".",".",".",".",".",".",".",".",".",".",".",".",".",".",".",".",".",".",".",".",".",".",".",".",".",".",".","10000000010000000","10000001","100001","1100","110","10000001","100001","10100","110","101","10000000000000001","10000001","100001","1001","101","10000001","100001","10001","101","101",".",".",".",".",".",".",".",".",".",".",".",".",".",".",".",".",".",".",".",".",".",".",".",".",".",".",".",".",".",".",".",".",".",".",".",".",".",".",".",".",".",".",".",".",".",".",".",".",".",".",".",".",".",".",".",".",".",".",".","."
"019","YR01","ó^ò_í¨íÉâ‘","ó^ò_íÉâ‘","3","2","2","","Ç≠Ç—","_kubi","kubi","k","u","b","i",".",".",".",".",".",".",".",".",".",".",".",".","8","1","0","0","1","1","1","3","2","0","1","1","0","0","0","1","1","1","1","0",".",".",".",".",".",".",".",".",".",".",".",".",".",".",".",".",".",".",".",".",".",".",".",".",".",".",".",".",".",".",".",".",".",".",".",".",".",".",".",".",".",".",".",".",".",".",".",".",".",".",".",".",".",".",".",".",".",".",".",".","10000000010000000","10000001","100001","1001","110","10000001","100001","10100","110","101","10000000000000001","10000001","100001","1001","101","10000001","100001","10001","101","101",".",".",".",".",".",".",".",".",".",".",".",".",".",".",".",".",".",".",".",".",".",".",".",".",".",".",".",".",".",".",".",".",".",".",".",".",".",".",".",".",".",".",".",".",".",".",".",".",".",".",".",".",".",".",".",".",".",".",".","."
"020","IH02","à…ïΩâÆë∫â‰äÏâÆ","à…ïΩâ‰äÏâÆ","3","2","2","","Ç≠Ç—","_k(_)ubiÅ^_ka_iÅö","_k(_)ubi","k","u","b","i",".",".",".",".",".",".",".",".",".",".",".",".","8","1","0","0","1","1","1","3","2","0","1","1","0","0","0","1","1","1","1","0",".",".",".",".",".",".",".",".",".",".",".",".",".",".",".",".",".",".",".",".",".",".",".",".",".",".",".",".",".",".",".",".",".",".",".",".",".",".",".",".",".",".",".",".",".",".",".",".",".",".",".",".",".",".",".",".",".",".",".",".","10000000010000000","10000001","100001","1001","110","10000001","100001","10100","110","101","10000000000000001","10000001","100001","1001","101","10000001","100001","10001","101","101",".",".",".",".",".",".",".",".",".",".",".",".",".",".",".",".",".",".",".",".",".",".",".",".",".",".",".",".",".",".",".",".",".",".",".",".",".",".",".",".",".",".",".",".",".",".",".",".",".",".",".",".",".",".",".",".",".",".",".","."
"021","IZ01","à…ê•ñºë∫èîå©","à…ê•èîå©","2","1","2","","Ç≠Ç—","_k_ui","_k_ui","k","u","-1","i",".",".",".",".",".",".",".",".",".",".",".",".","8","1","0","0","1","1","1","3","2","0","-1","-1","-1","-1","-1","1","1","1","1","0",".",".",".",".",".",".",".",".",".",".",".",".",".",".",".",".",".",".",".",".",".",".",".",".",".",".",".",".",".",".",".",".",".",".",".",".",".",".",".",".",".",".",".",".",".",".",".",".",".",".",".",".",".",".",".",".",".",".",".",".","10000000010000000","10000001","100001","1001","110","10000001","100001","10100","110","101","00000000000000000","00000000","000000","0000","000","10000001","100001","10001","101","101",".",".",".",".",".",".",".",".",".",".",".",".",".",".",".",".",".",".",".",".",".",".",".",".",".",".",".",".",".",".",".",".",".",".",".",".",".",".",".",".",".",".",".",".",".",".",".",".",".",".",".",".",".",".",".",".",".",".",".","."
"022","IE02","à…ç]ë∫ìåç]ëO","à…ç]ìåç]ëO","3","2","2","","Ç≠Ç—","k_u_di","k_u_di","kh","u","d","i",".",".",".",".",".",".",".",".",".",".",".",".","8","1","0","1","1","1","1","3","2","0","4","1","0","0","0","1","1","1","1","0",".",".",".",".",".",".",".",".",".",".",".",".",".",".",".",".",".",".",".",".",".",".",".",".",".",".",".",".",".",".",".",".",".",".",".",".",".",".",".",".",".",".",".",".",".",".",".",".",".",".",".",".",".",".",".",".",".",".",".",".","10000000010000000","10000001","100001","1010","110","10000001","100001","10100","110","101","10000000000001000","10000001","100001","1001","101","10000001","100001","10001","101","101",".",".",".",".",".",".",".",".",".",".",".",".",".",".",".",".",".",".",".",".",".",".",".",".",".",".",".",".",".",".",".",".",".",".",".",".",".",".",".",".",".",".",".",".",".",".",".",".",".",".",".",".",".",".",".",".",".",".",".","."
"023","KU14","çëì™ë∫ï”ìyñº","çëì™ï”ìyñº","3","2","2","","Ç≠Ç—","k_ubi","k_ubi","kx","u","b","i",".",".",".",".",".",".",".",".",".",".",".",".","8","1","0","2","1","1","1","3","2","0","1","1","0","0","0","1","1","1","1","0",".",".",".",".",".",".",".",".",".",".",".",".",".",".",".",".",".",".",".",".",".",".",".",".",".",".",".",".",".",".",".",".",".",".",".",".",".",".",".",".",".",".",".",".",".",".",".",".",".",".",".",".",".",".",".",".",".",".",".",".","10000000010000000","10000001","100001","1100","110","10000001","100001","10100","110","101","10000000000000001","10000001","100001","1001","101","10000001","100001","10001","101","101",".",".",".",".",".",".",".",".",".",".",".",".",".",".",".",".",".",".",".",".",".",".",".",".",".",".",".",".",".",".",".",".",".",".",".",".",".",".",".",".",".",".",".",".",".",".",".",".",".",".",".",".",".",".",".",".",".",".",".","."
"024","KU08","çëì™ë∫ï”ñÏäÏ","çëì™ï”ñÏäÏ","3","2","2","","Ç≠Ç—","_kubi","_kubi","k","u","b","i",".",".",".",".",".",".",".",".",".",".",".",".","8","1","0","0","1","1","1","3","2","0","1","1","0","0","0","1","1","1","1","0",".",".",".",".",".",".",".",".",".",".",".",".",".",".",".",".",".",".",".",".",".",".",".",".",".",".",".",".",".",".",".",".",".",".",".",".",".",".",".",".",".",".",".",".",".",".",".",".",".",".",".",".",".",".",".",".",".",".",".",".","10000000010000000","10000001","100001","1001","110","10000001","100001","10100","110","101","10000000000000001","10000001","100001","1001","101","10000001","100001","10001","101","101",".",".",".",".",".",".",".",".",".",".",".",".",".",".",".",".",".",".",".",".",".",".",".",".",".",".",".",".",".",".",".",".",".",".",".",".",".",".",".",".",".",".",".",".",".",".",".",".",".",".",".",".",".",".",".",".",".",".",".","."
"025","OG07","ëÂãXñ°ë∫ç™òHñ¡","ëÂãXç™òHñ¡","3","2","2","","Ç≠Ç—","k_ubi","k_ubi","k","u","b","i",".",".",".",".",".",".",".",".",".",".",".",".","8","1","0","0","1","1","1","3","2","0","1","1","0","0","0","1","1","1","1","0",".",".",".",".",".",".",".",".",".",".",".",".",".",".",".",".",".",".",".",".",".",".",".",".",".",".",".",".",".",".",".",".",".",".",".",".",".",".",".",".",".",".",".",".",".",".",".",".",".",".",".",".",".",".",".",".",".",".",".",".","10000000010000000","10000001","100001","1001","110","10000001","100001","10100","110","101","10000000000000001","10000001","100001","1001","101","10000001","100001","10001","101","101",".",".",".",".",".",".",".",".",".",".",".",".",".",".",".",".",".",".",".",".",".",".",".",".",".",".",".",".",".",".",".",".",".",".",".",".",".",".",".",".",".",".",".",".",".",".",".",".",".",".",".",".",".",".",".",".",".",".",".","."
"026","NN12","ç°ãAêmë∫ó^ìﬂó‰","ç°ãAó^ìﬂó‰","4","2","3","","Ç≠Ç—","k_u_bi_","k_u_bi_","kx","u","b","i:",".",".",".",".",".",".",".",".",".",".",".",".","8","1","0","2","1","1","1","3","2","0","1","1","0","0","0","2","1","1","1","0",".",".",".",".",".",".",".",".",".",".",".",".",".",".",".",".",".",".",".",".",".",".",".",".",".",".",".",".",".",".",".",".",".",".",".",".",".",".",".",".",".",".",".",".",".",".",".",".",".",".",".",".",".",".",".",".",".",".",".",".","10000000010000000","10000001","100001","1100","110","10000001","100001","10100","110","101","10000000000000001","10000001","100001","1001","101","10000010","100001","10001","101","101",".",".",".",".",".",".",".",".",".",".",".",".",".",".",".",".",".",".",".",".",".",".",".",".",".",".",".",".",".",".",".",".",".",".",".",".",".",".",".",".",".",".",".",".",".",".",".",".",".",".",".",".",".",".",".",".",".",".",".","."
"027","MB02","ñ{ïîí¨îıê£","ñ{ïîîıê£","3","2","2","","Ç≠Ç—","k_u_bi","k_u_bi","kx","u","b","i",".",".",".",".",".",".",".",".",".",".",".",".","8","1","0","2","1","1","1","3","2","0","1","1","0","0","0","1","1","1","1","0",".",".",".",".",".",".",".",".",".",".",".",".",".",".",".",".",".",".",".",".",".",".",".",".",".",".",".",".",".",".",".",".",".",".",".",".",".",".",".",".",".",".",".",".",".",".",".",".",".",".",".",".",".",".",".",".",".",".",".",".","10000000010000000","10000001","100001","1100","110","10000001","100001","10100","110","101","10000000000000001","10000001","100001","1001","101","10000001","100001","10001","101","101",".",".",".",".",".",".",".",".",".",".",".",".",".",".",".",".",".",".",".",".",".",".",".",".",".",".",".",".",".",".",".",".",".",".",".",".",".",".",".",".",".",".",".",".",".",".",".",".",".",".",".",".",".",".",".",".",".",".",".","."
"028","MB06","ñ{ïîí¨ïlå≥","ñ{ïîïlå≥","3","2","2","","Ç≠Ç—","k_u_bi","k_u_bi","k","u","b","i",".",".",".",".",".",".",".",".",".",".",".",".","8","1","0","0","1","1","1","3","2","0","1","1","0","0","0","1","1","1","1","0",".",".",".",".",".",".",".",".",".",".",".",".",".",".",".",".",".",".",".",".",".",".",".",".",".",".",".",".",".",".",".",".",".",".",".",".",".",".",".",".",".",".",".",".",".",".",".",".",".",".",".",".",".",".",".",".",".",".",".",".","10000000010000000","10000001","100001","1001","110","10000001","100001","10100","110","101","10000000000000001","10000001","100001","1001","101","10000001","100001","10001","101","101",".",".",".",".",".",".",".",".",".",".",".",".",".",".",".",".",".",".",".",".",".",".",".",".",".",".",".",".",".",".",".",".",".",".",".",".",".",".",".",".",".",".",".",".",".",".",".",".",".",".",".",".",".",".",".",".",".",".",".","."
"029","HJ08","ñºåÏésêÏè„","ñºåÏêÏè„","4","2","3","","Ç≠Ç—","k_u__bi_","k_u__bi_","kx","u","b","i",".",".",".",".",".",".",".",".",".",".",".",".","8","1","0","2","1","1","1","3","2","0","1","1","0","0","0","1","1","1","1","0",".",".",".",".",".",".",".",".",".",".",".",".",".",".",".",".",".",".",".",".",".",".",".",".",".",".",".",".",".",".",".",".",".",".",".",".",".",".",".",".",".",".",".",".",".",".",".",".",".",".",".",".",".",".",".",".",".",".",".",".","10000000010000000","10000001","100001","1100","110","10000001","100001","10100","110","101","10000000000000001","10000001","100001","1001","101","10000001","100001","10001","101","101",".",".",".",".",".",".",".",".",".",".",".",".",".",".",".",".",".",".",".",".",".",".",".",".",".",".",".",".",".",".",".",".",".",".",".",".",".",".",".",".",".",".",".",".",".",".",".",".",".",".",".",".",".",".",".",".",".",".",".","."
"030","NG06","ñºåÏésñºåÏ","ñºåÏëÂåì","2","1","2","","Ç≠Ç—","k_u_i","k_u_i","kx","u","-1","i",".",".",".",".",".",".",".",".",".",".",".",".","8","1","0","2","1","1","1","3","2","0","-1","-1","-1","-1","-1","1","1","1","1","0",".",".",".",".",".",".",".",".",".",".",".",".",".",".",".",".",".",".",".",".",".",".",".",".",".",".",".",".",".",".",".",".",".",".",".",".",".",".",".",".",".",".",".",".",".",".",".",".",".",".",".",".",".",".",".",".",".",".",".",".","10000000010000000","10000001","100001","1100","110","10000001","100001","10100","110","101","00000000000000000","00000000","000000","0000","000","10000001","100001","10001","101","101",".",".",".",".",".",".",".",".",".",".",".",".",".",".",".",".",".",".",".",".",".",".",".",".",".",".",".",".",".",".",".",".",".",".",".",".",".",".",".",".",".",".",".",".",".",".",".",".",".",".",".",".",".",".",".",".",".",".",".","."
"031","ON04","â∂î[ë∫â∂î[","â∂î[â∂î[","3","2","2","","Ç≠Ç—","_k_ubi","_k_ubi","kx","u","b","i",".",".",".",".",".",".",".",".",".",".",".",".","8","1","0","2","1","1","1","3","2","0","1","1","0","0","0","1","1","1","1","0",".",".",".",".",".",".",".",".",".",".",".",".",".",".",".",".",".",".",".",".",".",".",".",".",".",".",".",".",".",".",".",".",".",".",".",".",".",".",".",".",".",".",".",".",".",".",".",".",".",".",".",".",".",".",".",".",".",".",".",".","10000000010000000","10000001","100001","1100","110","10000001","100001","10100","110","101","10000000000000001","10000001","100001","1001","101","10000001","100001","10001","101","101",".",".",".",".",".",".",".",".",".",".",".",".",".",".",".",".",".",".",".",".",".",".",".",".",".",".",".",".",".",".",".",".",".",".",".",".",".",".",".",".",".",".",".",".",".",".",".",".",".",".",".",".",".",".",".",".",".",".",".","."
"032","KI06","ã‡ïêí¨ã‡ïê","ã‡ïêã‡ïê","3","2","2","","Ç≠Ç—","k_ubi","k_ubi","k","u","b","i",".",".",".",".",".",".",".",".",".",".",".",".","8","1","0","0","1","1","1","3","2","0","1","1","0","0","0","1","1","1","1","0",".",".",".",".",".",".",".",".",".",".",".",".",".",".",".",".",".",".",".",".",".",".",".",".",".",".",".",".",".",".",".",".",".",".",".",".",".",".",".",".",".",".",".",".",".",".",".",".",".",".",".",".",".",".",".",".",".",".",".",".","10000000010000000","10000001","100001","1001","110","10000001","100001","10100","110","101","10000000000000001","10000001","100001","1001","101","10000001","100001","10001","101","101",".",".",".",".",".",".",".",".",".",".",".",".",".",".",".",".",".",".",".",".",".",".",".",".",".",".",".",".",".",".",".",".",".",".",".",".",".",".",".",".",".",".",".",".",".",".",".",".",".",".",".",".",".",".",".",".",".",".",".","."
"033","YT15","ì«íJë∫å√åò","ì«íJå√åò","3","2","2","","Ç≠Ç—","ku_bi","ku_bi","k","u","b","i",".",".",".",".",".",".",".",".",".",".",".",".","8","1","0","0","1","1","1","3","2","0","1","1","0","0","0","1","1","1","1","0",".",".",".",".",".",".",".",".",".",".",".",".",".",".",".",".",".",".",".",".",".",".",".",".",".",".",".",".",".",".",".",".",".",".",".",".",".",".",".",".",".",".",".",".",".",".",".",".",".",".",".",".",".",".",".",".",".",".",".",".","10000000010000000","10000001","100001","1001","110","10000001","100001","10100","110","101","10000000000000001","10000001","100001","1001","101","10000001","100001","10001","101","101",".",".",".",".",".",".",".",".",".",".",".",".",".",".",".",".",".",".",".",".",".",".",".",".",".",".",".",".",".",".",".",".",".",".",".",".",".",".",".",".",".",".",".",".",".",".",".",".",".",".",".",".",".",".",".",".",".",".",".","."
"034","MS01","ãåêŒêÏésêŒêÏ","êŒêÏêŒêÏ","-9","-9","-9","","Ç≠Ç—","_ka_i","_ka_i","-9","-9","-9","-9",".",".",".",".",".",".",".",".",".",".",".",".","-9","-9","-9","-9","-9","-9","-9","-9","-9","-9","-9","-9","-9","-9","-9","-9","-9","-9","-9","-9",".",".",".",".",".",".",".",".",".",".",".",".",".",".",".",".",".",".",".",".",".",".",".",".",".",".",".",".",".",".",".",".",".",".",".",".",".",".",".",".",".",".",".",".",".",".",".",".",".",".",".",".",".",".",".",".",".",".",".",".","?????????????????","????????","??????","????","???","????????","??????","?????","???","???","?????????????????","????????","??????","????","???","????????","??????","?????","???","???",".",".",".",".",".",".",".",".",".",".",".",".",".",".",".",".",".",".",".",".",".",".",".",".",".",".",".",".",".",".",".",".",".",".",".",".",".",".",".",".",".",".",".",".",".",".",".",".",".",".",".",".",".",".",".",".",".",".",".","."
"035","GK07","â´ìÍéså”âÆ","â´ìÍå”âÆ","3","2","2","","Ç≠Ç—","_kubi","_kubi","k","u","b","i",".",".",".",".",".",".",".",".",".",".",".",".","8","1","0","0","1","1","1","3","2","0","1","1","0","0","0","1","1","1","1","0",".",".",".",".",".",".",".",".",".",".",".",".",".",".",".",".",".",".",".",".",".",".",".",".",".",".",".",".",".",".",".",".",".",".",".",".",".",".",".",".",".",".",".",".",".",".",".",".",".",".",".",".",".",".",".",".",".",".",".",".","10000000010000000","10000001","100001","1001","110","10000001","100001","10100","110","101","10000000000000001","10000001","100001","1001","101","10000001","100001","10001","101","101",".",".",".",".",".",".",".",".",".",".",".",".",".",".",".",".",".",".",".",".",".",".",".",".",".",".",".",".",".",".",".",".",".",".",".",".",".",".",".",".",".",".",".",".",".",".",".",".",".",".",".",".",".",".",".",".",".",".",".","."
"036","GS08","ãåãÔéuêÏésãÔéuêÏ","Ç§ÇÈãÔéuêÏ","3","2","2","","Ç≠Ç—","ku_bi","ku_bi","k","u","b","i",".",".",".",".",".",".",".",".",".",".",".",".","8","1","0","0","1","1","1","3","2","0","1","1","0","0","0","1","1","1","1","0",".",".",".",".",".",".",".",".",".",".",".",".",".",".",".",".",".",".",".",".",".",".",".",".",".",".",".",".",".",".",".",".",".",".",".",".",".",".",".",".",".",".",".",".",".",".",".",".",".",".",".",".",".",".",".",".",".",".",".",".","10000000010000000","10000001","100001","1001","110","10000001","100001","10100","110","101","10000000000000001","10000001","100001","1001","101","10000001","100001","10001","101","101",".",".",".",".",".",".",".",".",".",".",".",".",".",".",".",".",".",".",".",".",".",".",".",".",".",".",".",".",".",".",".",".",".",".",".",".",".",".",".",".",".",".",".",".",".",".",".",".",".",".",".",".",".",".",".",".",".",".",".","."
"037","YN02","ãåèüòAí¨ó^ìﬂèÈ","Ç§ÇÈó^ìﬂèÈ","3","2","2","","Ç≠Ç—","_kubi","_kubi","k","u","b","i",".",".",".",".",".",".",".",".",".",".",".",".","8","1","0","0","1","1","1","3","2","0","1","1","0","0","0","1","1","1","1","0",".",".",".",".",".",".",".",".",".",".",".",".",".",".",".",".",".",".",".",".",".",".",".",".",".",".",".",".",".",".",".",".",".",".",".",".",".",".",".",".",".",".",".",".",".",".",".",".",".",".",".",".",".",".",".",".",".",".",".",".","10000000010000000","10000001","100001","1001","110","10000001","100001","10100","110","101","10000000000000001","10000001","100001","1001","101","10000001","100001","10001","101","101",".",".",".",".",".",".",".",".",".",".",".",".",".",".",".",".",".",".",".",".",".",".",".",".",".",".",".",".",".",".",".",".",".",".",".",".",".",".",".",".",".",".",".",".",".",".",".",".",".",".",".",".",".",".",".",".",".",".",".","."
"038","YN09","ãåèüòAí¨ïΩà¿ç¿","Ç§ÇÈïΩà¿ç¿","3","2","2","","Ç≠Ç—","ku__bi","ku__bi","k","u","b","i",".",".",".",".",".",".",".",".",".",".",".",".","8","1","0","0","1","1","1","3","2","0","1","1","0","0","0","1","1","1","1","0",".",".",".",".",".",".",".",".",".",".",".",".",".",".",".",".",".",".",".",".",".",".",".",".",".",".",".",".",".",".",".",".",".",".",".",".",".",".",".",".",".",".",".",".",".",".",".",".",".",".",".",".",".",".",".",".",".",".",".",".","10000000010000000","10000001","100001","1001","110","10000001","100001","10100","110","101","10000000000000001","10000001","100001","1001","101","10000001","100001","10001","101","101",".",".",".",".",".",".",".",".",".",".",".",".",".",".",".",".",".",".",".",".",".",".",".",".",".",".",".",".",".",".",".",".",".",".",".",".",".",".",".",".",".",".",".",".",".",".",".",".",".",".",".",".",".",".",".",".",".",".",".","."
"039","CT12","ñkíJí¨ñkíJ","ñkíJñkíJ","3","2","2","","Ç≠Ç—","ku_bi","ku_bi","k","u","b","i",".",".",".",".",".",".",".",".",".",".",".",".","8","1","0","0","1","1","1","3","2","0","1","1","0","0","0","1","1","1","1","0",".",".",".",".",".",".",".",".",".",".",".",".",".",".",".",".",".",".",".",".",".",".",".",".",".",".",".",".",".",".",".",".",".",".",".",".",".",".",".",".",".",".",".",".",".",".",".",".",".",".",".",".",".",".",".",".",".",".",".",".","10000000010000000","10000001","100001","1001","110","10000001","100001","10100","110","101","10000000000000001","10000001","100001","1001","101","10000001","100001","10001","101","101",".",".",".",".",".",".",".",".",".",".",".",".",".",".",".",".",".",".",".",".",".",".",".",".",".",".",".",".",".",".",".",".",".",".",".",".",".",".",".",".",".",".",".",".",".",".",".",".",".",".",".",".",".",".",".",".",".",".",".","."
"040","NK17","íÜèÈë∫âÆãX","ñkíÜâÆãX","3","2","2","","Ç≠Ç—","ku_bi","ku_bi","k","u","b","i",".",".",".",".",".",".",".",".",".",".",".",".","8","1","0","0","1","1","1","3","2","0","1","1","0","0","0","1","1","1","1","0",".",".",".",".",".",".",".",".",".",".",".",".",".",".",".",".",".",".",".",".",".",".",".",".",".",".",".",".",".",".",".",".",".",".",".",".",".",".",".",".",".",".",".",".",".",".",".",".",".",".",".",".",".",".",".",".",".",".",".",".","10000000010000000","10000001","100001","1001","110","10000001","100001","10100","110","101","10000000000000001","10000001","100001","1001","101","10000001","100001","10001","101","101",".",".",".",".",".",".",".",".",".",".",".",".",".",".",".",".",".",".",".",".",".",".",".",".",".",".",".",".",".",".",".",".",".",".",".",".",".",".",".",".",".",".",".",".",".",".",".",".",".",".",".",".",".",".",".",".",".",".",".","."
"041","GW01","ãXñÏòpésïÅìVä‘","ãXòpïÅìVä‘","3","2","2","","Ç≠Ç—","_kubi","_kubi","k","u","b","i",".",".",".",".",".",".",".",".",".",".",".",".","8","1","0","0","1","1","1","3","2","0","1","1","0","0","0","1","1","1","1","0",".",".",".",".",".",".",".",".",".",".",".",".",".",".",".",".",".",".",".",".",".",".",".",".",".",".",".",".",".",".",".",".",".",".",".",".",".",".",".",".",".",".",".",".",".",".",".",".",".",".",".",".",".",".",".",".",".",".",".",".","10000000010000000","10000001","100001","1001","110","10000001","100001","10100","110","101","10000000000000001","10000001","100001","1001","101","10000001","100001","10001","101","101",".",".",".",".",".",".",".",".",".",".",".",".",".",".",".",".",".",".",".",".",".",".",".",".",".",".",".",".",".",".",".",".",".",".",".",".",".",".",".",".",".",".",".",".",".",".",".",".",".",".",".",".",".",".",".",".",".",".",".","."
"042","GW06","ãXñÏòpésëÂéR","ãXòpëÂéR","3","2","2","","Ç≠Ç—","_kubi","_kubi","k","u","b","i",".",".",".",".",".",".",".",".",".",".",".",".","8","1","0","0","1","1","1","3","2","0","1","1","0","0","0","1","1","1","1","0",".",".",".",".",".",".",".",".",".",".",".",".",".",".",".",".",".",".",".",".",".",".",".",".",".",".",".",".",".",".",".",".",".",".",".",".",".",".",".",".",".",".",".",".",".",".",".",".",".",".",".",".",".",".",".",".",".",".",".",".","10000000010000000","10000001","100001","1001","110","10000001","100001","10100","110","101","10000000000000001","10000001","100001","1001","101","10000001","100001","10001","101","101",".",".",".",".",".",".",".",".",".",".",".",".",".",".",".",".",".",".",".",".",".",".",".",".",".",".",".",".",".",".",".",".",".",".",".",".",".",".",".",".",".",".",".",".",".",".",".",".",".",".",".",".",".",".",".",".",".",".",".","."
"043","US06","âYìYésà¿îgíÉ","âYìYà¿îgíÉ","3","2","2","","Ç≠Ç—","ku_bi","ku_bi","k","u","b","i",".",".",".",".",".",".",".",".",".",".",".",".","8","1","0","0","1","1","1","3","2","0","1","1","0","0","0","1","1","1","1","0",".",".",".",".",".",".",".",".",".",".",".",".",".",".",".",".",".",".",".",".",".",".",".",".",".",".",".",".",".",".",".",".",".",".",".",".",".",".",".",".",".",".",".",".",".",".",".",".",".",".",".",".",".",".",".",".",".",".",".",".","10000000010000000","10000001","100001","1001","110","10000001","100001","10100","110","101","10000000000000001","10000001","100001","1001","101","10000001","100001","10001","101","101",".",".",".",".",".",".",".",".",".",".",".",".",".",".",".",".",".",".",".",".",".",".",".",".",".",".",".",".",".",".",".",".",".",".",".",".",".",".",".",".",".",".",".",".",".",".",".",".",".",".",".",".",".",".",".",".",".",".",".","."
"044","NH10","êºå¥í¨è¨îgí√","êºå¥è¨îgí√","3","2","2","","Ç≠Ç—","_ku__bi","_ku__bi","k","u","b","i",".",".",".",".",".",".",".",".",".",".",".",".","8","1","0","0","1","1","1","3","2","0","1","1","0","0","0","1","1","1","1","0",".",".",".",".",".",".",".",".",".",".",".",".",".",".",".",".",".",".",".",".",".",".",".",".",".",".",".",".",".",".",".",".",".",".",".",".",".",".",".",".",".",".",".",".",".",".",".",".",".",".",".",".",".",".",".",".",".",".",".",".","10000000010000000","10000001","100001","1001","110","10000001","100001","10100","110","101","10000000000000001","10000001","100001","1001","101","10000001","100001","10001","101","101",".",".",".",".",".",".",".",".",".",".",".",".",".",".",".",".",".",".",".",".",".",".",".",".",".",".",".",".",".",".",".",".",".",".",".",".",".",".",".",".",".",".",".",".",".",".",".",".",".",".",".",".",".",".",".",".",".",".",".","."
"045","NK25","èüòAí¨í√åò","Ç§ÇÈí√åò","3","2","2","","Ç≠Ç—","k_u_bi","k_u_bi","k","u","b","i",".",".",".",".",".",".",".",".",".",".",".",".","8","1","0","0","1","1","1","3","2","0","1","1","0","0","0","1","1","1","1","0",".",".",".",".",".",".",".",".",".",".",".",".",".",".",".",".",".",".",".",".",".",".",".",".",".",".",".",".",".",".",".",".",".",".",".",".",".",".",".",".",".",".",".",".",".",".",".",".",".",".",".",".",".",".",".",".",".",".",".",".","10000000010000000","10000001","100001","1001","110","10000001","100001","10100","110","101","10000000000000001","10000001","100001","1001","101","10000001","100001","10001","101","101",".",".",".",".",".",".",".",".",".",".",".",".",".",".",".",".",".",".",".",".",".",".",".",".",".",".",".",".",".",".",".",".",".",".",".",".",".",".",".",".",".",".",".",".",".",".",".",".",".",".",".",".",".",".",".",".",".",".",".","."
"046","MW03","ìﬂîeéséÒó¢ìñë†émë∞","ìﬂîeìñë†ém","3","2","2","","Ç≠Ç—","ku_bi","ku_bi","k","u","b","i",".",".",".",".",".",".",".",".",".",".",".",".","8","1","0","0","1","1","1","3","2","0","1","1","0","0","0","1","1","1","1","0",".",".",".",".",".",".",".",".",".",".",".",".",".",".",".",".",".",".",".",".",".",".",".",".",".",".",".",".",".",".",".",".",".",".",".",".",".",".",".",".",".",".",".",".",".",".",".",".",".",".",".",".",".",".",".",".",".",".",".",".","10000000010000000","10000001","100001","1001","110","10000001","100001","10100","110","101","10000000000000001","10000001","100001","1001","101","10000001","100001","10001","101","101",".",".",".",".",".",".",".",".",".",".",".",".",".",".",".",".",".",".",".",".",".",".",".",".",".",".",".",".",".",".",".",".",".",".",".",".",".",".",".",".",".",".",".",".",".",".",".",".",".",".",".",".",".",".",".",".",".",".",".","."
"047","MW04","ìﬂîeéséÒó¢ìñë†","ìﬂîeìñë†ïΩ","3","2","2","","Ç≠Ç—","ku_bi","ku_bi","k","u","b","i",".",".",".",".",".",".",".",".",".",".",".",".","8","1","0","0","1","1","1","3","2","0","1","1","0","0","0","1","1","1","1","0",".",".",".",".",".",".",".",".",".",".",".",".",".",".",".",".",".",".",".",".",".",".",".",".",".",".",".",".",".",".",".",".",".",".",".",".",".",".",".",".",".",".",".",".",".",".",".",".",".",".",".",".",".",".",".",".",".",".",".",".","10000000010000000","10000001","100001","1001","110","10000001","100001","10100","110","101","10000000000000001","10000001","100001","1001","101","10000001","100001","10001","101","101",".",".",".",".",".",".",".",".",".",".",".",".",".",".",".",".",".",".",".",".",".",".",".",".",".",".",".",".",".",".",".",".",".",".",".",".",".",".",".",".",".",".",".",".",".",".",".",".",".",".",".",".",".",".",".",".",".",".",".","."
"048","MW12","ìﬂîeésêÚçËémë∞","ìﬂîeêÚçËém","3","2","2","","Ç≠Ç—","kubi","kubi","k","u","b","i",".",".",".",".",".",".",".",".",".",".",".",".","8","1","0","0","1","1","1","3","2","0","1","1","0","0","0","1","1","1","1","0",".",".",".",".",".",".",".",".",".",".",".",".",".",".",".",".",".",".",".",".",".",".",".",".",".",".",".",".",".",".",".",".",".",".",".",".",".",".",".",".",".",".",".",".",".",".",".",".",".",".",".",".",".",".",".",".",".",".",".",".","10000000010000000","10000001","100001","1001","110","10000001","100001","10100","110","101","10000000000000001","10000001","100001","1001","101","10000001","100001","10001","101","101",".",".",".",".",".",".",".",".",".",".",".",".",".",".",".",".",".",".",".",".",".",".",".",".",".",".",".",".",".",".",".",".",".",".",".",".",".",".",".",".",".",".",".",".",".",".",".",".",".",".",".",".",".",".",".",".",".",".",".","."
"049","MW13","ìﬂîeésêÚçË","ìﬂîeêÚçËïΩ","3","2","2","","Ç≠Ç—","kubi","kubi","k","u","b","i",".",".",".",".",".",".",".",".",".",".",".",".","8","1","0","0","1","1","1","3","2","0","1","1","0","0","0","1","1","1","1","0",".",".",".",".",".",".",".",".",".",".",".",".",".",".",".",".",".",".",".",".",".",".",".",".",".",".",".",".",".",".",".",".",".",".",".",".",".",".",".",".",".",".",".",".",".",".",".",".",".",".",".",".",".",".",".",".",".",".",".",".","10000000010000000","10000001","100001","1001","110","10000001","100001","10100","110","101","10000000000000001","10000001","100001","1001","101","10000001","100001","10001","101","101",".",".",".",".",".",".",".",".",".",".",".",".",".",".",".",".",".",".",".",".",".",".",".",".",".",".",".",".",".",".",".",".",".",".",".",".",".",".",".",".",".",".",".",".",".",".",".",".",".",".",".",".",".",".",".",".",".",".",".","."
"050","MW09","ìﬂîeésà¿ó¢","ìﬂîeà¿ó¢","3","2","2","","Ç≠Ç—","ku_bi","ku_bi","k","u","b","i",".",".",".",".",".",".",".",".",".",".",".",".","8","1","0","0","1","1","1","3","2","0","1","1","0","0","0","1","1","1","1","0",".",".",".",".",".",".",".",".",".",".",".",".",".",".",".",".",".",".",".",".",".",".",".",".",".",".",".",".",".",".",".",".",".",".",".",".",".",".",".",".",".",".",".",".",".",".",".",".",".",".",".",".",".",".",".",".",".",".",".",".","10000000010000000","10000001","100001","1001","110","10000001","100001","10100","110","101","10000000000000001","10000001","100001","1001","101","10000001","100001","10001","101","101",".",".",".",".",".",".",".",".",".",".",".",".",".",".",".",".",".",".",".",".",".",".",".",".",".",".",".",".",".",".",".",".",".",".",".",".",".",".",".",".",".",".",".",".",".",".",".",".",".",".",".",".",".",".",".",".",".",".",".","."
"051","HB04","ìÏïóå¥í¨åìèÈ","ìÏïóåìèÈ","3","2","2","","Ç≠Ç—","_kubi","_kubi","k","u","b","i",".",".",".",".",".",".",".",".",".",".",".",".","8","1","0","0","1","1","1","3","2","0","1","1","0","0","0","1","1","1","1","0",".",".",".",".",".",".",".",".",".",".",".",".",".",".",".",".",".",".",".",".",".",".",".",".",".",".",".",".",".",".",".",".",".",".",".",".",".",".",".",".",".",".",".",".",".",".",".",".",".",".",".",".",".",".",".",".",".",".",".",".","10000000010000000","10000001","100001","1001","110","10000001","100001","10100","110","101","10000000000000001","10000001","100001","1001","101","10000001","100001","10001","101","101",".",".",".",".",".",".",".",".",".",".",".",".",".",".",".",".",".",".",".",".",".",".",".",".",".",".",".",".",".",".",".",".",".",".",".",".",".",".",".",".",".",".",".",".",".",".",".",".",".",".",".",".",".",".",".",".",".",".",".","."
"052","OZ02","ó^ìﬂå¥í¨ó^ìﬂå¥","ó^ìﬂó^ìﬂå¥","3","2","2","","Ç≠Ç—","ku_bi","ku_bi","k","u","b","i",".",".",".",".",".",".",".",".",".",".",".",".","8","1","0","0","1","1","1","3","2","0","1","1","0","0","0","1","1","1","1","0",".",".",".",".",".",".",".",".",".",".",".",".",".",".",".",".",".",".",".",".",".",".",".",".",".",".",".",".",".",".",".",".",".",".",".",".",".",".",".",".",".",".",".",".",".",".",".",".",".",".",".",".",".",".",".",".",".",".",".",".","10000000010000000","10000001","100001","1001","110","10000001","100001","10100","110","101","10000000000000001","10000001","100001","1001","101","10000001","100001","10001","101","101",".",".",".",".",".",".",".",".",".",".",".",".",".",".",".",".",".",".",".",".",".",".",".",".",".",".",".",".",".",".",".",".",".",".",".",".",".",".",".",".",".",".",".",".",".",".",".",".",".",".",".",".",".",".",".",".",".",".",".","."
"053","OZ05","ãåëÂó¢ë∫å√åò2","ìÏèÈå√åò2","3","2","2","","Ç≠Ç—","kubi_","kubi_","k","u","b","i",".",".",".",".",".",".",".",".",".",".",".",".","8","1","0","0","1","1","1","3","2","0","1","1","0","0","0","1","1","1","1","0",".",".",".",".",".",".",".",".",".",".",".",".",".",".",".",".",".",".",".",".",".",".",".",".",".",".",".",".",".",".",".",".",".",".",".",".",".",".",".",".",".",".",".",".",".",".",".",".",".",".",".",".",".",".",".",".",".",".",".",".","10000000010000000","10000001","100001","1001","110","10000001","100001","10100","110","101","10000000000000001","10000001","100001","1001","101","10000001","100001","10001","101","101",".",".",".",".",".",".",".",".",".",".",".",".",".",".",".",".",".",".",".",".",".",".",".",".",".",".",".",".",".",".",".",".",".",".",".",".",".",".",".",".",".",".",".",".",".",".",".",".",".",".",".",".",".",".",".",".",".",".",".","."
"054","SS05","ãåç≤ï~í¨ç≤ï~","ìÏèÈç≤ï~","3","2","2","","Ç≠Ç—","_kubi","_kubi","k","u","b","i",".",".",".",".",".",".",".",".",".",".",".",".","8","1","0","0","1","1","1","3","2","0","1","1","0","0","0","1","1","1","1","0",".",".",".",".",".",".",".",".",".",".",".",".",".",".",".",".",".",".",".",".",".",".",".",".",".",".",".",".",".",".",".",".",".",".",".",".",".",".",".",".",".",".",".",".",".",".",".",".",".",".",".",".",".",".",".",".",".",".",".",".","10000000010000000","10000001","100001","1001","110","10000001","100001","10100","110","101","10000000000000001","10000001","100001","1001","101","10000001","100001","10001","101","101",".",".",".",".",".",".",".",".",".",".",".",".",".",".",".",".",".",".",".",".",".",".",".",".",".",".",".",".",".",".",".",".",".",".",".",".",".",".",".",".",".",".",".",".",".",".",".",".",".",".",".",".",".",".",".",".",".",".",".","."
"055","CN05","ãåímîOë∫ímîO","ìÏèÈímîO","3","2","2","","Ç≠Ç—","ku_bi","ku_bi","k","u","b","i",".",".",".",".",".",".",".",".",".",".",".",".","8","1","0","0","1","1","1","3","2","0","1","1","0","0","0","1","1","1","1","0",".",".",".",".",".",".",".",".",".",".",".",".",".",".",".",".",".",".",".",".",".",".",".",".",".",".",".",".",".",".",".",".",".",".",".",".",".",".",".",".",".",".",".",".",".",".",".",".",".",".",".",".",".",".",".",".",".",".",".",".","10000000010000000","10000001","100001","1001","110","10000001","100001","10100","110","101","10000000000000001","10000001","100001","1001","101","10000001","100001","10001","101","101",".",".",".",".",".",".",".",".",".",".",".",".",".",".",".",".",".",".",".",".",".",".",".",".",".",".",".",".",".",".",".",".",".",".",".",".",".",".",".",".",".",".",".",".",".",".",".",".",".",".",".",".",".",".",".",".",".",".",".","."
"056","CN08","ãåímîOë∫ãvçÇ","ìÏèÈãvçÇ","3","2","2","","Ç≠Ç—","_kubi","kubi","k","u","b","i",".",".",".",".",".",".",".",".",".",".",".",".","8","1","0","0","1","1","1","3","2","0","1","1","0","0","0","1","1","1","1","0",".",".",".",".",".",".",".",".",".",".",".",".",".",".",".",".",".",".",".",".",".",".",".",".",".",".",".",".",".",".",".",".",".",".",".",".",".",".",".",".",".",".",".",".",".",".",".",".",".",".",".",".",".",".",".",".",".",".",".",".","10000000010000000","10000001","100001","1001","110","10000001","100001","10100","110","101","10000000000000001","10000001","100001","1001","101","10000001","100001","10001","101","101",".",".",".",".",".",".",".",".",".",".",".",".",".",".",".",".",".",".",".",".",".",".",".",".",".",".",".",".",".",".",".",".",".",".",".",".",".",".",".",".",".",".",".",".",".",".",".",".",".",".",".",".",".",".",".",".",".",".",".","."
"057","TM03","ãåã èÈë∫ã èÈ","ìÏèÈã èÈ","3","2","2","","Ç≠Ç—","ku_bi","ku_bi","k","u","b","i",".",".",".",".",".",".",".",".",".",".",".",".","8","1","0","0","1","1","1","3","2","0","1","1","0","0","0","1","1","1","1","0",".",".",".",".",".",".",".",".",".",".",".",".",".",".",".",".",".",".",".",".",".",".",".",".",".",".",".",".",".",".",".",".",".",".",".",".",".",".",".",".",".",".",".",".",".",".",".",".",".",".",".",".",".",".",".",".",".",".",".",".","10000000010000000","10000001","100001","1001","110","10000001","100001","10100","110","101","10000000000000001","10000001","100001","1001","101","10000001","100001","10001","101","101",".",".",".",".",".",".",".",".",".",".",".",".",".",".",".",".",".",".",".",".",".",".",".",".",".",".",".",".",".",".",".",".",".",".",".",".",".",".",".",".",".",".",".",".",".",".",".",".",".",".",".",".",".",".",".",".",".",".",".","."
"058","TM07","ãåã èÈë∫éÖêî","ìÏèÈéÖêî","3","2","2","","Ç≠Ç—","ku_bi","ku_bi","k","u","b","i",".",".",".",".",".",".",".",".",".",".",".",".","8","1","0","0","1","1","1","3","2","0","1","1","0","0","0","1","1","1","1","0",".",".",".",".",".",".",".",".",".",".",".",".",".",".",".",".",".",".",".",".",".",".",".",".",".",".",".",".",".",".",".",".",".",".",".",".",".",".",".",".",".",".",".",".",".",".",".",".",".",".",".",".",".",".",".",".",".",".",".",".","10000000010000000","10000001","100001","1001","110","10000001","100001","10100","110","101","10000000000000001","10000001","100001","1001","101","10000001","100001","10001","101","101",".",".",".",".",".",".",".",".",".",".",".",".",".",".",".",".",".",".",".",".",".",".",".",".",".",".",".",".",".",".",".",".",".",".",".",".",".",".",".",".",".",".",".",".",".",".",".",".",".",".",".",".",".",".",".",".",".",".",".","."
"059","GC02","ãåãÔéuì™ë∫ãÔéuì™","î™èdãÔéuì™","3","2","2","","Ç≠Ç—","ku_bi","ku_bi","k","u","b","i",".",".",".",".",".",".",".",".",".",".",".",".","8","1","0","0","1","1","1","3","2","0","1","1","0","0","0","1","1","1","1","0",".",".",".",".",".",".",".",".",".",".",".",".",".",".",".",".",".",".",".",".",".",".",".",".",".",".",".",".",".",".",".",".",".",".",".",".",".",".",".",".",".",".",".",".",".",".",".",".",".",".",".",".",".",".",".",".",".",".",".",".","10000000010000000","10000001","100001","1001","110","10000001","100001","10100","110","101","10000000000000001","10000001","100001","1001","101","10000001","100001","10001","101","101",".",".",".",".",".",".",".",".",".",".",".",".",".",".",".",".",".",".",".",".",".",".",".",".",".",".",".",".",".",".",".",".",".",".",".",".",".",".",".",".",".",".",".",".",".",".",".",".",".",".",".",".",".",".",".",".",".",".",".","."
"060","KD02","ãåìåïóïΩí¨óFäÒ","î™èdóFäÒ","3","2","2","","Ç≠Ç—","ku_bi","ku_bi","k","u","b","i",".",".",".",".",".",".",".",".",".",".",".",".","8","1","0","0","1","1","1","3","2","0","1","1","0","0","0","1","1","1","1","0",".",".",".",".",".",".",".",".",".",".",".",".",".",".",".",".",".",".",".",".",".",".",".",".",".",".",".",".",".",".",".",".",".",".",".",".",".",".",".",".",".",".",".",".",".",".",".",".",".",".",".",".",".",".",".",".",".",".",".",".","10000000010000000","10000001","100001","1001","110","10000001","100001","10100","110","101","10000000000000001","10000001","100001","1001","101","10000001","100001","10001","101","101",".",".",".",".",".",".",".",".",".",".",".",".",".",".",".",".",".",".",".",".",".",".",".",".",".",".",".",".",".",".",".",".",".",".",".",".",".",".",".",".",".",".",".",".",".",".",".",".",".",".",".",".",".",".",".",".",".",".",".","."
"061","MN03","éÖñûésïƒê{","éÖñûïƒê{","3","2","2","","Ç≠Ç—","ku__bi","ku__bi","k","u","b","i",".",".",".",".",".",".",".",".",".",".",".",".","8","1","0","0","1","1","1","3","2","0","1","1","0","0","0","1","1","1","1","0",".",".",".",".",".",".",".",".",".",".",".",".",".",".",".",".",".",".",".",".",".",".",".",".",".",".",".",".",".",".",".",".",".",".",".",".",".",".",".",".",".",".",".",".",".",".",".",".",".",".",".",".",".",".",".",".",".",".",".",".","10000000010000000","10000001","100001","1001","110","10000001","100001","10100","110","101","10000000000000001","10000001","100001","1001","101","10000001","100001","10001","101","101",".",".",".",".",".",".",".",".",".",".",".",".",".",".",".",".",".",".",".",".",".",".",".",".",".",".",".",".",".",".",".",".",".",".",".",".",".",".",".",".",".",".",".",".",".",".",".",".",".",".",".",".",".",".",".",".",".",".",".","."
"062","KY02","éÖñûésäÏâÆïê","éÖñûäÏâÆïê","3","2","2","","Ç≠Ç—","kubi","kubi","k","u","b","i",".",".",".",".",".",".",".",".",".",".",".",".","8","1","0","0","1","1","1","3","2","0","1","1","0","0","0","1","1","1","1","0",".",".",".",".",".",".",".",".",".",".",".",".",".",".",".",".",".",".",".",".",".",".",".",".",".",".",".",".",".",".",".",".",".",".",".",".",".",".",".",".",".",".",".",".",".",".",".",".",".",".",".",".",".",".",".",".",".",".",".",".","10000000010000000","10000001","100001","1001","110","10000001","100001","10100","110","101","10000000000000001","10000001","100001","1001","101","10000001","100001","10001","101","101",".",".",".",".",".",".",".",".",".",".",".",".",".",".",".",".",".",".",".",".",".",".",".",".",".",".",".",".",".",".",".",".",".",".",".",".",".",".",".",".",".",".",".",".",".",".",".",".",".",".",".",".",".",".",".",".",".",".",".","."
"063","MK07","éÖñûésê^ï«","éÖñûê^ï«","3","2","2","","Ç≠Ç—","ku_bi","ku_bi","k","u","b","i",".",".",".",".",".",".",".",".",".",".",".",".","8","1","0","0","1","1","1","3","2","0","1","1","0","0","0","1","1","1","1","0",".",".",".",".",".",".",".",".",".",".",".",".",".",".",".",".",".",".",".",".",".",".",".",".",".",".",".",".",".",".",".",".",".",".",".",".",".",".",".",".",".",".",".",".",".",".",".",".",".",".",".",".",".",".",".",".",".",".",".",".","10000000010000000","10000001","100001","1001","110","10000001","100001","10100","110","101","10000000000000001","10000001","100001","1001","101","10000001","100001","10001","101","101",".",".",".",".",".",".",".",".",".",".",".",".",".",".",".",".",".",".",".",".",".",".",".",".",".",".",".",".",".",".",".",".",".",".",".",".",".",".",".",".",".",".",".",".",".",".",".",".",".",".",".",".",".",".",".",".",".",".",".","."
"064","TK04","éÖñûésçëãg","éÖñûçëãg","3","2","2","","Ç≠Ç—","ku__bi","ku__bi","k","u","b","i",".",".",".",".",".",".",".",".",".",".",".",".","8","1","0","0","1","1","1","3","2","0","1","1","0","0","0","1","1","1","1","0",".",".",".",".",".",".",".",".",".",".",".",".",".",".",".",".",".",".",".",".",".",".",".",".",".",".",".",".",".",".",".",".",".",".",".",".",".",".",".",".",".",".",".",".",".",".",".",".",".",".",".",".",".",".",".",".",".",".",".",".","10000000010000000","10000001","100001","1001","110","10000001","100001","10100","110","101","10000000000000001","10000001","100001","1001","101","10000001","100001","10001","101","101",".",".",".",".",".",".",".",".",".",".",".",".",".",".",".",".",".",".",".",".",".",".",".",".",".",".",".",".",".",".",".",".",".",".",".",".",".",".",".",".",".",".",".",".",".",".",".",".",".",".",".",".",".",".",".",".",".",".",".","."
"065","KN07","éÖñûésåìèÈ","éÖñûåìèÈ","3","2","2","","Ç≠Ç—","ku_bi","ku_bi","k","u","b","i",".",".",".",".",".",".",".",".",".",".",".",".","8","1","0","0","1","1","1","3","2","0","1","1","0","0","0","1","1","1","1","0",".",".",".",".",".",".",".",".",".",".",".",".",".",".",".",".",".",".",".",".",".",".",".",".",".",".",".",".",".",".",".",".",".",".",".",".",".",".",".",".",".",".",".",".",".",".",".",".",".",".",".",".",".",".",".",".",".",".",".",".","10000000010000000","10000001","100001","1001","110","10000001","100001","10100","110","101","10000000000000001","10000001","100001","1001","101","10000001","100001","10001","101","101",".",".",".",".",".",".",".",".",".",".",".",".",".",".",".",".",".",".",".",".",".",".",".",".",".",".",".",".",".",".",".",".",".",".",".",".",".",".",".",".",".",".",".",".",".",".",".",".",".",".",".",".",".",".",".",".",".",".",".","."
"066","TG17","ñLå©èÈë∫ï€âhñŒ","ñLå©ï€âhñŒ","3","2","2","","Ç≠Ç—","ku_bi","ku_bi","k","u","b","i",".",".",".",".",".",".",".",".",".",".",".",".","8","1","0","0","1","1","1","3","2","0","1","1","0","0","0","1","1","1","1","0",".",".",".",".",".",".",".",".",".",".",".",".",".",".",".",".",".",".",".",".",".",".",".",".",".",".",".",".",".",".",".",".",".",".",".",".",".",".",".",".",".",".",".",".",".",".",".",".",".",".",".",".",".",".",".",".",".",".",".",".","10000000010000000","10000001","100001","1001","110","10000001","100001","10100","110","101","10000000000000001","10000001","100001","1001","101","10000001","100001","10001","101","101",".",".",".",".",".",".",".",".",".",".",".",".",".",".",".",".",".",".",".",".",".",".",".",".",".",".",".",".",".",".",".",".",".",".",".",".",".",".",".",".",".",".",".",".",".",".",".",".",".",".",".",".",".",".",".",".",".",".",".","."
"067","OR02","ìﬂîeésè¨ò\à¿éüó‰","ìﬂîeà¿éüó‰","3","2","2","","Ç≠Ç—","ku_bi","ku_bi","k","u","b","i",".",".",".",".",".",".",".",".",".",".",".",".","8","1","0","0","1","1","1","3","2","0","1","1","0","0","0","1","1","1","1","0",".",".",".",".",".",".",".",".",".",".",".",".",".",".",".",".",".",".",".",".",".",".",".",".",".",".",".",".",".",".",".",".",".",".",".",".",".",".",".",".",".",".",".",".",".",".",".",".",".",".",".",".",".",".",".",".",".",".",".",".","10000000010000000","10000001","100001","1001","110","10000001","100001","10100","110","101","10000000000000001","10000001","100001","1001","101","10000001","100001","10001","101","101",".",".",".",".",".",".",".",".",".",".",".",".",".",".",".",".",".",".",".",".",".",".",".",".",".",".",".",".",".",".",".",".",".",".",".",".",".",".",".",".",".",".",".",".",".",".",".",".",".",".",".",".",".",".",".",".",".",".",".","."
"068","TO02","ìnâ√ï~ë∫à¢îgòA","ìnâ√à¢îgòA","3","2","2","","Ç≠Ç—","ku_bi","ku_bi","k","u","b","i",".",".",".",".",".",".",".",".",".",".",".",".","8","1","0","0","1","1","1","3","2","0","1","1","0","0","0","1","1","1","1","0",".",".",".",".",".",".",".",".",".",".",".",".",".",".",".",".",".",".",".",".",".",".",".",".",".",".",".",".",".",".",".",".",".",".",".",".",".",".",".",".",".",".",".",".",".",".",".",".",".",".",".",".",".",".",".",".",".",".",".",".","10000000010000000","10000001","100001","1001","110","10000001","100001","10100","110","101","10000000000000001","10000001","100001","1001","101","10000001","100001","10001","101","101",".",".",".",".",".",".",".",".",".",".",".",".",".",".",".",".",".",".",".",".",".",".",".",".",".",".",".",".",".",".",".",".",".",".",".",".",".",".",".",".",".",".",".",".",".",".",".",".",".",".",".",".",".",".",".",".",".",".",".","."
"069","ZM04","ç¿ä‘ñ°ë∫à¢â√","ç¿ä‘à¢â√","3","2","2","","Ç≠Ç—","_kubi","_kubi","k","u","b","i",".",".",".",".",".",".",".",".",".",".",".",".","8","1","0","0","1","1","1","3","2","0","1","1","0","0","0","1","1","1","1","0",".",".",".",".",".",".",".",".",".",".",".",".",".",".",".",".",".",".",".",".",".",".",".",".",".",".",".",".",".",".",".",".",".",".",".",".",".",".",".",".",".",".",".",".",".",".",".",".",".",".",".",".",".",".",".",".",".",".",".",".","10000000010000000","10000001","100001","1001","110","10000001","100001","10100","110","101","10000000000000001","10000001","100001","1001","101","10000001","100001","10001","101","101",".",".",".",".",".",".",".",".",".",".",".",".",".",".",".",".",".",".",".",".",".",".",".",".",".",".",".",".",".",".",".",".",".",".",".",".",".",".",".",".",".",".",".",".",".",".",".",".",".",".",".",".",".",".",".",".",".",".",".","."
"070","AG01","àæçëë∫àæçëïl","àæçëïl","3","2","2","","Ç≠Ç—","_kubi","_kubi","k","u","b","i",".",".",".",".",".",".",".",".",".",".",".",".","8","1","0","0","1","1","1","3","2","0","1","1","0","0","0","1","1","1","1","0",".",".",".",".",".",".",".",".",".",".",".",".",".",".",".",".",".",".",".",".",".",".",".",".",".",".",".",".",".",".",".",".",".",".",".",".",".",".",".",".",".",".",".",".",".",".",".",".",".",".",".",".",".",".",".",".",".",".",".",".","10000000010000000","10000001","100001","1001","110","10000001","100001","10100","110","101","10000000000000001","10000001","100001","1001","101","10000001","100001","10001","101","101",".",".",".",".",".",".",".",".",".",".",".",".",".",".",".",".",".",".",".",".",".",".",".",".",".",".",".",".",".",".",".",".",".",".",".",".",".",".",".",".",".",".",".",".",".",".",".",".",".",".",".",".",".",".",".",".",".",".",".","."
"071","TN01","ìnñºäÏë∫ìnñºäÏêº","ìnñºäÏêº","3","2","2","","Ç≠Ç—","ku__bi","ku__bi","k","u","b","i",".",".",".",".",".",".",".",".",".",".",".",".","8","1","0","0","1","1","1","3","2","0","1","1","0","0","0","1","1","1","1","0",".",".",".",".",".",".",".",".",".",".",".",".",".",".",".",".",".",".",".",".",".",".",".",".",".",".",".",".",".",".",".",".",".",".",".",".",".",".",".",".",".",".",".",".",".",".",".",".",".",".",".",".",".",".",".",".",".",".",".",".","10000000010000000","10000001","100001","1001","110","10000001","100001","10100","110","101","10000000000000001","10000001","100001","1001","101","10000001","100001","10001","101","101",".",".",".",".",".",".",".",".",".",".",".",".",".",".",".",".",".",".",".",".",".",".",".",".",".",".",".",".",".",".",".",".",".",".",".",".",".",".",".",".",".",".",".",".",".",".",".",".",".",".",".",".",".",".",".",".",".",".",".","."
"072","NA04","ãåíáó¢ë∫ê^é”","ãvïƒê^é”","3","2","2","","Ç≠Ç—","_kubi","_kubi","k","u","b","i",".",".",".",".",".",".",".",".",".",".",".",".","8","1","0","0","1","1","1","3","2","0","1","1","0","0","0","1","1","1","1","0",".",".",".",".",".",".",".",".",".",".",".",".",".",".",".",".",".",".",".",".",".",".",".",".",".",".",".",".",".",".",".",".",".",".",".",".",".",".",".",".",".",".",".",".",".",".",".",".",".",".",".",".",".",".",".",".",".",".",".",".","10000000010000000","10000001","100001","1001","110","10000001","100001","10100","110","101","10000000000000001","10000001","100001","1001","101","10000001","100001","10001","101","101",".",".",".",".",".",".",".",".",".",".",".",".",".",".",".",".",".",".",".",".",".",".",".",".",".",".",".",".",".",".",".",".",".",".",".",".",".",".",".",".",".",".",".",".",".",".",".",".",".",".",".",".",".",".",".",".",".",".",".","."
"073","KG03","ãåãÔéuêÏë∫åìèÈ","ãvïƒåìèÈ","3","2","2","","Ç≠Ç—","_kubi","_kubi","k","u","b","i",".",".",".",".",".",".",".",".",".",".",".",".","8","1","0","0","1","1","1","3","2","0","1","1","0","0","0","1","1","1","1","0",".",".",".",".",".",".",".",".",".",".",".",".",".",".",".",".",".",".",".",".",".",".",".",".",".",".",".",".",".",".",".",".",".",".",".",".",".",".",".",".",".",".",".",".",".",".",".",".",".",".",".",".",".",".",".",".",".",".",".",".","10000000010000000","10000001","100001","1001","110","10000001","100001","10100","110","101","10000000000000001","10000001","100001","1001","101","10000001","100001","10001","101","101",".",".",".",".",".",".",".",".",".",".",".",".",".",".",".",".",".",".",".",".",".",".",".",".",".",".",".",".",".",".",".",".",".",".",".",".",".",".",".",".",".",".",".",".",".",".",".",".",".",".",".",".",".",".",".",".",".",".",".","."
"074","HR03","ã{å√ìáésírä‘","ã{å√írä‘","-9","-9","-9","","-9","nudu/nubui","-9","-9","-9","-9","-9",".",".",".",".",".",".",".",".",".",".",".",".","-9","-9","-9","-9","-9","-9","-9","-9","-9","-9","-9","-9","-9","-9","-9","-9","-9","-9","-9","-9",".",".",".",".",".",".",".",".",".",".",".",".",".",".",".",".",".",".",".",".",".",".",".",".",".",".",".",".",".",".",".",".",".",".",".",".",".",".",".",".",".",".",".",".",".",".",".",".",".",".",".",".",".",".",".",".",".",".",".",".","?????????????????","????????","??????","????","???","????????","??????","?????","???","???","?????????????????","????????","??????","????","???","????????","??????","?????","???","???",".",".",".",".",".",".",".",".",".",".",".",".",".",".",".",".",".",".",".",".",".",".",".",".",".",".",".",".",".",".",".",".",".",".",".",".",".",".",".",".",".",".",".",".",".",".",".",".",".",".",".",".",".",".",".",".",".",".",".","."
"075","HR05","ã{å√ìáésëÂê_","ã{å√ëÂê_","-9","-9","-9","","-9","n_p_i-n_pui","-9","-9","-9","-9","-9",".",".",".",".",".",".",".",".",".",".",".",".","-9","-9","-9","-9","-9","-9","-9","-9","-9","-9","-9","-9","-9","-9","-9","-9","-9","-9","-9","-9",".",".",".",".",".",".",".",".",".",".",".",".",".",".",".",".",".",".",".",".",".",".",".",".",".",".",".",".",".",".",".",".",".",".",".",".",".",".",".",".",".",".",".",".",".",".",".",".",".",".",".",".",".",".",".",".",".",".",".",".","?????????????????","????????","??????","????","???","????????","??????","?????","???","???","?????????????????","????????","??????","????","???","????????","??????","?????","???","???",".",".",".",".",".",".",".",".",".",".",".",".",".",".",".",".",".",".",".",".",".",".",".",".",".",".",".",".",".",".",".",".",".",".",".",".",".",".",".",".",".",".",".",".",".",".",".",".",".",".",".",".",".",".",".",".",".",".",".","."
"076","HR06","ã{å√ìáésïΩó«éÎñì","ã{å√éÎñì","-9","-9","-9","","-9","nubai","-9","-9","-9","-9","-9",".",".",".",".",".",".",".",".",".",".",".",".","-9","-9","-9","-9","-9","-9","-9","-9","-9","-9","-9","-9","-9","-9","-9","-9","-9","-9","-9","-9",".",".",".",".",".",".",".",".",".",".",".",".",".",".",".",".",".",".",".",".",".",".",".",".",".",".",".",".",".",".",".",".",".",".",".",".",".",".",".",".",".",".",".",".",".",".",".",".",".",".",".",".",".",".",".",".",".",".",".",".","?????????????????","????????","??????","????","???","????????","??????","?????","???","???","?????????????????","????????","??????","????","???","????????","??????","?????","???","???",".",".",".",".",".",".",".",".",".",".",".",".",".",".",".",".",".",".",".",".",".",".",".",".",".",".",".",".",".",".",".",".",".",".",".",".",".",".",".",".",".",".",".",".",".",".",".",".",".",".",".",".",".",".",".",".",".",".",".","."
"077","HR12","ã{å√ìáésïΩó«ìåíáè@ç™","ã{å√ìåíáè@","-9","-9","-9","","-9","nubui/fu__u","-9","-9","-9","-9","-9",".",".",".",".",".",".",".",".",".",".",".",".","-9","-9","-9","-9","-9","-9","-9","-9","-9","-9","-9","-9","-9","-9","-9","-9","-9","-9","-9","-9",".",".",".",".",".",".",".",".",".",".",".",".",".",".",".",".",".",".",".",".",".",".",".",".",".",".",".",".",".",".",".",".",".",".",".",".",".",".",".",".",".",".",".",".",".",".",".",".",".",".",".",".",".",".",".",".",".",".",".",".","?????????????????","????????","??????","????","???","????????","??????","?????","???","???","?????????????????","????????","??????","????","???","????????","??????","?????","???","???",".",".",".",".",".",".",".",".",".",".",".",".",".",".",".",".",".",".",".",".",".",".",".",".",".",".",".",".",".",".",".",".",".",".",".",".",".",".",".",".",".",".",".",".",".",".",".",".",".",".",".",".",".",".",".",".",".",".",".","."
"078","SZ04","ã{å√ìáésâ∫ínó^ìﬂîe","ã{å√ó^ìﬂîe","-9","-9","-9","","-9","nubui","-9","-9","-9","-9","-9",".",".",".",".",".",".",".",".",".",".",".",".","-9","-9","-9","-9","-9","-9","-9","-9","-9","-9","-9","-9","-9","-9","-9","-9","-9","-9","-9","-9",".",".",".",".",".",".",".",".",".",".",".",".",".",".",".",".",".",".",".",".",".",".",".",".",".",".",".",".",".",".",".",".",".",".",".",".",".",".",".",".",".",".",".",".",".",".",".",".",".",".",".",".",".",".",".",".",".",".",".",".","?????????????????","????????","??????","????","???","????????","??????","?????","???","???","?????????????????","????????","??????","????","???","????????","??????","?????","???","???",".",".",".",".",".",".",".",".",".",".",".",".",".",".",".",".",".",".",".",".",".",".",".",".",".",".",".",".",".",".",".",".",".",".",".",".",".",".",".",".",".",".",".",".",".",".",".",".",".",".",".",".",".",".",".",".",".",".",".","."
"079","SG16","ã{å√ìáésè„ñÏã{çë","ã{å√ã{çë","-9","-9","-9","","-9","nubu_i","-9","-9","-9","-9","-9",".",".",".",".",".",".",".",".",".",".",".",".","-9","-9","-9","-9","-9","-9","-9","-9","-9","-9","-9","-9","-9","-9","-9","-9","-9","-9","-9","-9",".",".",".",".",".",".",".",".",".",".",".",".",".",".",".",".",".",".",".",".",".",".",".",".",".",".",".",".",".",".",".",".",".",".",".",".",".",".",".",".",".",".",".",".",".",".",".",".",".",".",".",".",".",".",".",".",".",".",".",".","?????????????????","????????","??????","????","???","????????","??????","?????","???","???","?????????????????","????????","??????","????","???","????????","??????","?????","???","???",".",".",".",".",".",".",".",".",".",".",".",".",".",".",".",".",".",".",".",".",".",".",".",".",".",".",".",".",".",".",".",".",".",".",".",".",".",".",".",".",".",".",".",".",".",".",".",".",".",".",".",".",".",".",".",".",".",".",".","."
"080","SG04","ã{å√ìáésà…ó«ïîà…ó«ïî","ã{å√à…ó«ïî","-9","-9","-9","","-9","n__du","-9","-9","-9","-9","-9",".",".",".",".",".",".",".",".",".",".",".",".","-9","-9","-9","-9","-9","-9","-9","-9","-9","-9","-9","-9","-9","-9","-9","-9","-9","-9","-9","-9",".",".",".",".",".",".",".",".",".",".",".",".",".",".",".",".",".",".",".",".",".",".",".",".",".",".",".",".",".",".",".",".",".",".",".",".",".",".",".",".",".",".",".",".",".",".",".",".",".",".",".",".",".",".",".",".",".",".",".",".","?????????????????","????????","??????","????","???","????????","??????","?????","???","???","?????????????????","????????","??????","????","???","????????","??????","?????","???","???",".",".",".",".",".",".",".",".",".",".",".",".",".",".",".",".",".",".",".",".",".",".",".",".",".",".",".",".",".",".",".",".",".",".",".",".",".",".",".",".",".",".",".",".",".",".",".",".",".",".",".",".",".",".",".",".",".",".",".","."
"081","TR03","ëΩó«ä‘ë∫íáãÿ","ëΩó«ä‘íáãÿ","-9","-9","-9","","-9","nibui/nibui","-9","-9","-9","-9","-9",".",".",".",".",".",".",".",".",".",".",".",".","-9","-9","-9","-9","-9","-9","-9","-9","-9","-9","-9","-9","-9","-9","-9","-9","-9","-9","-9","-9",".",".",".",".",".",".",".",".",".",".",".",".",".",".",".",".",".",".",".",".",".",".",".",".",".",".",".",".",".",".",".",".",".",".",".",".",".",".",".",".",".",".",".",".",".",".",".",".",".",".",".",".",".",".",".",".",".",".",".",".","?????????????????","????????","??????","????","???","????????","??????","?????","???","???","?????????????????","????????","??????","????","???","????????","??????","?????","???","???",".",".",".",".",".",".",".",".",".",".",".",".",".",".",".",".",".",".",".",".",".",".",".",".",".",".",".",".",".",".",".",".",".",".",".",".",".",".",".",".",".",".",".",".",".",".",".",".",".",".",".",".",".",".",".",".",".",".",".","."
"082","OH05","êŒä_ésìoñÏèÈ","êŒä_ìoñÏèÈ","-9","-9","-9","","-9","nubi","-9","-9","-9","-9","-9",".",".",".",".",".",".",".",".",".",".",".",".","-9","-9","-9","-9","-9","-9","-9","-9","-9","-9","-9","-9","-9","-9","-9","-9","-9","-9","-9","-9",".",".",".",".",".",".",".",".",".",".",".",".",".",".",".",".",".",".",".",".",".",".",".",".",".",".",".",".",".",".",".",".",".",".",".",".",".",".",".",".",".",".",".",".",".",".",".",".",".",".",".",".",".",".",".",".",".",".",".",".","?????????????????","????????","??????","????","???","????????","??????","?????","???","???","?????????????????","????????","??????","????","???","????????","??????","?????","???","???",".",".",".",".",".",".",".",".",".",".",".",".",".",".",".",".",".",".",".",".",".",".",".",".",".",".",".",".",".",".",".",".",".",".",".",".",".",".",".",".",".",".",".",".",".",".",".",".",".",".",".",".",".",".",".",".",".",".",".","."
"083","OH02","êŒä_ésëÂïl","êŒä_ëÂïl","-9","-9","-9","","-9","_nub_","-9","-9","-9","-9","-9",".",".",".",".",".",".",".",".",".",".",".",".","-9","-9","-9","-9","-9","-9","-9","-9","-9","-9","-9","-9","-9","-9","-9","-9","-9","-9","-9","-9",".",".",".",".",".",".",".",".",".",".",".",".",".",".",".",".",".",".",".",".",".",".",".",".",".",".",".",".",".",".",".",".",".",".",".",".",".",".",".",".",".",".",".",".",".",".",".",".",".",".",".",".",".",".",".",".",".",".",".",".","?????????????????","????????","??????","????","???","????????","??????","?????","???","???","?????????????????","????????","??????","????","???","????????","??????","?????","???","???",".",".",".",".",".",".",".",".",".",".",".",".",".",".",".",".",".",".",".",".",".",".",".",".",".",".",".",".",".",".",".",".",".",".",".",".",".",".",".",".",".",".",".",".",".",".",".",".",".",".",".",".",".",".",".",".",".",".",".","."
"084","MR06","êŒä_ésã{ó«","êŒä_ã{ó«","-9","-9","-9","","-9","_nubi","-9","-9","-9","-9","-9",".",".",".",".",".",".",".",".",".",".",".",".","-9","-9","-9","-9","-9","-9","-9","-9","-9","-9","-9","-9","-9","-9","-9","-9","-9","-9","-9","-9",".",".",".",".",".",".",".",".",".",".",".",".",".",".",".",".",".",".",".",".",".",".",".",".",".",".",".",".",".",".",".",".",".",".",".",".",".",".",".",".",".",".",".",".",".",".",".",".",".",".",".",".",".",".",".",".",".",".",".",".","?????????????????","????????","??????","????","???","????????","??????","?????","???","???","?????????????????","????????","??????","????","???","????????","??????","?????","???","???",".",".",".",".",".",".",".",".",".",".",".",".",".",".",".",".",".",".",".",".",".",".",".",".",".",".",".",".",".",".",".",".",".",".",".",".",".",".",".",".",".",".",".",".",".",".",".",".",".",".",".",".",".",".",".",".",".",".",".","."
"085","MR02","êŒä_ésïΩãvï€","êŒä_ïΩãvï€","-9","-9","-9","","-9","nu_bi","-9","-9","-9","-9","-9",".",".",".",".",".",".",".",".",".",".",".",".","-9","-9","-9","-9","-9","-9","-9","-9","-9","-9","-9","-9","-9","-9","-9","-9","-9","-9","-9","-9",".",".",".",".",".",".",".",".",".",".",".",".",".",".",".",".",".",".",".",".",".",".",".",".",".",".",".",".",".",".",".",".",".",".",".",".",".",".",".",".",".",".",".",".",".",".",".",".",".",".",".",".",".",".",".",".",".",".",".",".","?????????????????","????????","??????","????","???","????????","??????","?????","???","???","?????????????????","????????","??????","????","???","????????","??????","?????","???","???",".",".",".",".",".",".",".",".",".",".",".",".",".",".",".",".",".",".",".",".",".",".",".",".",".",".",".",".",".",".",".",".",".",".",".",".",".",".",".",".",".",".",".",".",".",".",".",".",".",".",".",".",".",".",".",".",".",".",".","."
"086","IG15","êŒä_ésïxñÏ","êŒä_ïxñÏ","-9","-9","-9","","-9","nubu_i/_nubui","-9","-9","-9","-9","-9",".",".",".",".",".",".",".",".",".",".",".",".","-9","-9","-9","-9","-9","-9","-9","-9","-9","-9","-9","-9","-9","-9","-9","-9","-9","-9","-9","-9",".",".",".",".",".",".",".",".",".",".",".",".",".",".",".",".",".",".",".",".",".",".",".",".",".",".",".",".",".",".",".",".",".",".",".",".",".",".",".",".",".",".",".",".",".",".",".",".",".",".",".",".",".",".",".",".",".",".",".",".","?????????????????","????????","??????","????","???","????????","??????","?????","???","???","?????????????????","????????","??????","????","???","????????","??????","?????","???","???",".",".",".",".",".",".",".",".",".",".",".",".",".",".",".",".",".",".",".",".",".",".",".",".",".",".",".",".",".",".",".",".",".",".",".",".",".",".",".",".",".",".",".",".",".",".",".",".",".",".",".",".",".",".",".",".",".",".",".","."
"087","IG08","í|ïxí¨í|ïx","í|ïxí|ïx","-9","-9","-9","","-9","nubui","-9","-9","-9","-9","-9",".",".",".",".",".",".",".",".",".",".",".",".","-9","-9","-9","-9","-9","-9","-9","-9","-9","-9","-9","-9","-9","-9","-9","-9","-9","-9","-9","-9",".",".",".",".",".",".",".",".",".",".",".",".",".",".",".",".",".",".",".",".",".",".",".",".",".",".",".",".",".",".",".",".",".",".",".",".",".",".",".",".",".",".",".",".",".",".",".",".",".",".",".",".",".",".",".",".",".",".",".",".","?????????????????","????????","??????","????","???","????????","??????","?????","???","???","?????????????????","????????","??????","????","???","????????","??????","?????","???","???",".",".",".",".",".",".",".",".",".",".",".",".",".",".",".",".",".",".",".",".",".",".",".",".",".",".",".",".",".",".",".",".",".",".",".",".",".",".",".",".",".",".",".",".",".",".",".",".",".",".",".",".",".",".",".",".",".",".",".","."
"088","IG10","í|ïxí¨çïìá","í|ïxçïìá","-9","-9","-9","","-9","nu__bi/nubi","-9","-9","-9","-9","-9",".",".",".",".",".",".",".",".",".",".",".",".","-9","-9","-9","-9","-9","-9","-9","-9","-9","-9","-9","-9","-9","-9","-9","-9","-9","-9","-9","-9",".",".",".",".",".",".",".",".",".",".",".",".",".",".",".",".",".",".",".",".",".",".",".",".",".",".",".",".",".",".",".",".",".",".",".",".",".",".",".",".",".",".",".",".",".",".",".",".",".",".",".",".",".",".",".",".",".",".",".",".","?????????????????","????????","??????","????","???","????????","??????","?????","???","???","?????????????????","????????","??????","????","???","????????","??????","?????","???","???",".",".",".",".",".",".",".",".",".",".",".",".",".",".",".",".",".",".",".",".",".",".",".",".",".",".",".",".",".",".",".",".",".",".",".",".",".",".",".",".",".",".",".",".",".",".",".",".",".",".",".",".",".",".",".",".",".",".",".","."
"089","IG09","í|ïxí¨è¨ïl","í|ïxè¨ïl","-9","-9","-9","","-9","_nubui","-9","-9","-9","-9","-9",".",".",".",".",".",".",".",".",".",".",".",".","-9","-9","-9","-9","-9","-9","-9","-9","-9","-9","-9","-9","-9","-9","-9","-9","-9","-9","-9","-9",".",".",".",".",".",".",".",".",".",".",".",".",".",".",".",".",".",".",".",".",".",".",".",".",".",".",".",".",".",".",".",".",".",".",".",".",".",".",".",".",".",".",".",".",".",".",".",".",".",".",".",".",".",".",".",".",".",".",".",".","?????????????????","????????","??????","????","???","????????","??????","?????","???","???","?????????????????","????????","??????","????","???","????????","??????","?????","???","???",".",".",".",".",".",".",".",".",".",".",".",".",".",".",".",".",".",".",".",".",".",".",".",".",".",".",".",".",".",".",".",".",".",".",".",".",".",".",".",".",".",".",".",".",".",".",".",".",".",".",".",".",".",".",".",".",".",".",".","."
"090","MR08","í|ïxí¨å√å©","êºï\å√å©","-9","-9","-9","","-9","nubi/nubui","-9","-9","-9","-9","-9",".",".",".",".",".",".",".",".",".",".",".",".","-9","-9","-9","-9","-9","-9","-9","-9","-9","-9","-9","-9","-9","-9","-9","-9","-9","-9","-9","-9",".",".",".",".",".",".",".",".",".",".",".",".",".",".",".",".",".",".",".",".",".",".",".",".",".",".",".",".",".",".",".",".",".",".",".",".",".",".",".",".",".",".",".",".",".",".",".",".",".",".",".",".",".",".",".",".",".",".",".",".","?????????????????","????????","??????","????","???","????????","??????","?????","???","???","?????????????????","????????","??????","????","???","????????","??????","?????","???","???",".",".",".",".",".",".",".",".",".",".",".",".",".",".",".",".",".",".",".",".",".",".",".",".",".",".",".",".",".",".",".",".",".",".",".",".",".",".",".",".",".",".",".",".",".",".",".",".",".",".",".",".",".",".",".",".",".",".",".","."
"091","OH06","í|ïxí¨ä±óß","êºï\ä±óß","-9","-9","-9","","-9","nu_bi_/k_u_bi","-9","-9","-9","-9","-9",".",".",".",".",".",".",".",".",".",".",".",".","-9","-9","-9","-9","-9","-9","-9","-9","-9","-9","-9","-9","-9","-9","-9","-9","-9","-9","-9","-9",".",".",".",".",".",".",".",".",".",".",".",".",".",".",".",".",".",".",".",".",".",".",".",".",".",".",".",".",".",".",".",".",".",".",".",".",".",".",".",".",".",".",".",".",".",".",".",".",".",".",".",".",".",".",".",".",".",".",".",".","?????????????????","????????","??????","????","???","????????","??????","?????","???","???","?????????????????","????????","??????","????","???","????????","??????","?????","???","???",".",".",".",".",".",".",".",".",".",".",".",".",".",".",".",".",".",".",".",".",".",".",".",".",".",".",".",".",".",".",".",".",".",".",".",".",".",".",".",".",".",".",".",".",".",".",".",".",".",".",".",".",".",".",".",".",".",".",".","."
"092","IG12","í|ïxí¨â∫ín","êVèÈâ∫ín","-9","-9","-9","","-9","nu_bi","-9","-9","-9","-9","-9",".",".",".",".",".",".",".",".",".",".",".",".","-9","-9","-9","-9","-9","-9","-9","-9","-9","-9","-9","-9","-9","-9","-9","-9","-9","-9","-9","-9",".",".",".",".",".",".",".",".",".",".",".",".",".",".",".",".",".",".",".",".",".",".",".",".",".",".",".",".",".",".",".",".",".",".",".",".",".",".",".",".",".",".",".",".",".",".",".",".",".",".",".",".",".",".",".",".",".",".",".",".","?????????????????","????????","??????","????","???","????????","??????","?????","???","???","?????????????????","????????","??????","????","???","????????","??????","?????","???","???",".",".",".",".",".",".",".",".",".",".",".",".",".",".",".",".",".",".",".",".",".",".",".",".",".",".",".",".",".",".",".",".",".",".",".",".",".",".",".",".",".",".",".",".",".",".",".",".",".",".",".",".",".",".",".",".",".",".",".","."
"093","OH13","í|ïxí¨ñºêŒ","îgè∆ä‘ñºêŒ","-9","-9","-9","","-9","manis___","-9","-9","-9","-9","-9",".",".",".",".",".",".",".",".",".",".",".",".","-9","-9","-9","-9","-9","-9","-9","-9","-9","-9","-9","-9","-9","-9","-9","-9","-9","-9","-9","-9",".",".",".",".",".",".",".",".",".",".",".",".",".",".",".",".",".",".",".",".",".",".",".",".",".",".",".",".",".",".",".",".",".",".",".",".",".",".",".",".",".",".",".",".",".",".",".",".",".",".",".",".",".",".",".",".",".",".",".",".","?????????????????","????????","??????","????","???","????????","??????","?????","???","???","?????????????????","????????","??????","????","???","????????","??????","?????","???","???",".",".",".",".",".",".",".",".",".",".",".",".",".",".",".",".",".",".",".",".",".",".",".",".",".",".",".",".",".",".",".",".",".",".",".",".",".",".",".",".",".",".",".",".",".",".",".",".",".",".",".",".",".",".",".",".",".",".",".","."
"094","YG01","ó^ìﬂçëí¨ëcî[","ó^ìﬂçëëcî[","-9","-9","-9","","-9","nu_ÅPbi","-9","-9","-9","-9","-9",".",".",".",".",".",".",".",".",".",".",".",".","-9","-9","-9","-9","-9","-9","-9","-9","-9","-9","-9","-9","-9","-9","-9","-9","-9","-9","-9","-9",".",".",".",".",".",".",".",".",".",".",".",".",".",".",".",".",".",".",".",".",".",".",".",".",".",".",".",".",".",".",".",".",".",".",".",".",".",".",".",".",".",".",".",".",".",".",".",".",".",".",".",".",".",".",".",".",".",".",".",".","?????????????????","????????","??????","????","???","????????","??????","?????","???","???","?????????????????","????????","??????","????","???","????????","??????","?????","???","???",".",".",".",".",".",".",".",".",".",".",".",".",".",".",".",".",".",".",".",".",".",".",".",".",".",".",".",".",".",".",".",".",".",".",".",".",".",".",".",".",".",".",".",".",".",".",".",".",".",".",".",".",".",".",".",".",".",".",".","."
"095","YG03","ó^ìﬂçëí¨î‰êÏ","ó^ìﬂçëî‰êÏ","-9","-9","-9","","-9","nubi/nuÅPbi/kubi","-9","-9","-9","-9","-9",".",".",".",".",".",".",".",".",".",".",".",".","-9","-9","-9","-9","-9","-9","-9","-9","-9","-9","-9","-9","-9","-9","-9","-9","-9","-9","-9","-9",".",".",".",".",".",".",".",".",".",".",".",".",".",".",".",".",".",".",".",".",".",".",".",".",".",".",".",".",".",".",".",".",".",".",".",".",".",".",".",".",".",".",".",".",".",".",".",".",".",".",".",".",".",".",".",".",".",".",".",".","?????????????????","????????","??????","????","???","????????","??????","?????","???","???","?????????????????","????????","??????","????","???","????????","??????","?????","???","???",".",".",".",".",".",".",".",".",".",".",".",".",".",".",".",".",".",".",".",".",".",".",".",".",".",".",".",".",".",".",".",".",".",".",".",".",".",".",".",".",".",".",".",".",".",".",".",".",".",".",".",".",".",".",".",".",".",".",".","."
