5,N-009,é®,,,,,,,,,,,,,,,,,,,,,,,,,1éqâπ,,,,,1ïÍâπ,,,,,2éqâπ,,,,,2ïÍâπ,,,,,3éqâπ,,,,,3ïÍâπ,,,,,4éqâπ,,,,,4ïÍâπ,,,,,5éqâπ,,,,,5ïÍâπ,,,,,6éqâπ,,,,,6ïÍâπ,,,,,7éqâπ,,,,,7ïÍâπ,,,,,8éqâπ,,,,,8ïÍâπ,,,,,1éqâπ,,,,,1ïÍâπ,,,,,2éqâπ,,,,,2ïÍâπ,,,,,3éqâπ,,,,,3ïÍâπ,,,,,4éqâπ,,,,,4ïÍâπ,,,,,5éqâπ,,,,,5ïÍâπ,,,,,6éqâπ,,,,,6ïÍâπ,,,,,7éqâπ,,,,,7ïÍâπ,,,,,8éqâπ,,,,,8ïÍâπ,,,,
í Çµî‘çÜ,ínì_ñºãLçÜ,åªésí¨ë∫ñº,ï\é¶óp,âπÇÃå^,âπêﬂ,ÉÇÅ[Éâ,ÉAÉNÉZÉìÉg,ëcåÍå`,ëSåÍå`,åÍå`,1éqâπ,1ïÍâπ,2éqâπ,2ïÍâπ,3éqâπ,3ïÍâπ,4éqâπ,4ïÍâπ,5éqâπ,5ïÍâπ,6éqâπ,6ïÍâπ,7éqâπ,7ïÍâπ,8éqâπ,8ïÍâπ,à íu,ï˚ñ@,å˚äWÅEâ~êO,çAì™âª,ê∫ë—êUìÆ,í∑Ç≥,å˚ÇÃäJÇ´,ê„ÇÃà íu,êOÇÃèÛë‘,ñ≥ê∫ï@âπ,à íu,ï˚ñ@,å˚äWÅEâ~êO,çAì™âª,ê∫ë—êUìÆ,í∑Ç≥,å˚ÇÃäJÇ´,ê„ÇÃà íu,êOÇÃèÛë‘,ñ≥ê∫ï@âπ,à íu,ï˚ñ@,å˚äWÅEâ~êO,çAì™âª,ê∫ë—êUìÆ,í∑Ç≥,å˚ÇÃäJÇ´,ê„ÇÃà íu,êOÇÃèÛë‘,ñ≥ê∫ï@âπ,à íu,ï˚ñ@,å˚äWÅEâ~êO,çAì™âª,ê∫ë—êUìÆ,í∑Ç≥,å˚ÇÃäJÇ´,ê„ÇÃà íu,êOÇÃèÛë‘,ñ≥ê∫ï@âπ,à íu,ï˚ñ@,å˚äWÅEâ~êO,çAì™âª,ê∫ë—êUìÆ,í∑Ç≥,å˚ÇÃäJÇ´,ê„ÇÃà íu,êOÇÃèÛë‘,ñ≥ê∫ï@âπ,à íu,ï˚ñ@,å˚äWÅEâ~êO,çAì™âª,ê∫ë—êUìÆ,í∑Ç≥,å˚ÇÃäJÇ´,ê„ÇÃà íu,êOÇÃèÛë‘,ñ≥ê∫ï@âπ,à íu,ï˚ñ@,å˚äWÅEâ~êO,çAì™âª,ê∫ë—êUìÆ,í∑Ç≥,å˚ÇÃäJÇ´,ê„ÇÃà íu,êOÇÃèÛë‘,ñ≥ê∫ï@âπ,à íu,ï˚ñ@,å˚äWÅEâ~êO,çAì™âª,ê∫ë—êUìÆ,í∑Ç≥,å˚ÇÃäJÇ´,ê„ÇÃà íu,êOÇÃèÛë‘,ñ≥ê∫ï@âπ,à íu,ï˚ñ@,å˚äWÅEâ~êO,çAì™âª,ê∫ë—êUìÆ,í∑Ç≥,å˚ÇÃäJÇ´,ê„ÇÃà íu,êOÇÃèÛë‘,ñ≥ê∫ï@âπ,à íu,ï˚ñ@,å˚äWÅEâ~êO,çAì™âª,ê∫ë—êUìÆ,í∑Ç≥,å˚ÇÃäJÇ´,ê„ÇÃà íu,êOÇÃèÛë‘,ñ≥ê∫ï@âπ,à íu,ï˚ñ@,å˚äWÅEâ~êO,çAì™âª,ê∫ë—êUìÆ,í∑Ç≥,å˚ÇÃäJÇ´,ê„ÇÃà íu,êOÇÃèÛë‘,ñ≥ê∫ï@âπ,à íu,ï˚ñ@,å˚äWÅEâ~êO,çAì™âª,ê∫ë—êUìÆ,í∑Ç≥,å˚ÇÃäJÇ´,ê„ÇÃà íu,êOÇÃèÛë‘,ñ≥ê∫ï@âπ,à íu,ï˚ñ@,å˚äWÅEâ~êO,çAì™âª,ê∫ë—êUìÆ,í∑Ç≥,å˚ÇÃäJÇ´,ê„ÇÃà íu,êOÇÃèÛë‘,ñ≥ê∫ï@âπ,à íu,ï˚ñ@,å˚äWÅEâ~êO,çAì™âª,ê∫ë—êUìÆ,í∑Ç≥,å˚ÇÃäJÇ´,ê„ÇÃà íu,êOÇÃèÛë‘,ñ≥ê∫ï@âπ,à íu,ï˚ñ@,å˚äWÅEâ~êO,çAì™âª,ê∫ë—êUìÆ,í∑Ç≥,å˚ÇÃäJÇ´,ê„ÇÃà íu,êOÇÃèÛë‘,ñ≥ê∫ï@âπ,à íu,ï˚ñ@,å˚äWÅEâ~êO,çAì™âª,ê∫ë—êUìÆ,í∑Ç≥,å˚ÇÃäJÇ´,ê„ÇÃà íu,êOÇÃèÛë‘,ñ≥ê∫ï@âπ
000,,ëzíËå`,ëzíËå`,3,2,2,,Ç›Ç›,mimi,mimi,m,i,m,i,.,.,.,.,.,.,.,.,.,.,.,.,1,4,0,0,0,1,1,1,1,0,1,4,0,0,0,1,1,1,1,0,.,.,.,.,.,.,.,.,.,.,.,.,.,.,.,.,.,.,.,.,.,.,.,.,.,.,.,.,.,.,.,.,.,.,.,.,.,.,.,.,.,.,.,.,.,.,.,.,.,.,.,.,.,.,.,.,.,.,.,.,10000000000000001,10001000,100001,1001,101,10000001,100001,10001,101,101,10000000000000001,10001000,100001,1001,101,10000001,100001,10001,101,101,.,.,.,.,.,.,.,.,.,.,.,.,.,.,.,.,.,.,.,.,.,.,.,.,.,.,.,.,.,.,.,.,.,.,.,.,.,.,.,.,.,.,.,.,.,.,.,.,.,.,.,.,.,.,.,.,.,.,.,.
001,KA05,ãåä}óòí¨ä}óò,âÇî¸ä}óò,2,1,2,,Ç›Ç›,mi__,mi__,m,i,n2,-1,.,.,.,.,.,.,.,.,.,.,.,.,1,4,0,0,0,1,1,1,1,0,12,4,0,0,0,-1,-1,-1,-1,-1,.,.,.,.,.,.,.,.,.,.,.,.,.,.,.,.,.,.,.,.,.,.,.,.,.,.,.,.,.,.,.,.,.,.,.,.,.,.,.,.,.,.,.,.,.,.,.,.,.,.,.,.,.,.,.,.,.,.,.,.,10000000000000001,10001000,100001,1001,101,10000001,100001,10001,101,101,10000100000000000,10001000,100001,1001,101,00000000,000000,00000,000,000,.,.,.,.,.,.,.,.,.,.,.,.,.,.,.,.,.,.,.,.,.,.,.,.,.,.,.,.,.,.,.,.,.,.,.,.,.,.,.,.,.,.,.,.,.,.,.,.,.,.,.,.,.,.,.,.,.,.,.,.
002,NZ17,ãåñºê£ésã‡ãv,âÇî¸ã‡ãv,2,1,2,,Ç›Ç›,mi__,mi__,m,i,n2,-1,.,.,.,.,.,.,.,.,.,.,.,.,1,4,0,0,0,1,1,1,1,0,12,4,0,0,0,-1,-1,-1,-1,-1,.,.,.,.,.,.,.,.,.,.,.,.,.,.,.,.,.,.,.,.,.,.,.,.,.,.,.,.,.,.,.,.,.,.,.,.,.,.,.,.,.,.,.,.,.,.,.,.,.,.,.,.,.,.,.,.,.,.,.,.,10000000000000001,10001000,100001,1001,101,10000001,100001,10001,101,101,10000100000000000,10001000,100001,1001,101,00000000,000000,00000,000,000,.,.,.,.,.,.,.,.,.,.,.,.,.,.,.,.,.,.,.,.,.,.,.,.,.,.,.,.,.,.,.,.,.,.,.,.,.,.,.,.,.,.,.,.,.,.,.,.,.,.,.,.,.,.,.,.,.,.,.,.
003,KM05,ó¥ãΩí¨íÜèü,âÇî¸íÜèü,2,1,2,,Ç›Ç›,mi__,mi__,m,i,n2,-1,.,.,.,.,.,.,.,.,.,.,.,.,1,4,0,0,0,1,1,1,1,0,12,4,0,0,0,-1,-1,-1,-1,-1,.,.,.,.,.,.,.,.,.,.,.,.,.,.,.,.,.,.,.,.,.,.,.,.,.,.,.,.,.,.,.,.,.,.,.,.,.,.,.,.,.,.,.,.,.,.,.,.,.,.,.,.,.,.,.,.,.,.,.,.,10000000000000001,10001000,100001,1001,101,10000001,100001,10001,101,101,10000100000000000,10001000,100001,1001,101,00000000,000000,00000,000,000,.,.,.,.,.,.,.,.,.,.,.,.,.,.,.,.,.,.,.,.,.,.,.,.,.,.,.,.,.,.,.,.,.,.,.,.,.,.,.,.,.,.,.,.,.,.,.,.,.,.,.,.,.,.,.,.,.,.,.,.
004,YU04,ëÂòaë∫ëÂòaïl,âÇî¸ëÂòaïl,2,1,2,,Ç›Ç›,_mi_/_min,_mi_,m,i,n2,-1,.,.,.,.,.,.,.,.,.,.,.,.,1,4,0,0,0,1,1,1,1,0,12,4,0,0,0,-1,-1,-1,-1,-1,.,.,.,.,.,.,.,.,.,.,.,.,.,.,.,.,.,.,.,.,.,.,.,.,.,.,.,.,.,.,.,.,.,.,.,.,.,.,.,.,.,.,.,.,.,.,.,.,.,.,.,.,.,.,.,.,.,.,.,.,10000000000000001,10001000,100001,1001,101,10000001,100001,10001,101,101,10000100000000000,10001000,100001,1001,101,00000000,000000,00000,000,000,.,.,.,.,.,.,.,.,.,.,.,.,.,.,.,.,.,.,.,.,.,.,.,.,.,.,.,.,.,.,.,.,.,.,.,.,.,.,.,.,.,.,.,.,.,.,.,.,.,.,.,.,.,.,.,.,.,.,.,.
005,SY08,èZópë∫êºíáä‘,âÇî¸êºíáä‘,2,1,2,,Ç›Ç›,mi_n/_min/_mimi,mi_n,m,i,n2,-1,.,.,.,.,.,.,.,.,.,.,.,.,1,4,0,0,0,1,1,1,1,0,12,4,0,0,0,-1,-1,-1,-1,-1,.,.,.,.,.,.,.,.,.,.,.,.,.,.,.,.,.,.,.,.,.,.,.,.,.,.,.,.,.,.,.,.,.,.,.,.,.,.,.,.,.,.,.,.,.,.,.,.,.,.,.,.,.,.,.,.,.,.,.,.,10000000000000001,10001000,100001,1001,101,10000001,100001,10001,101,101,10000100000000000,10001000,100001,1001,101,00000000,000000,00000,000,000,.,.,.,.,.,.,.,.,.,.,.,.,.,.,.,.,.,.,.,.,.,.,.,.,.,.,.,.,.,.,.,.,.,.,.,.,.,.,.,.,.,.,.,.,.,.,.,.,.,.,.,.,.,.,.,.,.,.,.,.
006,YU18,âFåüë∫âFåü,âÇî¸âFåü,3,2,2,,Ç›Ç›,_mi_mi/(_mi_mi_),_mi_mi,m,i,m,i,.,.,.,.,.,.,.,.,.,.,.,.,1,4,0,0,0,1,1,1,1,0,1,4,0,0,0,1,1,1,1,0,.,.,.,.,.,.,.,.,.,.,.,.,.,.,.,.,.,.,.,.,.,.,.,.,.,.,.,.,.,.,.,.,.,.,.,.,.,.,.,.,.,.,.,.,.,.,.,.,.,.,.,.,.,.,.,.,.,.,.,.,10000000000000001,10001000,100001,1001,101,10000001,100001,10001,101,101,10000000000000001,10001000,100001,1001,101,10000001,100001,10001,101,101,.,.,.,.,.,.,.,.,.,.,.,.,.,.,.,.,.,.,.,.,.,.,.,.,.,.,.,.,.,.,.,.,.,.,.,.,.,.,.,.,.,.,.,.,.,.,.,.,.,.,.,.,.,.,.,.,.,.,.,.
007,AN05,ê£åÀì‡í¨ä«ì›,ê£åÀä«ì›,4,2,3,,Ç›Ç›,mi_mi_,mi_mi_,m,i,m,i:,.,.,.,.,.,.,.,.,.,.,.,.,1,4,0,0,0,1,1,1,1,0,1,4,0,0,0,2,1,1,1,0,.,.,.,.,.,.,.,.,.,.,.,.,.,.,.,.,.,.,.,.,.,.,.,.,.,.,.,.,.,.,.,.,.,.,.,.,.,.,.,.,.,.,.,.,.,.,.,.,.,.,.,.,.,.,.,.,.,.,.,.,10000000000000001,10001000,100001,1001,101,10000001,100001,10001,101,101,10000000000000001,10001000,100001,1001,101,10000010,100001,10001,101,101,.,.,.,.,.,.,.,.,.,.,.,.,.,.,.,.,.,.,.,.,.,.,.,.,.,.,.,.,.,.,.,.,.,.,.,.,.,.,.,.,.,.,.,.,.,.,.,.,.,.,.,.,.,.,.,.,.,.,.,.
008,AN13,ê£åÀì‡í¨ïêñº,ê£åÀïêñº,4,2,3,,Ç›Ç›,_mimi_,_mimi_,m,i,m,i:,.,.,.,.,.,.,.,.,.,.,.,.,1,4,0,0,0,1,1,1,1,0,1,4,0,0,0,2,1,1,1,0,.,.,.,.,.,.,.,.,.,.,.,.,.,.,.,.,.,.,.,.,.,.,.,.,.,.,.,.,.,.,.,.,.,.,.,.,.,.,.,.,.,.,.,.,.,.,.,.,.,.,.,.,.,.,.,.,.,.,.,.,10000000000000001,10001000,100001,1001,101,10000001,100001,10001,101,101,10000000000000001,10001000,100001,1001,101,10000010,100001,10001,101,101,.,.,.,.,.,.,.,.,.,.,.,.,.,.,.,.,.,.,.,.,.,.,.,.,.,.,.,.,.,.,.,.,.,.,.,.,.,.,.,.,.,.,.,.,.,.,.,.,.,.,.,.,.,.,.,.,.,.,.,.
009,AH14,ê£åÀì‡í¨â√ìS,ê£åÀâ√ìS,3,2,2,,Ç›Ç›,_mi_mi,_mi_mi,m,i,m,i,.,.,.,.,.,.,.,.,.,.,.,.,1,4,0,0,0,1,1,1,1,0,1,4,0,0,0,1,1,1,1,0,.,.,.,.,.,.,.,.,.,.,.,.,.,.,.,.,.,.,.,.,.,.,.,.,.,.,.,.,.,.,.,.,.,.,.,.,.,.,.,.,.,.,.,.,.,.,.,.,.,.,.,.,.,.,.,.,.,.,.,.,10000000000000001,10001000,100001,1001,101,10000001,100001,10001,101,101,10000000000000001,10001000,100001,1001,101,10000001,100001,10001,101,101,.,.,.,.,.,.,.,.,.,.,.,.,.,.,.,.,.,.,.,.,.,.,.,.,.,.,.,.,.,.,.,.,.,.,.,.,.,.,.,.,.,.,.,.,.,.,.,.,.,.,.,.,.,.,.,.,.,.,.,.
010,AH15,ê£åÀì‡í¨ìnòA,ê£åÀìnòA,3,2,2,,Ç›Ç›,mi_mi/mi_mi_,mi_mi,m,i,m,i,.,.,.,.,.,.,.,.,.,.,.,.,1,4,0,0,0,1,1,1,1,0,1,4,0,0,0,1,1,1,1,0,.,.,.,.,.,.,.,.,.,.,.,.,.,.,.,.,.,.,.,.,.,.,.,.,.,.,.,.,.,.,.,.,.,.,.,.,.,.,.,.,.,.,.,.,.,.,.,.,.,.,.,.,.,.,.,.,.,.,.,.,10000000000000001,10001000,100001,1001,101,10000001,100001,10001,101,101,10000000000000001,10001000,100001,1001,101,10000001,100001,10001,101,101,.,.,.,.,.,.,.,.,.,.,.,.,.,.,.,.,.,.,.,.,.,.,.,.,.,.,.,.,.,.,.,.,.,.,.,.,.,.,.,.,.,.,.,.,.,.,.,.,.,.,.,.,.,.,.,.,.,.,.,.
011,KK01,äÏäEí¨éuåÀâ±,äÏäEéuåÀâ±,3,2,2,,Ç›Ç›,mi_mi,mi_mi,m,i,m,i,.,.,.,.,.,.,.,.,.,.,.,.,1,4,0,0,0,1,1,1,1,0,1,4,0,0,0,1,1,1,1,0,.,.,.,.,.,.,.,.,.,.,.,.,.,.,.,.,.,.,.,.,.,.,.,.,.,.,.,.,.,.,.,.,.,.,.,.,.,.,.,.,.,.,.,.,.,.,.,.,.,.,.,.,.,.,.,.,.,.,.,.,10000000000000001,10001000,100001,1001,101,10000001,100001,10001,101,101,10000000000000001,10001000,100001,1001,101,10000001,100001,10001,101,101,.,.,.,.,.,.,.,.,.,.,.,.,.,.,.,.,.,.,.,.,.,.,.,.,.,.,.,.,.,.,.,.,.,.,.,.,.,.,.,.,.,.,.,.,.,.,.,.,.,.,.,.,.,.,.,.,.,.,.,.
012,KK12,äÏäEí¨à¢ì`,äÏäEà¢ì`,3,2,2,,Ç›Ç›,mi_mi,mi_mi,m,i,m,i,.,.,.,.,.,.,.,.,.,.,.,.,1,4,0,0,0,1,1,1,1,0,1,4,0,0,0,1,1,1,1,0,.,.,.,.,.,.,.,.,.,.,.,.,.,.,.,.,.,.,.,.,.,.,.,.,.,.,.,.,.,.,.,.,.,.,.,.,.,.,.,.,.,.,.,.,.,.,.,.,.,.,.,.,.,.,.,.,.,.,.,.,10000000000000001,10001000,100001,1001,101,10000001,100001,10001,101,101,10000000000000001,10001000,100001,1001,101,10000001,100001,10001,101,101,.,.,.,.,.,.,.,.,.,.,.,.,.,.,.,.,.,.,.,.,.,.,.,.,.,.,.,.,.,.,.,.,.,.,.,.,.,.,.,.,.,.,.,.,.,.,.,.,.,.,.,.,.,.,.,.,.,.,.,.
013,KK22,äÏäEí¨òp,äÏäEòp,3,2,2,,Ç›Ç›,mi_mi,mi_mi,m,i,m,i,.,.,.,.,.,.,.,.,.,.,.,.,1,4,0,0,0,1,1,1,1,0,1,4,0,0,0,1,1,1,1,0,.,.,.,.,.,.,.,.,.,.,.,.,.,.,.,.,.,.,.,.,.,.,.,.,.,.,.,.,.,.,.,.,.,.,.,.,.,.,.,.,.,.,.,.,.,.,.,.,.,.,.,.,.,.,.,.,.,.,.,.,10000000000000001,10001000,100001,1001,101,10000001,100001,10001,101,101,10000000000000001,10001000,100001,1001,101,10000001,100001,10001,101,101,.,.,.,.,.,.,.,.,.,.,.,.,.,.,.,.,.,.,.,.,.,.,.,.,.,.,.,.,.,.,.,.,.,.,.,.,.,.,.,.,.,.,.,.,.,.,.,.,.,.,.,.,.,.,.,.,.,.,.,.
014,NM04,ìVèÈí¨êÛä‘,ìøîVêÛä‘,2,1,2,,Ç›Ç›,mi__,mi__,m,i,n2,-1,.,.,.,.,.,.,.,.,.,.,.,.,1,4,0,0,0,1,1,1,1,0,12,4,0,0,0,-1,-1,-1,-1,-1,.,.,.,.,.,.,.,.,.,.,.,.,.,.,.,.,.,.,.,.,.,.,.,.,.,.,.,.,.,.,.,.,.,.,.,.,.,.,.,.,.,.,.,.,.,.,.,.,.,.,.,.,.,.,.,.,.,.,.,.,10000000000000001,10001000,100001,1001,101,10000001,100001,10001,101,101,10000100000000000,10001000,100001,1001,101,00000000,000000,00000,000,000,.,.,.,.,.,.,.,.,.,.,.,.,.,.,.,.,.,.,.,.,.,.,.,.,.,.,.,.,.,.,.,.,.,.,.,.,.,.,.,.,.,.,.,.,.,.,.,.,.,.,.,.,.,.,.,.,.,.,.,.
015,TH03,ìøîVìáí¨ãTìø,ìøîVãTìø,2,1,2,,Ç›Ç›,mi__,mi__,m,i,n2,-1,.,.,.,.,.,.,.,.,.,.,.,.,1,4,0,0,0,1,1,1,1,0,12,4,0,0,0,-1,-1,-1,-1,-1,.,.,.,.,.,.,.,.,.,.,.,.,.,.,.,.,.,.,.,.,.,.,.,.,.,.,.,.,.,.,.,.,.,.,.,.,.,.,.,.,.,.,.,.,.,.,.,.,.,.,.,.,.,.,.,.,.,.,.,.,10000000000000001,10001000,100001,1001,101,10000001,100001,10001,101,101,10000100000000000,10001000,100001,1001,101,00000000,000000,00000,000,000,.,.,.,.,.,.,.,.,.,.,.,.,.,.,.,.,.,.,.,.,.,.,.,.,.,.,.,.,.,.,.,.,.,.,.,.,.,.,.,.,.,.,.,.,.,.,.,.,.,.,.,.,.,.,.,.,.,.,.,.
016,OM03,à…êÂí¨à…êÂ,ìøîVà…êÂ,2,1,2,,Ç›Ç›,mi__,mi__,m,i,n2,-1,.,.,.,.,.,.,.,.,.,.,.,.,1,4,0,0,0,1,1,1,1,0,12,4,0,0,0,-1,-1,-1,-1,-1,.,.,.,.,.,.,.,.,.,.,.,.,.,.,.,.,.,.,.,.,.,.,.,.,.,.,.,.,.,.,.,.,.,.,.,.,.,.,.,.,.,.,.,.,.,.,.,.,.,.,.,.,.,.,.,.,.,.,.,.,10000000000000001,10001000,100001,1001,101,10000001,100001,10001,101,101,10000100000000000,10001000,100001,1001,101,00000000,000000,00000,000,000,.,.,.,.,.,.,.,.,.,.,.,.,.,.,.,.,.,.,.,.,.,.,.,.,.,.,.,.,.,.,.,.,.,.,.,.,.,.,.,.,.,.,.,.,.,.,.,.,.,.,.,.,.,.,.,.,.,.,.,.
017,OK02,òaîëí¨òaîë,â´âiòaîë,4,2,3,,Ç›Ç›,mi_mi__,mi_mi__,m,i,m,i:,.,.,.,.,.,.,.,.,.,.,.,.,1,4,0,0,0,1,1,1,1,0,1,4,0,0,0,2,1,1,1,0,.,.,.,.,.,.,.,.,.,.,.,.,.,.,.,.,.,.,.,.,.,.,.,.,.,.,.,.,.,.,.,.,.,.,.,.,.,.,.,.,.,.,.,.,.,.,.,.,.,.,.,.,.,.,.,.,.,.,.,.,10000000000000001,10001000,100001,1001,101,10000001,100001,10001,101,101,10000000000000001,10001000,100001,1001,101,10000010,100001,10001,101,101,.,.,.,.,.,.,.,.,.,.,.,.,.,.,.,.,.,.,.,.,.,.,.,.,.,.,.,.,.,.,.,.,.,.,.,.,.,.,.,.,.,.,.,.,.,.,.,.,.,.,.,.,.,.,.,.,.,.,.,.
018,OK06,ímñºí¨ímñº,â´âiímñº,4,2,3,,Ç›Ç›,mi_mi_,mi_mi_,m,i,m,i:,.,.,.,.,.,.,.,.,.,.,.,.,1,4,0,0,0,1,1,1,1,0,1,4,0,0,0,2,1,1,1,0,.,.,.,.,.,.,.,.,.,.,.,.,.,.,.,.,.,.,.,.,.,.,.,.,.,.,.,.,.,.,.,.,.,.,.,.,.,.,.,.,.,.,.,.,.,.,.,.,.,.,.,.,.,.,.,.,.,.,.,.,10000000000000001,10001000,100001,1001,101,10000001,100001,10001,101,101,10000000000000001,10001000,100001,1001,101,10000010,100001,10001,101,101,.,.,.,.,.,.,.,.,.,.,.,.,.,.,.,.,.,.,.,.,.,.,.,.,.,.,.,.,.,.,.,.,.,.,.,.,.,.,.,.,.,.,.,.,.,.,.,.,.,.,.,.,.,.,.,.,.,.,.,.
019,YR01,ó^ò_í¨íÉâ‘,ó^ò_íÉâ‘,2,1,2,,Ç›Ç›,_mi_,_mi_,m,i,n2,-1,.,.,.,.,.,.,.,.,.,.,.,.,1,4,0,0,0,1,1,1,1,0,12,4,0,0,0,-1,-1,-1,-1,-1,.,.,.,.,.,.,.,.,.,.,.,.,.,.,.,.,.,.,.,.,.,.,.,.,.,.,.,.,.,.,.,.,.,.,.,.,.,.,.,.,.,.,.,.,.,.,.,.,.,.,.,.,.,.,.,.,.,.,.,.,10000000000000001,10001000,100001,1001,101,10000001,100001,10001,101,101,10000100000000000,10001000,100001,1001,101,00000000,000000,00000,000,000,.,.,.,.,.,.,.,.,.,.,.,.,.,.,.,.,.,.,.,.,.,.,.,.,.,.,.,.,.,.,.,.,.,.,.,.,.,.,.,.,.,.,.,.,.,.,.,.,.,.,.,.,.,.,.,.,.,.,.,.
020,IH02,à…ïΩâÆë∫â‰äÏâÆ,à…ïΩâ‰äÏâÆ,4,2,3,,Ç›Ç›,mimi__,mimi__,m,i,m,i:,.,.,.,.,.,.,.,.,.,.,.,.,1,4,0,0,0,1,1,1,1,0,1,4,0,0,0,2,1,1,1,0,.,.,.,.,.,.,.,.,.,.,.,.,.,.,.,.,.,.,.,.,.,.,.,.,.,.,.,.,.,.,.,.,.,.,.,.,.,.,.,.,.,.,.,.,.,.,.,.,.,.,.,.,.,.,.,.,.,.,.,.,10000000000000001,10001000,100001,1001,101,10000001,100001,10001,101,101,10000000000000001,10001000,100001,1001,101,10000010,100001,10001,101,101,.,.,.,.,.,.,.,.,.,.,.,.,.,.,.,.,.,.,.,.,.,.,.,.,.,.,.,.,.,.,.,.,.,.,.,.,.,.,.,.,.,.,.,.,.,.,.,.,.,.,.,.,.,.,.,.,.,.,.,.
021,IZ01,à…ê•ñºë∫èîå©,à…ê•èîå©,4,2,3,,Ç›Ç›,mimi_Åö,mimi_Åö,m,i,m,i:,.,.,.,.,.,.,.,.,.,.,.,.,1,4,0,0,0,1,1,1,1,0,1,4,0,0,0,2,1,1,1,0,.,.,.,.,.,.,.,.,.,.,.,.,.,.,.,.,.,.,.,.,.,.,.,.,.,.,.,.,.,.,.,.,.,.,.,.,.,.,.,.,.,.,.,.,.,.,.,.,.,.,.,.,.,.,.,.,.,.,.,.,10000000000000001,10001000,100001,1001,101,10000001,100001,10001,101,101,10000000000000001,10001000,100001,1001,101,10000010,100001,10001,101,101,.,.,.,.,.,.,.,.,.,.,.,.,.,.,.,.,.,.,.,.,.,.,.,.,.,.,.,.,.,.,.,.,.,.,.,.,.,.,.,.,.,.,.,.,.,.,.,.,.,.,.,.,.,.,.,.,.,.,.,.
022,IE02,à…ç]ë∫ìåç]ëO,à…ç]ìåç]ëO,4,2,3,,Ç›Ç›,nini__,nini__,n,i,n,i:,.,.,.,.,.,.,.,.,.,.,.,.,4,4,0,0,0,1,1,1,1,0,4,4,0,0,0,2,1,1,1,0,.,.,.,.,.,.,.,.,.,.,.,.,.,.,.,.,.,.,.,.,.,.,.,.,.,.,.,.,.,.,.,.,.,.,.,.,.,.,.,.,.,.,.,.,.,.,.,.,.,.,.,.,.,.,.,.,.,.,.,.,10000000000001000,10001000,100001,1001,101,10000001,100001,10001,101,101,10000000000001000,10001000,100001,1001,101,10000010,100001,10001,101,101,.,.,.,.,.,.,.,.,.,.,.,.,.,.,.,.,.,.,.,.,.,.,.,.,.,.,.,.,.,.,.,.,.,.,.,.,.,.,.,.,.,.,.,.,.,.,.,.,.,.,.,.,.,.,.,.,.,.,.,.
023,KU14,çëì™ë∫ï”ìyñº,çëì™ï”ìyñº,4,2,3,,Ç›Ç›,(mi_mi_)Å`mi_mi,mimi_,m,i,m,i:,.,.,.,.,.,.,.,.,.,.,.,.,1,4,0,0,0,1,1,1,1,0,1,4,0,0,0,2,1,1,1,0,.,.,.,.,.,.,.,.,.,.,.,.,.,.,.,.,.,.,.,.,.,.,.,.,.,.,.,.,.,.,.,.,.,.,.,.,.,.,.,.,.,.,.,.,.,.,.,.,.,.,.,.,.,.,.,.,.,.,.,.,10000000000000001,10001000,100001,1001,101,10000001,100001,10001,101,101,10000000000000001,10001000,100001,1001,101,10000010,100001,10001,101,101,.,.,.,.,.,.,.,.,.,.,.,.,.,.,.,.,.,.,.,.,.,.,.,.,.,.,.,.,.,.,.,.,.,.,.,.,.,.,.,.,.,.,.,.,.,.,.,.,.,.,.,.,.,.,.,.,.,.,.,.
024,KU08,çëì™ë∫ï”ñÏäÏ,çëì™ï”ñÏäÏ,3,2,2,,Ç›Ç›,mi_mi,mi_mi,m,i,m,i,.,.,.,.,.,.,.,.,.,.,.,.,1,4,0,0,0,1,1,1,1,0,1,4,0,0,0,1,1,1,1,0,.,.,.,.,.,.,.,.,.,.,.,.,.,.,.,.,.,.,.,.,.,.,.,.,.,.,.,.,.,.,.,.,.,.,.,.,.,.,.,.,.,.,.,.,.,.,.,.,.,.,.,.,.,.,.,.,.,.,.,.,10000000000000001,10001000,100001,1001,101,10000001,100001,10001,101,101,10000000000000001,10001000,100001,1001,101,10000001,100001,10001,101,101,.,.,.,.,.,.,.,.,.,.,.,.,.,.,.,.,.,.,.,.,.,.,.,.,.,.,.,.,.,.,.,.,.,.,.,.,.,.,.,.,.,.,.,.,.,.,.,.,.,.,.,.,.,.,.,.,.,.,.,.
025,OG07,ëÂãXñ°ë∫ç™òHñ¡,ëÂãXç™òHñ¡,3,2,2,,Ç›Ç›,mi_mi,mi_mi,m,i,m,i,.,.,.,.,.,.,.,.,.,.,.,.,1,4,0,0,0,1,1,1,1,0,1,4,0,0,0,1,1,1,1,0,.,.,.,.,.,.,.,.,.,.,.,.,.,.,.,.,.,.,.,.,.,.,.,.,.,.,.,.,.,.,.,.,.,.,.,.,.,.,.,.,.,.,.,.,.,.,.,.,.,.,.,.,.,.,.,.,.,.,.,.,10000000000000001,10001000,100001,1001,101,10000001,100001,10001,101,101,10000000000000001,10001000,100001,1001,101,10000001,100001,10001,101,101,.,.,.,.,.,.,.,.,.,.,.,.,.,.,.,.,.,.,.,.,.,.,.,.,.,.,.,.,.,.,.,.,.,.,.,.,.,.,.,.,.,.,.,.,.,.,.,.,.,.,.,.,.,.,.,.,.,.,.,.
026,NN12,ç°ãAêmë∫ó^ìﬂó‰,ç°ãAó^ìﬂó‰,4,2,3,,Ç›Ç›,mimi__,mimi__,m,i,m,i:,.,.,.,.,.,.,.,.,.,.,.,.,1,4,0,0,0,1,1,1,1,0,1,4,0,0,0,2,1,1,1,0,.,.,.,.,.,.,.,.,.,.,.,.,.,.,.,.,.,.,.,.,.,.,.,.,.,.,.,.,.,.,.,.,.,.,.,.,.,.,.,.,.,.,.,.,.,.,.,.,.,.,.,.,.,.,.,.,.,.,.,.,10000000000000001,10001000,100001,1001,101,10000001,100001,10001,101,101,10000000000000001,10001000,100001,1001,101,10000010,100001,10001,101,101,.,.,.,.,.,.,.,.,.,.,.,.,.,.,.,.,.,.,.,.,.,.,.,.,.,.,.,.,.,.,.,.,.,.,.,.,.,.,.,.,.,.,.,.,.,.,.,.,.,.,.,.,.,.,.,.,.,.,.,.
027,MB02,ñ{ïîí¨îıê£,ñ{ïîîıê£,3,2,2,,Ç›Ç›,_mimi,_mimi,m,i,m,i,.,.,.,.,.,.,.,.,.,.,.,.,1,4,0,0,0,1,1,1,1,0,1,4,0,0,0,1,1,1,1,0,.,.,.,.,.,.,.,.,.,.,.,.,.,.,.,.,.,.,.,.,.,.,.,.,.,.,.,.,.,.,.,.,.,.,.,.,.,.,.,.,.,.,.,.,.,.,.,.,.,.,.,.,.,.,.,.,.,.,.,.,10000000000000001,10001000,100001,1001,101,10000001,100001,10001,101,101,10000000000000001,10001000,100001,1001,101,10000001,100001,10001,101,101,.,.,.,.,.,.,.,.,.,.,.,.,.,.,.,.,.,.,.,.,.,.,.,.,.,.,.,.,.,.,.,.,.,.,.,.,.,.,.,.,.,.,.,.,.,.,.,.,.,.,.,.,.,.,.,.,.,.,.,.
028,MB06,ñ{ïîí¨ïlå≥,ñ{ïîïlå≥,4,2,3,,Ç›Ç›,mi_mi_,mi_mi_,m,i,m,i:,.,.,.,.,.,.,.,.,.,.,.,.,1,4,0,0,0,1,1,1,1,0,1,4,0,0,0,2,1,1,1,0,.,.,.,.,.,.,.,.,.,.,.,.,.,.,.,.,.,.,.,.,.,.,.,.,.,.,.,.,.,.,.,.,.,.,.,.,.,.,.,.,.,.,.,.,.,.,.,.,.,.,.,.,.,.,.,.,.,.,.,.,10000000000000001,10001000,100001,1001,101,10000001,100001,10001,101,101,10000000000000001,10001000,100001,1001,101,10000010,100001,10001,101,101,.,.,.,.,.,.,.,.,.,.,.,.,.,.,.,.,.,.,.,.,.,.,.,.,.,.,.,.,.,.,.,.,.,.,.,.,.,.,.,.,.,.,.,.,.,.,.,.,.,.,.,.,.,.,.,.,.,.,.,.
029,HJ08,ñºåÏésêÏè„,ñºåÏêÏè„,4,2,3,,Ç›Ç›,mi_mi__,mi_mi__,m,i,m,i:,.,.,.,.,.,.,.,.,.,.,.,.,1,4,0,0,0,1,1,1,1,0,1,4,0,0,0,2,1,1,1,0,.,.,.,.,.,.,.,.,.,.,.,.,.,.,.,.,.,.,.,.,.,.,.,.,.,.,.,.,.,.,.,.,.,.,.,.,.,.,.,.,.,.,.,.,.,.,.,.,.,.,.,.,.,.,.,.,.,.,.,.,10000000000000001,10001000,100001,1001,101,10000001,100001,10001,101,101,10000000000000001,10001000,100001,1001,101,10000010,100001,10001,101,101,.,.,.,.,.,.,.,.,.,.,.,.,.,.,.,.,.,.,.,.,.,.,.,.,.,.,.,.,.,.,.,.,.,.,.,.,.,.,.,.,.,.,.,.,.,.,.,.,.,.,.,.,.,.,.,.,.,.,.,.
030,NG06,ñºåÏésñºåÏ,ñºåÏëÂåì,6,2,4,,Ç›Ç›,mi_mi__,mi_mi__,m,i:,m,i:,.,.,.,.,.,.,.,.,.,.,.,.,1,4,0,0,0,2,1,1,1,0,1,4,0,0,0,2,1,1,1,0,.,.,.,.,.,.,.,.,.,.,.,.,.,.,.,.,.,.,.,.,.,.,.,.,.,.,.,.,.,.,.,.,.,.,.,.,.,.,.,.,.,.,.,.,.,.,.,.,.,.,.,.,.,.,.,.,.,.,.,.,10000000000000001,10001000,100001,1001,101,10000010,100001,10001,101,101,10000000000000001,10001000,100001,1001,101,10000010,100001,10001,101,101,.,.,.,.,.,.,.,.,.,.,.,.,.,.,.,.,.,.,.,.,.,.,.,.,.,.,.,.,.,.,.,.,.,.,.,.,.,.,.,.,.,.,.,.,.,.,.,.,.,.,.,.,.,.,.,.,.,.,.,.
031,ON04,â∂î[ë∫â∂î[,â∂î[â∂î[,6,2,4,,Ç›Ç›,mi__mi__Å^mi__mi__,mi_mi_,m,i:,m,i:,.,.,.,.,.,.,.,.,.,.,.,.,1,4,0,0,0,2,1,1,1,0,1,4,0,0,0,2,1,1,1,0,.,.,.,.,.,.,.,.,.,.,.,.,.,.,.,.,.,.,.,.,.,.,.,.,.,.,.,.,.,.,.,.,.,.,.,.,.,.,.,.,.,.,.,.,.,.,.,.,.,.,.,.,.,.,.,.,.,.,.,.,10000000000000001,10001000,100001,1001,101,10000010,100001,10001,101,101,10000000000000001,10001000,100001,1001,101,10000010,100001,10001,101,101,.,.,.,.,.,.,.,.,.,.,.,.,.,.,.,.,.,.,.,.,.,.,.,.,.,.,.,.,.,.,.,.,.,.,.,.,.,.,.,.,.,.,.,.,.,.,.,.,.,.,.,.,.,.,.,.,.,.,.,.
032,KI06,ã‡ïêí¨ã‡ïê,ã‡ïêã‡ïê,3,2,2,,Ç›Ç›,mi_mi,mi_mi,m,i,m,i,.,.,.,.,.,.,.,.,.,.,.,.,1,4,0,0,0,1,1,1,1,0,1,4,0,0,0,1,1,1,1,0,.,.,.,.,.,.,.,.,.,.,.,.,.,.,.,.,.,.,.,.,.,.,.,.,.,.,.,.,.,.,.,.,.,.,.,.,.,.,.,.,.,.,.,.,.,.,.,.,.,.,.,.,.,.,.,.,.,.,.,.,10000000000000001,10001000,100001,1001,101,10000001,100001,10001,101,101,10000000000000001,10001000,100001,1001,101,10000001,100001,10001,101,101,.,.,.,.,.,.,.,.,.,.,.,.,.,.,.,.,.,.,.,.,.,.,.,.,.,.,.,.,.,.,.,.,.,.,.,.,.,.,.,.,.,.,.,.,.,.,.,.,.,.,.,.,.,.,.,.,.,.,.,.
033,YT15,ì«íJë∫å√åò,ì«íJå√åò,3,2,2,,Ç›Ç›,mimi,mimi,m,i,m,i,.,.,.,.,.,.,.,.,.,.,.,.,1,4,0,0,0,1,1,1,1,0,1,4,0,0,0,1,1,1,1,0,.,.,.,.,.,.,.,.,.,.,.,.,.,.,.,.,.,.,.,.,.,.,.,.,.,.,.,.,.,.,.,.,.,.,.,.,.,.,.,.,.,.,.,.,.,.,.,.,.,.,.,.,.,.,.,.,.,.,.,.,10000000000000001,10001000,100001,1001,101,10000001,100001,10001,101,101,10000000000000001,10001000,100001,1001,101,10000001,100001,10001,101,101,.,.,.,.,.,.,.,.,.,.,.,.,.,.,.,.,.,.,.,.,.,.,.,.,.,.,.,.,.,.,.,.,.,.,.,.,.,.,.,.,.,.,.,.,.,.,.,.,.,.,.,.,.,.,.,.,.,.,.,.
034,MS01,ãåêŒêÏésêŒêÏ,êŒêÏêŒêÏ,3,2,2,,Ç›Ç›,mi_mi,mi_mi,m,i,m,i,.,.,.,.,.,.,.,.,.,.,.,.,1,4,0,0,0,1,1,1,1,0,1,4,0,0,0,1,1,1,1,0,.,.,.,.,.,.,.,.,.,.,.,.,.,.,.,.,.,.,.,.,.,.,.,.,.,.,.,.,.,.,.,.,.,.,.,.,.,.,.,.,.,.,.,.,.,.,.,.,.,.,.,.,.,.,.,.,.,.,.,.,10000000000000001,10001000,100001,1001,101,10000001,100001,10001,101,101,10000000000000001,10001000,100001,1001,101,10000001,100001,10001,101,101,.,.,.,.,.,.,.,.,.,.,.,.,.,.,.,.,.,.,.,.,.,.,.,.,.,.,.,.,.,.,.,.,.,.,.,.,.,.,.,.,.,.,.,.,.,.,.,.,.,.,.,.,.,.,.,.,.,.,.,.
035,GK07,â´ìÍéså”âÆ,â´ìÍå”âÆ,3,2,2,,Ç›Ç›,mi_mi,mi_mi,m,i,m,i,.,.,.,.,.,.,.,.,.,.,.,.,1,4,0,0,0,1,1,1,1,0,1,4,0,0,0,1,1,1,1,0,.,.,.,.,.,.,.,.,.,.,.,.,.,.,.,.,.,.,.,.,.,.,.,.,.,.,.,.,.,.,.,.,.,.,.,.,.,.,.,.,.,.,.,.,.,.,.,.,.,.,.,.,.,.,.,.,.,.,.,.,10000000000000001,10001000,100001,1001,101,10000001,100001,10001,101,101,10000000000000001,10001000,100001,1001,101,10000001,100001,10001,101,101,.,.,.,.,.,.,.,.,.,.,.,.,.,.,.,.,.,.,.,.,.,.,.,.,.,.,.,.,.,.,.,.,.,.,.,.,.,.,.,.,.,.,.,.,.,.,.,.,.,.,.,.,.,.,.,.,.,.,.,.
036,GS08,ãåãÔéuêÏésãÔéuêÏ,Ç§ÇÈãÔéuêÏ,3,2,2,,Ç›Ç›,mi_mi,mi_mi,m,i,m,i,.,.,.,.,.,.,.,.,.,.,.,.,1,4,0,0,0,1,1,1,1,0,1,4,0,0,0,1,1,1,1,0,.,.,.,.,.,.,.,.,.,.,.,.,.,.,.,.,.,.,.,.,.,.,.,.,.,.,.,.,.,.,.,.,.,.,.,.,.,.,.,.,.,.,.,.,.,.,.,.,.,.,.,.,.,.,.,.,.,.,.,.,10000000000000001,10001000,100001,1001,101,10000001,100001,10001,101,101,10000000000000001,10001000,100001,1001,101,10000001,100001,10001,101,101,.,.,.,.,.,.,.,.,.,.,.,.,.,.,.,.,.,.,.,.,.,.,.,.,.,.,.,.,.,.,.,.,.,.,.,.,.,.,.,.,.,.,.,.,.,.,.,.,.,.,.,.,.,.,.,.,.,.,.,.
037,YN02,ãåèüòAí¨ó^ìﬂèÈ,Ç§ÇÈó^ìﬂèÈ,3,2,2,,Ç›Ç›,mi_mi,mi_mi,m,i,m,i,.,.,.,.,.,.,.,.,.,.,.,.,1,4,0,0,0,1,1,1,1,0,1,4,0,0,0,1,1,1,1,0,.,.,.,.,.,.,.,.,.,.,.,.,.,.,.,.,.,.,.,.,.,.,.,.,.,.,.,.,.,.,.,.,.,.,.,.,.,.,.,.,.,.,.,.,.,.,.,.,.,.,.,.,.,.,.,.,.,.,.,.,10000000000000001,10001000,100001,1001,101,10000001,100001,10001,101,101,10000000000000001,10001000,100001,1001,101,10000001,100001,10001,101,101,.,.,.,.,.,.,.,.,.,.,.,.,.,.,.,.,.,.,.,.,.,.,.,.,.,.,.,.,.,.,.,.,.,.,.,.,.,.,.,.,.,.,.,.,.,.,.,.,.,.,.,.,.,.,.,.,.,.,.,.
038,YN09,ãåèüòAí¨ïΩà¿ç¿,Ç§ÇÈïΩà¿ç¿,5,2,3,,Ç›Ç›,mi___mi,mi___mi,m,i,m,i,.,.,.,.,.,.,.,.,.,.,.,.,1,4,0,0,0,1,1,1,1,0,1,4,0,0,0,1,1,1,1,0,.,.,.,.,.,.,.,.,.,.,.,.,.,.,.,.,.,.,.,.,.,.,.,.,.,.,.,.,.,.,.,.,.,.,.,.,.,.,.,.,.,.,.,.,.,.,.,.,.,.,.,.,.,.,.,.,.,.,.,.,10000000000000001,10001000,100001,1001,101,10000001,100001,10001,101,101,10000000000000001,10001000,100001,1001,101,10000001,100001,10001,101,101,.,.,.,.,.,.,.,.,.,.,.,.,.,.,.,.,.,.,.,.,.,.,.,.,.,.,.,.,.,.,.,.,.,.,.,.,.,.,.,.,.,.,.,.,.,.,.,.,.,.,.,.,.,.,.,.,.,.,.,.
039,CT12,ñkíJí¨ñkíJ,ñkíJñkíJ,3,2,2,,Ç›Ç›,mimi,mimi,m,i,m,i,.,.,.,.,.,.,.,.,.,.,.,.,1,4,0,0,0,1,1,1,1,0,1,4,0,0,0,1,1,1,1,0,.,.,.,.,.,.,.,.,.,.,.,.,.,.,.,.,.,.,.,.,.,.,.,.,.,.,.,.,.,.,.,.,.,.,.,.,.,.,.,.,.,.,.,.,.,.,.,.,.,.,.,.,.,.,.,.,.,.,.,.,10000000000000001,10001000,100001,1001,101,10000001,100001,10001,101,101,10000000000000001,10001000,100001,1001,101,10000001,100001,10001,101,101,.,.,.,.,.,.,.,.,.,.,.,.,.,.,.,.,.,.,.,.,.,.,.,.,.,.,.,.,.,.,.,.,.,.,.,.,.,.,.,.,.,.,.,.,.,.,.,.,.,.,.,.,.,.,.,.,.,.,.,.
040,NK17,íÜèÈë∫âÆãX,ñkíÜâÆãX,3,2,2,,Ç›Ç›,_mimi,_mimi,m,i,m,i,.,.,.,.,.,.,.,.,.,.,.,.,1,4,0,0,0,1,1,1,1,0,1,4,0,0,0,1,1,1,1,0,.,.,.,.,.,.,.,.,.,.,.,.,.,.,.,.,.,.,.,.,.,.,.,.,.,.,.,.,.,.,.,.,.,.,.,.,.,.,.,.,.,.,.,.,.,.,.,.,.,.,.,.,.,.,.,.,.,.,.,.,10000000000000001,10001000,100001,1001,101,10000001,100001,10001,101,101,10000000000000001,10001000,100001,1001,101,10000001,100001,10001,101,101,.,.,.,.,.,.,.,.,.,.,.,.,.,.,.,.,.,.,.,.,.,.,.,.,.,.,.,.,.,.,.,.,.,.,.,.,.,.,.,.,.,.,.,.,.,.,.,.,.,.,.,.,.,.,.,.,.,.,.,.
041,GW01,ãXñÏòpésïÅìVä‘,ãXòpïÅìVä‘,3,2,2,,Ç›Ç›,_mimi,_mimi,m,i,m,i,.,.,.,.,.,.,.,.,.,.,.,.,1,4,0,0,0,1,1,1,1,0,1,4,0,0,0,1,1,1,1,0,.,.,.,.,.,.,.,.,.,.,.,.,.,.,.,.,.,.,.,.,.,.,.,.,.,.,.,.,.,.,.,.,.,.,.,.,.,.,.,.,.,.,.,.,.,.,.,.,.,.,.,.,.,.,.,.,.,.,.,.,10000000000000001,10001000,100001,1001,101,10000001,100001,10001,101,101,10000000000000001,10001000,100001,1001,101,10000001,100001,10001,101,101,.,.,.,.,.,.,.,.,.,.,.,.,.,.,.,.,.,.,.,.,.,.,.,.,.,.,.,.,.,.,.,.,.,.,.,.,.,.,.,.,.,.,.,.,.,.,.,.,.,.,.,.,.,.,.,.,.,.,.,.
042,GW06,ãXñÏòpésëÂéR,ãXòpëÂéR,3,2,2,,Ç›Ç›,_mimi,_mimi,m,i,m,i,.,.,.,.,.,.,.,.,.,.,.,.,1,4,0,0,0,1,1,1,1,0,1,4,0,0,0,1,1,1,1,0,.,.,.,.,.,.,.,.,.,.,.,.,.,.,.,.,.,.,.,.,.,.,.,.,.,.,.,.,.,.,.,.,.,.,.,.,.,.,.,.,.,.,.,.,.,.,.,.,.,.,.,.,.,.,.,.,.,.,.,.,10000000000000001,10001000,100001,1001,101,10000001,100001,10001,101,101,10000000000000001,10001000,100001,1001,101,10000001,100001,10001,101,101,.,.,.,.,.,.,.,.,.,.,.,.,.,.,.,.,.,.,.,.,.,.,.,.,.,.,.,.,.,.,.,.,.,.,.,.,.,.,.,.,.,.,.,.,.,.,.,.,.,.,.,.,.,.,.,.,.,.,.,.
043,US06,âYìYésà¿îgíÉ,âYìYà¿îgíÉ,3,2,2,,Ç›Ç›,mi_mi,mi_mi,m,i,m,i,.,.,.,.,.,.,.,.,.,.,.,.,1,4,0,0,0,1,1,1,1,0,1,4,0,0,0,1,1,1,1,0,.,.,.,.,.,.,.,.,.,.,.,.,.,.,.,.,.,.,.,.,.,.,.,.,.,.,.,.,.,.,.,.,.,.,.,.,.,.,.,.,.,.,.,.,.,.,.,.,.,.,.,.,.,.,.,.,.,.,.,.,10000000000000001,10001000,100001,1001,101,10000001,100001,10001,101,101,10000000000000001,10001000,100001,1001,101,10000001,100001,10001,101,101,.,.,.,.,.,.,.,.,.,.,.,.,.,.,.,.,.,.,.,.,.,.,.,.,.,.,.,.,.,.,.,.,.,.,.,.,.,.,.,.,.,.,.,.,.,.,.,.,.,.,.,.,.,.,.,.,.,.,.,.
044,NH10,êºå¥í¨è¨îgí√,êºå¥è¨îgí√,3,2,2,,Ç›Ç›,_mimi,_mimi,m,i,m,i,.,.,.,.,.,.,.,.,.,.,.,.,1,4,0,0,0,1,1,1,1,0,1,4,0,0,0,1,1,1,1,0,.,.,.,.,.,.,.,.,.,.,.,.,.,.,.,.,.,.,.,.,.,.,.,.,.,.,.,.,.,.,.,.,.,.,.,.,.,.,.,.,.,.,.,.,.,.,.,.,.,.,.,.,.,.,.,.,.,.,.,.,10000000000000001,10001000,100001,1001,101,10000001,100001,10001,101,101,10000000000000001,10001000,100001,1001,101,10000001,100001,10001,101,101,.,.,.,.,.,.,.,.,.,.,.,.,.,.,.,.,.,.,.,.,.,.,.,.,.,.,.,.,.,.,.,.,.,.,.,.,.,.,.,.,.,.,.,.,.,.,.,.,.,.,.,.,.,.,.,.,.,.,.,.
045,NK25,èüòAí¨í√åò,Ç§ÇÈí√åò,5,2,3,,Ç›Ç›,_mi_mi/mi_mi,_mi_mi,m,i:,m,i,.,.,.,.,.,.,.,.,.,.,.,.,1,4,0,0,0,2,1,1,1,0,1,4,0,0,0,1,1,1,1,0,.,.,.,.,.,.,.,.,.,.,.,.,.,.,.,.,.,.,.,.,.,.,.,.,.,.,.,.,.,.,.,.,.,.,.,.,.,.,.,.,.,.,.,.,.,.,.,.,.,.,.,.,.,.,.,.,.,.,.,.,10000000000000001,10001000,100001,1001,101,10000010,100001,10001,101,101,10000000000000001,10001000,100001,1001,101,10000001,100001,10001,101,101,.,.,.,.,.,.,.,.,.,.,.,.,.,.,.,.,.,.,.,.,.,.,.,.,.,.,.,.,.,.,.,.,.,.,.,.,.,.,.,.,.,.,.,.,.,.,.,.,.,.,.,.,.,.,.,.,.,.,.,.
046,MW03,ìﬂîeéséÒó¢ìñë†émë∞,ìﬂîeìñë†ém,3,2,2,,Ç›Ç›,_mimi,_mimi,m,i,m,i,.,.,.,.,.,.,.,.,.,.,.,.,1,4,0,0,0,1,1,1,1,0,1,4,0,0,0,1,1,1,1,0,.,.,.,.,.,.,.,.,.,.,.,.,.,.,.,.,.,.,.,.,.,.,.,.,.,.,.,.,.,.,.,.,.,.,.,.,.,.,.,.,.,.,.,.,.,.,.,.,.,.,.,.,.,.,.,.,.,.,.,.,10000000000000001,10001000,100001,1001,101,10000001,100001,10001,101,101,10000000000000001,10001000,100001,1001,101,10000001,100001,10001,101,101,.,.,.,.,.,.,.,.,.,.,.,.,.,.,.,.,.,.,.,.,.,.,.,.,.,.,.,.,.,.,.,.,.,.,.,.,.,.,.,.,.,.,.,.,.,.,.,.,.,.,.,.,.,.,.,.,.,.,.,.
047,MW04,ìﬂîeéséÒó¢ìñë†,ìﬂîeìñë†ïΩ,3,2,2,,Ç›Ç›,_mimi,_mimi,m,i,m,i,.,.,.,.,.,.,.,.,.,.,.,.,1,4,0,0,0,1,1,1,1,0,1,4,0,0,0,1,1,1,1,0,.,.,.,.,.,.,.,.,.,.,.,.,.,.,.,.,.,.,.,.,.,.,.,.,.,.,.,.,.,.,.,.,.,.,.,.,.,.,.,.,.,.,.,.,.,.,.,.,.,.,.,.,.,.,.,.,.,.,.,.,10000000000000001,10001000,100001,1001,101,10000001,100001,10001,101,101,10000000000000001,10001000,100001,1001,101,10000001,100001,10001,101,101,.,.,.,.,.,.,.,.,.,.,.,.,.,.,.,.,.,.,.,.,.,.,.,.,.,.,.,.,.,.,.,.,.,.,.,.,.,.,.,.,.,.,.,.,.,.,.,.,.,.,.,.,.,.,.,.,.,.,.,.
048,MW12,ìﬂîeésêÚçËémë∞,ìﬂîeêÚçËém,3,2,2,,Ç›Ç›,mimi,mimi,m,i,m,i,.,.,.,.,.,.,.,.,.,.,.,.,1,4,0,0,0,1,1,1,1,0,1,4,0,0,0,1,1,1,1,0,.,.,.,.,.,.,.,.,.,.,.,.,.,.,.,.,.,.,.,.,.,.,.,.,.,.,.,.,.,.,.,.,.,.,.,.,.,.,.,.,.,.,.,.,.,.,.,.,.,.,.,.,.,.,.,.,.,.,.,.,10000000000000001,10001000,100001,1001,101,10000001,100001,10001,101,101,10000000000000001,10001000,100001,1001,101,10000001,100001,10001,101,101,.,.,.,.,.,.,.,.,.,.,.,.,.,.,.,.,.,.,.,.,.,.,.,.,.,.,.,.,.,.,.,.,.,.,.,.,.,.,.,.,.,.,.,.,.,.,.,.,.,.,.,.,.,.,.,.,.,.,.,.
049,MW13,ìﬂîeésêÚçË,ìﬂîeêÚçËïΩ,3,2,2,,Ç›Ç›,mimi,mimi,m,i,m,i,.,.,.,.,.,.,.,.,.,.,.,.,1,4,0,0,0,1,1,1,1,0,1,4,0,0,0,1,1,1,1,0,.,.,.,.,.,.,.,.,.,.,.,.,.,.,.,.,.,.,.,.,.,.,.,.,.,.,.,.,.,.,.,.,.,.,.,.,.,.,.,.,.,.,.,.,.,.,.,.,.,.,.,.,.,.,.,.,.,.,.,.,10000000000000001,10001000,100001,1001,101,10000001,100001,10001,101,101,10000000000000001,10001000,100001,1001,101,10000001,100001,10001,101,101,.,.,.,.,.,.,.,.,.,.,.,.,.,.,.,.,.,.,.,.,.,.,.,.,.,.,.,.,.,.,.,.,.,.,.,.,.,.,.,.,.,.,.,.,.,.,.,.,.,.,.,.,.,.,.,.,.,.,.,.
050,MW09,ìﬂîeésà¿ó¢,ìﬂîeà¿ó¢,3,2,2,,Ç›Ç›,_mimi,_mimi,m,i,m,i,.,.,.,.,.,.,.,.,.,.,.,.,1,4,0,0,0,1,1,1,1,0,1,4,0,0,0,1,1,1,1,0,.,.,.,.,.,.,.,.,.,.,.,.,.,.,.,.,.,.,.,.,.,.,.,.,.,.,.,.,.,.,.,.,.,.,.,.,.,.,.,.,.,.,.,.,.,.,.,.,.,.,.,.,.,.,.,.,.,.,.,.,10000000000000001,10001000,100001,1001,101,10000001,100001,10001,101,101,10000000000000001,10001000,100001,1001,101,10000001,100001,10001,101,101,.,.,.,.,.,.,.,.,.,.,.,.,.,.,.,.,.,.,.,.,.,.,.,.,.,.,.,.,.,.,.,.,.,.,.,.,.,.,.,.,.,.,.,.,.,.,.,.,.,.,.,.,.,.,.,.,.,.,.,.
051,HB04,ìÏïóå¥í¨åìèÈ,ìÏïóåìèÈ,3,2,2,,Ç›Ç›,_mimi,_mimi,m,i,m,i,.,.,.,.,.,.,.,.,.,.,.,.,1,4,0,0,0,1,1,1,1,0,1,4,0,0,0,1,1,1,1,0,.,.,.,.,.,.,.,.,.,.,.,.,.,.,.,.,.,.,.,.,.,.,.,.,.,.,.,.,.,.,.,.,.,.,.,.,.,.,.,.,.,.,.,.,.,.,.,.,.,.,.,.,.,.,.,.,.,.,.,.,10000000000000001,10001000,100001,1001,101,10000001,100001,10001,101,101,10000000000000001,10001000,100001,1001,101,10000001,100001,10001,101,101,.,.,.,.,.,.,.,.,.,.,.,.,.,.,.,.,.,.,.,.,.,.,.,.,.,.,.,.,.,.,.,.,.,.,.,.,.,.,.,.,.,.,.,.,.,.,.,.,.,.,.,.,.,.,.,.,.,.,.,.
052,OZ02,ó^ìﬂå¥í¨ó^ìﬂå¥,ó^ìﬂó^ìﬂå¥,3,2,2,,Ç›Ç›,mi_mi,mi_mi,m,i,m,i,.,.,.,.,.,.,.,.,.,.,.,.,1,4,0,0,0,1,1,1,1,0,1,4,0,0,0,1,1,1,1,0,.,.,.,.,.,.,.,.,.,.,.,.,.,.,.,.,.,.,.,.,.,.,.,.,.,.,.,.,.,.,.,.,.,.,.,.,.,.,.,.,.,.,.,.,.,.,.,.,.,.,.,.,.,.,.,.,.,.,.,.,10000000000000001,10001000,100001,1001,101,10000001,100001,10001,101,101,10000000000000001,10001000,100001,1001,101,10000001,100001,10001,101,101,.,.,.,.,.,.,.,.,.,.,.,.,.,.,.,.,.,.,.,.,.,.,.,.,.,.,.,.,.,.,.,.,.,.,.,.,.,.,.,.,.,.,.,.,.,.,.,.,.,.,.,.,.,.,.,.,.,.,.,.
053,OZ05,ãåëÂó¢ë∫å√åò2,ìÏèÈå√åò2,3,2,2,,Ç›Ç›,mimi,mimi,m,i,m,i,.,.,.,.,.,.,.,.,.,.,.,.,1,4,0,0,0,1,1,1,1,0,1,4,0,0,0,1,1,1,1,0,.,.,.,.,.,.,.,.,.,.,.,.,.,.,.,.,.,.,.,.,.,.,.,.,.,.,.,.,.,.,.,.,.,.,.,.,.,.,.,.,.,.,.,.,.,.,.,.,.,.,.,.,.,.,.,.,.,.,.,.,10000000000000001,10001000,100001,1001,101,10000001,100001,10001,101,101,10000000000000001,10001000,100001,1001,101,10000001,100001,10001,101,101,.,.,.,.,.,.,.,.,.,.,.,.,.,.,.,.,.,.,.,.,.,.,.,.,.,.,.,.,.,.,.,.,.,.,.,.,.,.,.,.,.,.,.,.,.,.,.,.,.,.,.,.,.,.,.,.,.,.,.,.
054,SS05,ãåç≤ï~í¨ç≤ï~,ìÏèÈç≤ï~,3,2,2,,Ç›Ç›,_mimi,_mimi,m,i,m,i,.,.,.,.,.,.,.,.,.,.,.,.,1,4,0,0,0,1,1,1,1,0,1,4,0,0,0,1,1,1,1,0,.,.,.,.,.,.,.,.,.,.,.,.,.,.,.,.,.,.,.,.,.,.,.,.,.,.,.,.,.,.,.,.,.,.,.,.,.,.,.,.,.,.,.,.,.,.,.,.,.,.,.,.,.,.,.,.,.,.,.,.,10000000000000001,10001000,100001,1001,101,10000001,100001,10001,101,101,10000000000000001,10001000,100001,1001,101,10000001,100001,10001,101,101,.,.,.,.,.,.,.,.,.,.,.,.,.,.,.,.,.,.,.,.,.,.,.,.,.,.,.,.,.,.,.,.,.,.,.,.,.,.,.,.,.,.,.,.,.,.,.,.,.,.,.,.,.,.,.,.,.,.,.,.
055,CN05,ãåímîOë∫ímîO,ìÏèÈímîO,3,2,2,,Ç›Ç›,_mimi,_mimi,m,i,m,i,.,.,.,.,.,.,.,.,.,.,.,.,1,4,0,0,0,1,1,1,1,0,1,4,0,0,0,1,1,1,1,0,.,.,.,.,.,.,.,.,.,.,.,.,.,.,.,.,.,.,.,.,.,.,.,.,.,.,.,.,.,.,.,.,.,.,.,.,.,.,.,.,.,.,.,.,.,.,.,.,.,.,.,.,.,.,.,.,.,.,.,.,10000000000000001,10001000,100001,1001,101,10000001,100001,10001,101,101,10000000000000001,10001000,100001,1001,101,10000001,100001,10001,101,101,.,.,.,.,.,.,.,.,.,.,.,.,.,.,.,.,.,.,.,.,.,.,.,.,.,.,.,.,.,.,.,.,.,.,.,.,.,.,.,.,.,.,.,.,.,.,.,.,.,.,.,.,.,.,.,.,.,.,.,.
056,CN08,ãåímîOë∫ãvçÇ,ìÏèÈãvçÇ,3,2,2,,Ç›Ç›,_mimi,mimi,m,i,m,i,.,.,.,.,.,.,.,.,.,.,.,.,1,4,0,0,0,1,1,1,1,0,1,4,0,0,0,1,1,1,1,0,.,.,.,.,.,.,.,.,.,.,.,.,.,.,.,.,.,.,.,.,.,.,.,.,.,.,.,.,.,.,.,.,.,.,.,.,.,.,.,.,.,.,.,.,.,.,.,.,.,.,.,.,.,.,.,.,.,.,.,.,10000000000000001,10001000,100001,1001,101,10000001,100001,10001,101,101,10000000000000001,10001000,100001,1001,101,10000001,100001,10001,101,101,.,.,.,.,.,.,.,.,.,.,.,.,.,.,.,.,.,.,.,.,.,.,.,.,.,.,.,.,.,.,.,.,.,.,.,.,.,.,.,.,.,.,.,.,.,.,.,.,.,.,.,.,.,.,.,.,.,.,.,.
057,TM03,ãåã èÈë∫ã èÈ,ìÏèÈã èÈ,3,2,2,,Ç›Ç›,mimi,mimi,m,i,m,i,.,.,.,.,.,.,.,.,.,.,.,.,1,4,0,0,0,1,1,1,1,0,1,4,0,0,0,1,1,1,1,0,.,.,.,.,.,.,.,.,.,.,.,.,.,.,.,.,.,.,.,.,.,.,.,.,.,.,.,.,.,.,.,.,.,.,.,.,.,.,.,.,.,.,.,.,.,.,.,.,.,.,.,.,.,.,.,.,.,.,.,.,10000000000000001,10001000,100001,1001,101,10000001,100001,10001,101,101,10000000000000001,10001000,100001,1001,101,10000001,100001,10001,101,101,.,.,.,.,.,.,.,.,.,.,.,.,.,.,.,.,.,.,.,.,.,.,.,.,.,.,.,.,.,.,.,.,.,.,.,.,.,.,.,.,.,.,.,.,.,.,.,.,.,.,.,.,.,.,.,.,.,.,.,.
058,TM07,ãåã èÈë∫éÖêî,ìÏèÈéÖêî,3,2,2,,Ç›Ç›,mimi,mimi,m,i,m,i,.,.,.,.,.,.,.,.,.,.,.,.,1,4,0,0,0,1,1,1,1,0,1,4,0,0,0,1,1,1,1,0,.,.,.,.,.,.,.,.,.,.,.,.,.,.,.,.,.,.,.,.,.,.,.,.,.,.,.,.,.,.,.,.,.,.,.,.,.,.,.,.,.,.,.,.,.,.,.,.,.,.,.,.,.,.,.,.,.,.,.,.,10000000000000001,10001000,100001,1001,101,10000001,100001,10001,101,101,10000000000000001,10001000,100001,1001,101,10000001,100001,10001,101,101,.,.,.,.,.,.,.,.,.,.,.,.,.,.,.,.,.,.,.,.,.,.,.,.,.,.,.,.,.,.,.,.,.,.,.,.,.,.,.,.,.,.,.,.,.,.,.,.,.,.,.,.,.,.,.,.,.,.,.,.
059,GC02,ãåãÔéuì™ë∫ãÔéuì™,î™èdãÔéuì™,3,2,2,,Ç›Ç›,_mimi,_mimi,m,i,m,i,.,.,.,.,.,.,.,.,.,.,.,.,1,4,0,0,0,1,1,1,1,0,1,4,0,0,0,1,1,1,1,0,.,.,.,.,.,.,.,.,.,.,.,.,.,.,.,.,.,.,.,.,.,.,.,.,.,.,.,.,.,.,.,.,.,.,.,.,.,.,.,.,.,.,.,.,.,.,.,.,.,.,.,.,.,.,.,.,.,.,.,.,10000000000000001,10001000,100001,1001,101,10000001,100001,10001,101,101,10000000000000001,10001000,100001,1001,101,10000001,100001,10001,101,101,.,.,.,.,.,.,.,.,.,.,.,.,.,.,.,.,.,.,.,.,.,.,.,.,.,.,.,.,.,.,.,.,.,.,.,.,.,.,.,.,.,.,.,.,.,.,.,.,.,.,.,.,.,.,.,.,.,.,.,.
060,KD02,ãåìåïóïΩí¨óFäÒ,î™èdóFäÒ,3,2,2,,Ç›Ç›,_mimi,_mimi,m,i,m,i,.,.,.,.,.,.,.,.,.,.,.,.,1,4,0,0,0,1,1,1,1,0,1,4,0,0,0,1,1,1,1,0,.,.,.,.,.,.,.,.,.,.,.,.,.,.,.,.,.,.,.,.,.,.,.,.,.,.,.,.,.,.,.,.,.,.,.,.,.,.,.,.,.,.,.,.,.,.,.,.,.,.,.,.,.,.,.,.,.,.,.,.,10000000000000001,10001000,100001,1001,101,10000001,100001,10001,101,101,10000000000000001,10001000,100001,1001,101,10000001,100001,10001,101,101,.,.,.,.,.,.,.,.,.,.,.,.,.,.,.,.,.,.,.,.,.,.,.,.,.,.,.,.,.,.,.,.,.,.,.,.,.,.,.,.,.,.,.,.,.,.,.,.,.,.,.,.,.,.,.,.,.,.,.,.
061,MN03,éÖñûésïƒê{,éÖñûïƒê{,3,2,2,,Ç›Ç›,mi_mi,mi_mi,m,i,m,i,.,.,.,.,.,.,.,.,.,.,.,.,1,4,0,0,0,1,1,1,1,0,1,4,0,0,0,1,1,1,1,0,.,.,.,.,.,.,.,.,.,.,.,.,.,.,.,.,.,.,.,.,.,.,.,.,.,.,.,.,.,.,.,.,.,.,.,.,.,.,.,.,.,.,.,.,.,.,.,.,.,.,.,.,.,.,.,.,.,.,.,.,10000000000000001,10001000,100001,1001,101,10000001,100001,10001,101,101,10000000000000001,10001000,100001,1001,101,10000001,100001,10001,101,101,.,.,.,.,.,.,.,.,.,.,.,.,.,.,.,.,.,.,.,.,.,.,.,.,.,.,.,.,.,.,.,.,.,.,.,.,.,.,.,.,.,.,.,.,.,.,.,.,.,.,.,.,.,.,.,.,.,.,.,.
062,KY02,éÖñûésäÏâÆïê,éÖñûäÏâÆïê,3,2,2,,Ç›Ç›,mimi,mimi,m,i,m,i,.,.,.,.,.,.,.,.,.,.,.,.,1,4,0,0,0,1,1,1,1,0,1,4,0,0,0,1,1,1,1,0,.,.,.,.,.,.,.,.,.,.,.,.,.,.,.,.,.,.,.,.,.,.,.,.,.,.,.,.,.,.,.,.,.,.,.,.,.,.,.,.,.,.,.,.,.,.,.,.,.,.,.,.,.,.,.,.,.,.,.,.,10000000000000001,10001000,100001,1001,101,10000001,100001,10001,101,101,10000000000000001,10001000,100001,1001,101,10000001,100001,10001,101,101,.,.,.,.,.,.,.,.,.,.,.,.,.,.,.,.,.,.,.,.,.,.,.,.,.,.,.,.,.,.,.,.,.,.,.,.,.,.,.,.,.,.,.,.,.,.,.,.,.,.,.,.,.,.,.,.,.,.,.,.
063,MK07,éÖñûésê^ï«,éÖñûê^ï«,3,2,2,,Ç›Ç›,mi_mi,mi_mi,m,i,m,i,.,.,.,.,.,.,.,.,.,.,.,.,1,4,0,0,0,1,1,1,1,0,1,4,0,0,0,1,1,1,1,0,.,.,.,.,.,.,.,.,.,.,.,.,.,.,.,.,.,.,.,.,.,.,.,.,.,.,.,.,.,.,.,.,.,.,.,.,.,.,.,.,.,.,.,.,.,.,.,.,.,.,.,.,.,.,.,.,.,.,.,.,10000000000000001,10001000,100001,1001,101,10000001,100001,10001,101,101,10000000000000001,10001000,100001,1001,101,10000001,100001,10001,101,101,.,.,.,.,.,.,.,.,.,.,.,.,.,.,.,.,.,.,.,.,.,.,.,.,.,.,.,.,.,.,.,.,.,.,.,.,.,.,.,.,.,.,.,.,.,.,.,.,.,.,.,.,.,.,.,.,.,.,.,.
064,TK04,éÖñûésçëãg,éÖñûçëãg,3,2,2,,Ç›Ç›,_mimi,_mimi,m,i,m,i,.,.,.,.,.,.,.,.,.,.,.,.,1,4,0,0,0,1,1,1,1,0,1,4,0,0,0,1,1,1,1,0,.,.,.,.,.,.,.,.,.,.,.,.,.,.,.,.,.,.,.,.,.,.,.,.,.,.,.,.,.,.,.,.,.,.,.,.,.,.,.,.,.,.,.,.,.,.,.,.,.,.,.,.,.,.,.,.,.,.,.,.,10000000000000001,10001000,100001,1001,101,10000001,100001,10001,101,101,10000000000000001,10001000,100001,1001,101,10000001,100001,10001,101,101,.,.,.,.,.,.,.,.,.,.,.,.,.,.,.,.,.,.,.,.,.,.,.,.,.,.,.,.,.,.,.,.,.,.,.,.,.,.,.,.,.,.,.,.,.,.,.,.,.,.,.,.,.,.,.,.,.,.,.,.
065,KN07,éÖñûésåìèÈ,éÖñûåìèÈ,3,2,2,,Ç›Ç›,mi_mi,mi_mi,m,i,m,i,.,.,.,.,.,.,.,.,.,.,.,.,1,4,0,0,0,1,1,1,1,0,1,4,0,0,0,1,1,1,1,0,.,.,.,.,.,.,.,.,.,.,.,.,.,.,.,.,.,.,.,.,.,.,.,.,.,.,.,.,.,.,.,.,.,.,.,.,.,.,.,.,.,.,.,.,.,.,.,.,.,.,.,.,.,.,.,.,.,.,.,.,10000000000000001,10001000,100001,1001,101,10000001,100001,10001,101,101,10000000000000001,10001000,100001,1001,101,10000001,100001,10001,101,101,.,.,.,.,.,.,.,.,.,.,.,.,.,.,.,.,.,.,.,.,.,.,.,.,.,.,.,.,.,.,.,.,.,.,.,.,.,.,.,.,.,.,.,.,.,.,.,.,.,.,.,.,.,.,.,.,.,.,.,.
066,TG17,ñLå©èÈë∫ï€âhñŒ,ñLå©ï€âhñŒ,3,2,2,,Ç›Ç›,mi_mi,mi_mi,m,i,m,i,.,.,.,.,.,.,.,.,.,.,.,.,1,4,0,0,0,1,1,1,1,0,1,4,0,0,0,1,1,1,1,0,.,.,.,.,.,.,.,.,.,.,.,.,.,.,.,.,.,.,.,.,.,.,.,.,.,.,.,.,.,.,.,.,.,.,.,.,.,.,.,.,.,.,.,.,.,.,.,.,.,.,.,.,.,.,.,.,.,.,.,.,10000000000000001,10001000,100001,1001,101,10000001,100001,10001,101,101,10000000000000001,10001000,100001,1001,101,10000001,100001,10001,101,101,.,.,.,.,.,.,.,.,.,.,.,.,.,.,.,.,.,.,.,.,.,.,.,.,.,.,.,.,.,.,.,.,.,.,.,.,.,.,.,.,.,.,.,.,.,.,.,.,.,.,.,.,.,.,.,.,.,.,.,.
067,OR02,ìﬂîeésè¨ò\à¿éüó‰,ìﬂîeà¿éüó‰,3,2,2,,Ç›Ç›,_mimi/mi_mi,_mimi,m,i,m,i,.,.,.,.,.,.,.,.,.,.,.,.,1,4,0,0,0,1,1,1,1,0,1,4,0,0,0,1,1,1,1,0,.,.,.,.,.,.,.,.,.,.,.,.,.,.,.,.,.,.,.,.,.,.,.,.,.,.,.,.,.,.,.,.,.,.,.,.,.,.,.,.,.,.,.,.,.,.,.,.,.,.,.,.,.,.,.,.,.,.,.,.,10000000000000001,10001000,100001,1001,101,10000001,100001,10001,101,101,10000000000000001,10001000,100001,1001,101,10000001,100001,10001,101,101,.,.,.,.,.,.,.,.,.,.,.,.,.,.,.,.,.,.,.,.,.,.,.,.,.,.,.,.,.,.,.,.,.,.,.,.,.,.,.,.,.,.,.,.,.,.,.,.,.,.,.,.,.,.,.,.,.,.,.,.
068,TO02,ìnâ√ï~ë∫à¢îgòA,ìnâ√à¢îgòA,3,2,2,,Ç›Ç›,mi_mi,mi_mi,m,i,m,i,.,.,.,.,.,.,.,.,.,.,.,.,1,4,0,0,0,1,1,1,1,0,1,4,0,0,0,1,1,1,1,0,.,.,.,.,.,.,.,.,.,.,.,.,.,.,.,.,.,.,.,.,.,.,.,.,.,.,.,.,.,.,.,.,.,.,.,.,.,.,.,.,.,.,.,.,.,.,.,.,.,.,.,.,.,.,.,.,.,.,.,.,10000000000000001,10001000,100001,1001,101,10000001,100001,10001,101,101,10000000000000001,10001000,100001,1001,101,10000001,100001,10001,101,101,.,.,.,.,.,.,.,.,.,.,.,.,.,.,.,.,.,.,.,.,.,.,.,.,.,.,.,.,.,.,.,.,.,.,.,.,.,.,.,.,.,.,.,.,.,.,.,.,.,.,.,.,.,.,.,.,.,.,.,.
069,ZM04,ç¿ä‘ñ°ë∫à¢â√,ç¿ä‘à¢â√,3,2,2,,Ç›Ç›,_mimi,_mimi,m,i,m,i,.,.,.,.,.,.,.,.,.,.,.,.,1,4,0,0,0,1,1,1,1,0,1,4,0,0,0,1,1,1,1,0,.,.,.,.,.,.,.,.,.,.,.,.,.,.,.,.,.,.,.,.,.,.,.,.,.,.,.,.,.,.,.,.,.,.,.,.,.,.,.,.,.,.,.,.,.,.,.,.,.,.,.,.,.,.,.,.,.,.,.,.,10000000000000001,10001000,100001,1001,101,10000001,100001,10001,101,101,10000000000000001,10001000,100001,1001,101,10000001,100001,10001,101,101,.,.,.,.,.,.,.,.,.,.,.,.,.,.,.,.,.,.,.,.,.,.,.,.,.,.,.,.,.,.,.,.,.,.,.,.,.,.,.,.,.,.,.,.,.,.,.,.,.,.,.,.,.,.,.,.,.,.,.,.
070,AG01,àæçëë∫àæçëïl,àæçëïl,3,2,2,,Ç›Ç›,_mimi,_mimi,m,i,m,i,.,.,.,.,.,.,.,.,.,.,.,.,1,4,0,0,0,1,1,1,1,0,1,4,0,0,0,1,1,1,1,0,.,.,.,.,.,.,.,.,.,.,.,.,.,.,.,.,.,.,.,.,.,.,.,.,.,.,.,.,.,.,.,.,.,.,.,.,.,.,.,.,.,.,.,.,.,.,.,.,.,.,.,.,.,.,.,.,.,.,.,.,10000000000000001,10001000,100001,1001,101,10000001,100001,10001,101,101,10000000000000001,10001000,100001,1001,101,10000001,100001,10001,101,101,.,.,.,.,.,.,.,.,.,.,.,.,.,.,.,.,.,.,.,.,.,.,.,.,.,.,.,.,.,.,.,.,.,.,.,.,.,.,.,.,.,.,.,.,.,.,.,.,.,.,.,.,.,.,.,.,.,.,.,.
071,TN01,ìnñºäÏë∫ìnñºäÏêº,ìnñºäÏêº,3,2,2,,Ç›Ç›,_mimi,_mimi,m,i,m,i,.,.,.,.,.,.,.,.,.,.,.,.,1,4,0,0,0,1,1,1,1,0,1,4,0,0,0,1,1,1,1,0,.,.,.,.,.,.,.,.,.,.,.,.,.,.,.,.,.,.,.,.,.,.,.,.,.,.,.,.,.,.,.,.,.,.,.,.,.,.,.,.,.,.,.,.,.,.,.,.,.,.,.,.,.,.,.,.,.,.,.,.,10000000000000001,10001000,100001,1001,101,10000001,100001,10001,101,101,10000000000000001,10001000,100001,1001,101,10000001,100001,10001,101,101,.,.,.,.,.,.,.,.,.,.,.,.,.,.,.,.,.,.,.,.,.,.,.,.,.,.,.,.,.,.,.,.,.,.,.,.,.,.,.,.,.,.,.,.,.,.,.,.,.,.,.,.,.,.,.,.,.,.,.,.
072,NA04,ãåíáó¢ë∫ê^é”,ãvïƒê^é”,3,2,2,,Ç›Ç›,mi_mi,mi_mi,m,i,m,i,.,.,.,.,.,.,.,.,.,.,.,.,1,4,0,0,0,1,1,1,1,0,1,4,0,0,0,1,1,1,1,0,.,.,.,.,.,.,.,.,.,.,.,.,.,.,.,.,.,.,.,.,.,.,.,.,.,.,.,.,.,.,.,.,.,.,.,.,.,.,.,.,.,.,.,.,.,.,.,.,.,.,.,.,.,.,.,.,.,.,.,.,10000000000000001,10001000,100001,1001,101,10000001,100001,10001,101,101,10000000000000001,10001000,100001,1001,101,10000001,100001,10001,101,101,.,.,.,.,.,.,.,.,.,.,.,.,.,.,.,.,.,.,.,.,.,.,.,.,.,.,.,.,.,.,.,.,.,.,.,.,.,.,.,.,.,.,.,.,.,.,.,.,.,.,.,.,.,.,.,.,.,.,.,.
073,KG03,ãåãÔéuêÏë∫åìèÈ,ãvïƒåìèÈ,3,2,2,,Ç›Ç›,mi_mi,mi_mi,m,i,m,i,.,.,.,.,.,.,.,.,.,.,.,.,1,4,0,0,0,1,1,1,1,0,1,4,0,0,0,1,1,1,1,0,.,.,.,.,.,.,.,.,.,.,.,.,.,.,.,.,.,.,.,.,.,.,.,.,.,.,.,.,.,.,.,.,.,.,.,.,.,.,.,.,.,.,.,.,.,.,.,.,.,.,.,.,.,.,.,.,.,.,.,.,10000000000000001,10001000,100001,1001,101,10000001,100001,10001,101,101,10000000000000001,10001000,100001,1001,101,10000001,100001,10001,101,101,.,.,.,.,.,.,.,.,.,.,.,.,.,.,.,.,.,.,.,.,.,.,.,.,.,.,.,.,.,.,.,.,.,.,.,.,.,.,.,.,.,.,.,.,.,.,.,.,.,.,.,.,.,.,.,.,.,.,.,.
074,HR03,ã{å√ìáésírä‘,ã{å√írä‘,2,1,2,,Ç›Ç›,mim,mim,m,i,m,-1,.,.,.,.,.,.,.,.,.,.,.,.,1,4,0,0,0,1,1,1,1,0,1,4,0,0,0,-1,-1,-1,-1,-1,.,.,.,.,.,.,.,.,.,.,.,.,.,.,.,.,.,.,.,.,.,.,.,.,.,.,.,.,.,.,.,.,.,.,.,.,.,.,.,.,.,.,.,.,.,.,.,.,.,.,.,.,.,.,.,.,.,.,.,.,10000000000000001,10001000,100001,1001,101,10000001,100001,10001,101,101,10000000000000001,10001000,100001,1001,101,00000000,000000,00000,000,000,.,.,.,.,.,.,.,.,.,.,.,.,.,.,.,.,.,.,.,.,.,.,.,.,.,.,.,.,.,.,.,.,.,.,.,.,.,.,.,.,.,.,.,.,.,.,.,.,.,.,.,.,.,.,.,.,.,.,.,.
075,HR05,ã{å√ìáésëÂê_,ã{å√ëÂê_,2,1,2,,Ç›Ç›,mim_,mim_,m,i,m,-1,.,.,.,.,.,.,.,.,.,.,.,.,1,4,0,0,0,1,1,1,1,0,1,4,0,0,0,-1,-1,-1,-1,-1,.,.,.,.,.,.,.,.,.,.,.,.,.,.,.,.,.,.,.,.,.,.,.,.,.,.,.,.,.,.,.,.,.,.,.,.,.,.,.,.,.,.,.,.,.,.,.,.,.,.,.,.,.,.,.,.,.,.,.,.,10000000000000001,10001000,100001,1001,101,10000001,100001,10001,101,101,10000000000000001,10001000,100001,1001,101,00000000,000000,00000,000,000,.,.,.,.,.,.,.,.,.,.,.,.,.,.,.,.,.,.,.,.,.,.,.,.,.,.,.,.,.,.,.,.,.,.,.,.,.,.,.,.,.,.,.,.,.,.,.,.,.,.,.,.,.,.,.,.,.,.,.,.
076,HR06,ã{å√ìáésïΩó«éÎñì,ã{å√éÎñì,2,1,2,,Ç›Ç›,min,min,m,i,n2,-1,.,.,.,.,.,.,.,.,.,.,.,.,1,4,0,0,0,1,1,1,1,0,12,4,0,0,0,-1,-1,-1,-1,-1,.,.,.,.,.,.,.,.,.,.,.,.,.,.,.,.,.,.,.,.,.,.,.,.,.,.,.,.,.,.,.,.,.,.,.,.,.,.,.,.,.,.,.,.,.,.,.,.,.,.,.,.,.,.,.,.,.,.,.,.,10000000000000001,10001000,100001,1001,101,10000001,100001,10001,101,101,10000100000000000,10001000,100001,1001,101,00000000,000000,00000,000,000,.,.,.,.,.,.,.,.,.,.,.,.,.,.,.,.,.,.,.,.,.,.,.,.,.,.,.,.,.,.,.,.,.,.,.,.,.,.,.,.,.,.,.,.,.,.,.,.,.,.,.,.,.,.,.,.,.,.,.,.
077,HR12,ã{å√ìáésïΩó«ìåíáè@ç™,ã{å√ìåíáè@,2,1,2,,Ç›Ç›,mim,mim,m,i,m,-1,.,.,.,.,.,.,.,.,.,.,.,.,1,4,0,0,0,1,1,1,1,0,1,4,0,0,0,-1,-1,-1,-1,-1,.,.,.,.,.,.,.,.,.,.,.,.,.,.,.,.,.,.,.,.,.,.,.,.,.,.,.,.,.,.,.,.,.,.,.,.,.,.,.,.,.,.,.,.,.,.,.,.,.,.,.,.,.,.,.,.,.,.,.,.,10000000000000001,10001000,100001,1001,101,10000001,100001,10001,101,101,10000000000000001,10001000,100001,1001,101,00000000,000000,00000,000,000,.,.,.,.,.,.,.,.,.,.,.,.,.,.,.,.,.,.,.,.,.,.,.,.,.,.,.,.,.,.,.,.,.,.,.,.,.,.,.,.,.,.,.,.,.,.,.,.,.,.,.,.,.,.,.,.,.,.,.,.
078,SZ04,ã{å√ìáésâ∫ínó^ìﬂîe,ã{å√ó^ìﬂîe,2,1,2,,Ç›Ç›,mim,mim,m,i,m,-1,.,.,.,.,.,.,.,.,.,.,.,.,1,4,0,0,0,1,1,1,1,0,1,4,0,0,0,-1,-1,-1,-1,-1,.,.,.,.,.,.,.,.,.,.,.,.,.,.,.,.,.,.,.,.,.,.,.,.,.,.,.,.,.,.,.,.,.,.,.,.,.,.,.,.,.,.,.,.,.,.,.,.,.,.,.,.,.,.,.,.,.,.,.,.,10000000000000001,10001000,100001,1001,101,10000001,100001,10001,101,101,10000000000000001,10001000,100001,1001,101,00000000,000000,00000,000,000,.,.,.,.,.,.,.,.,.,.,.,.,.,.,.,.,.,.,.,.,.,.,.,.,.,.,.,.,.,.,.,.,.,.,.,.,.,.,.,.,.,.,.,.,.,.,.,.,.,.,.,.,.,.,.,.,.,.,.,.
079,SG16,ã{å√ìáésè„ñÏã{çë,ã{å√ã{çë,2,1,2,,Ç›Ç›,mi_m_,mi_m_,m,i,m,-1,.,.,.,.,.,.,.,.,.,.,.,.,1,4,0,0,0,1,1,1,1,0,1,4,0,0,0,-1,-1,-1,-1,-1,.,.,.,.,.,.,.,.,.,.,.,.,.,.,.,.,.,.,.,.,.,.,.,.,.,.,.,.,.,.,.,.,.,.,.,.,.,.,.,.,.,.,.,.,.,.,.,.,.,.,.,.,.,.,.,.,.,.,.,.,10000000000000001,10001000,100001,1001,101,10000001,100001,10001,101,101,10000000000000001,10001000,100001,1001,101,00000000,000000,00000,000,000,.,.,.,.,.,.,.,.,.,.,.,.,.,.,.,.,.,.,.,.,.,.,.,.,.,.,.,.,.,.,.,.,.,.,.,.,.,.,.,.,.,.,.,.,.,.,.,.,.,.,.,.,.,.,.,.,.,.,.,.
080,SG04,ã{å√ìáésà…ó«ïîà…ó«ïî,ã{å√à…ó«ïî,2,1,2,,Ç›Ç›,mim,mim,m,i,m,-1,.,.,.,.,.,.,.,.,.,.,.,.,1,4,0,0,0,1,1,1,1,0,1,4,0,0,0,-1,-1,-1,-1,-1,.,.,.,.,.,.,.,.,.,.,.,.,.,.,.,.,.,.,.,.,.,.,.,.,.,.,.,.,.,.,.,.,.,.,.,.,.,.,.,.,.,.,.,.,.,.,.,.,.,.,.,.,.,.,.,.,.,.,.,.,10000000000000001,10001000,100001,1001,101,10000001,100001,10001,101,101,10000000000000001,10001000,100001,1001,101,00000000,000000,00000,000,000,.,.,.,.,.,.,.,.,.,.,.,.,.,.,.,.,.,.,.,.,.,.,.,.,.,.,.,.,.,.,.,.,.,.,.,.,.,.,.,.,.,.,.,.,.,.,.,.,.,.,.,.,.,.,.,.,.,.,.,.
081,TR03,ëΩó«ä‘ë∫íáãÿ,ëΩó«ä‘íáãÿ,2,1,2,,Ç›Ç›,mim/mim,mim,m,i,m,-1,.,.,.,.,.,.,.,.,.,.,.,.,1,4,0,0,0,1,1,1,1,0,1,4,0,0,0,-1,-1,-1,-1,-1,.,.,.,.,.,.,.,.,.,.,.,.,.,.,.,.,.,.,.,.,.,.,.,.,.,.,.,.,.,.,.,.,.,.,.,.,.,.,.,.,.,.,.,.,.,.,.,.,.,.,.,.,.,.,.,.,.,.,.,.,10000000000000001,10001000,100001,1001,101,10000001,100001,10001,101,101,10000000000000001,10001000,100001,1001,101,00000000,000000,00000,000,000,.,.,.,.,.,.,.,.,.,.,.,.,.,.,.,.,.,.,.,.,.,.,.,.,.,.,.,.,.,.,.,.,.,.,.,.,.,.,.,.,.,.,.,.,.,.,.,.,.,.,.,.,.,.,.,.,.,.,.,.
082,OH05,êŒä_ésìoñÏèÈ,êŒä_ìoñÏèÈ,2,1,2,,Ç›Ç›,mi_,mi_,m,i,n2,-1,.,.,.,.,.,.,.,.,.,.,.,.,1,4,0,0,0,1,1,1,1,0,12,4,0,0,0,-1,-1,-1,-1,-1,.,.,.,.,.,.,.,.,.,.,.,.,.,.,.,.,.,.,.,.,.,.,.,.,.,.,.,.,.,.,.,.,.,.,.,.,.,.,.,.,.,.,.,.,.,.,.,.,.,.,.,.,.,.,.,.,.,.,.,.,10000000000000001,10001000,100001,1001,101,10000001,100001,10001,101,101,10000100000000000,10001000,100001,1001,101,00000000,000000,00000,000,000,.,.,.,.,.,.,.,.,.,.,.,.,.,.,.,.,.,.,.,.,.,.,.,.,.,.,.,.,.,.,.,.,.,.,.,.,.,.,.,.,.,.,.,.,.,.,.,.,.,.,.,.,.,.,.,.,.,.,.,.
083,OH02,êŒä_ésëÂïl,êŒä_ëÂïl,2,1,2,,Ç›Ç›,_mi_,_mi_,m,i,n2,-1,.,.,.,.,.,.,.,.,.,.,.,.,1,4,0,0,0,1,1,1,1,0,12,4,0,0,0,-1,-1,-1,-1,-1,.,.,.,.,.,.,.,.,.,.,.,.,.,.,.,.,.,.,.,.,.,.,.,.,.,.,.,.,.,.,.,.,.,.,.,.,.,.,.,.,.,.,.,.,.,.,.,.,.,.,.,.,.,.,.,.,.,.,.,.,10000000000000001,10001000,100001,1001,101,10000001,100001,10001,101,101,10000100000000000,10001000,100001,1001,101,00000000,000000,00000,000,000,.,.,.,.,.,.,.,.,.,.,.,.,.,.,.,.,.,.,.,.,.,.,.,.,.,.,.,.,.,.,.,.,.,.,.,.,.,.,.,.,.,.,.,.,.,.,.,.,.,.,.,.,.,.,.,.,.,.,.,.
084,MR06,êŒä_ésã{ó«,êŒä_ã{ó«,2,1,2,,Ç›Ç›,mi_/_min,mi_,m,i,ng,-1,.,.,.,.,.,.,.,.,.,.,.,.,1,4,0,0,0,1,1,1,1,0,8,1,1,0,0,-1,-1,-1,-1,-1,.,.,.,.,.,.,.,.,.,.,.,.,.,.,.,.,.,.,.,.,.,.,.,.,.,.,.,.,.,.,.,.,.,.,.,.,.,.,.,.,.,.,.,.,.,.,.,.,.,.,.,.,.,.,.,.,.,.,.,.,10000000000000001,10001000,100001,1001,101,10000001,100001,10001,101,101,10000000010000000,10000001,100010,1001,101,00000000,000000,00000,000,000,.,.,.,.,.,.,.,.,.,.,.,.,.,.,.,.,.,.,.,.,.,.,.,.,.,.,.,.,.,.,.,.,.,.,.,.,.,.,.,.,.,.,.,.,.,.,.,.,.,.,.,.,.,.,.,.,.,.,.,.
085,MR02,êŒä_ésïΩãvï€,êŒä_ïΩãvï€,2,1,2,,Ç›Ç›,_mi_,_mi_,m,i,n2,-1,.,.,.,.,.,.,.,.,.,.,.,.,1,4,0,0,0,1,1,1,1,0,12,4,0,0,0,-1,-1,-1,-1,-1,.,.,.,.,.,.,.,.,.,.,.,.,.,.,.,.,.,.,.,.,.,.,.,.,.,.,.,.,.,.,.,.,.,.,.,.,.,.,.,.,.,.,.,.,.,.,.,.,.,.,.,.,.,.,.,.,.,.,.,.,10000000000000001,10001000,100001,1001,101,10000001,100001,10001,101,101,10000100000000000,10001000,100001,1001,101,00000000,000000,00000,000,000,.,.,.,.,.,.,.,.,.,.,.,.,.,.,.,.,.,.,.,.,.,.,.,.,.,.,.,.,.,.,.,.,.,.,.,.,.,.,.,.,.,.,.,.,.,.,.,.,.,.,.,.,.,.,.,.,.,.,.,.
086,IG15,êŒä_ésïxñÏ,êŒä_ïxñÏ,2,1,2,,Ç›Ç›,mi__/_mi_,mi__,m,i,ng,-1,.,.,.,.,.,.,.,.,.,.,.,.,1,4,0,0,0,1,1,1,1,0,8,1,1,0,0,-1,-1,-1,-1,-1,.,.,.,.,.,.,.,.,.,.,.,.,.,.,.,.,.,.,.,.,.,.,.,.,.,.,.,.,.,.,.,.,.,.,.,.,.,.,.,.,.,.,.,.,.,.,.,.,.,.,.,.,.,.,.,.,.,.,.,.,10000000000000001,10001000,100001,1001,101,10000001,100001,10001,101,101,10000000010000000,10000001,100010,1001,101,00000000,000000,00000,000,000,.,.,.,.,.,.,.,.,.,.,.,.,.,.,.,.,.,.,.,.,.,.,.,.,.,.,.,.,.,.,.,.,.,.,.,.,.,.,.,.,.,.,.,.,.,.,.,.,.,.,.,.,.,.,.,.,.,.,.,.
087,IG08,í|ïxí¨í|ïx,í|ïxí|ïx,2,1,2,,Ç›Ç›,mi_,mi_,m,i,ng,-1,.,.,.,.,.,.,.,.,.,.,.,.,1,4,0,0,0,1,1,1,1,0,8,1,1,0,0,-1,-1,-1,-1,-1,.,.,.,.,.,.,.,.,.,.,.,.,.,.,.,.,.,.,.,.,.,.,.,.,.,.,.,.,.,.,.,.,.,.,.,.,.,.,.,.,.,.,.,.,.,.,.,.,.,.,.,.,.,.,.,.,.,.,.,.,10000000000000001,10001000,100001,1001,101,10000001,100001,10001,101,101,10000000010000000,10000001,100010,1001,101,00000000,000000,00000,000,000,.,.,.,.,.,.,.,.,.,.,.,.,.,.,.,.,.,.,.,.,.,.,.,.,.,.,.,.,.,.,.,.,.,.,.,.,.,.,.,.,.,.,.,.,.,.,.,.,.,.,.,.,.,.,.,.,.,.,.,.
088,IG10,í|ïxí¨çïìá,í|ïxçïìá,2,1,2,,Ç›Ç›,mi___/mi_,mi___,m,i,ng,-1,.,.,.,.,.,.,.,.,.,.,.,.,1,4,0,0,0,1,1,1,1,0,8,1,1,0,0,-1,-1,-1,-1,-1,.,.,.,.,.,.,.,.,.,.,.,.,.,.,.,.,.,.,.,.,.,.,.,.,.,.,.,.,.,.,.,.,.,.,.,.,.,.,.,.,.,.,.,.,.,.,.,.,.,.,.,.,.,.,.,.,.,.,.,.,10000000000000001,10001000,100001,1001,101,10000001,100001,10001,101,101,10000000010000000,10000001,100010,1001,101,00000000,000000,00000,000,000,.,.,.,.,.,.,.,.,.,.,.,.,.,.,.,.,.,.,.,.,.,.,.,.,.,.,.,.,.,.,.,.,.,.,.,.,.,.,.,.,.,.,.,.,.,.,.,.,.,.,.,.,.,.,.,.,.,.,.,.
089,IG09,í|ïxí¨è¨ïl,í|ïxè¨ïl,2,1,2,,Ç›Ç›,mi__,mi__,m,i,ng,-1,.,.,.,.,.,.,.,.,.,.,.,.,1,4,0,0,0,1,1,1,1,0,8,1,1,0,0,-1,-1,-1,-1,-1,.,.,.,.,.,.,.,.,.,.,.,.,.,.,.,.,.,.,.,.,.,.,.,.,.,.,.,.,.,.,.,.,.,.,.,.,.,.,.,.,.,.,.,.,.,.,.,.,.,.,.,.,.,.,.,.,.,.,.,.,10000000000000001,10001000,100001,1001,101,10000001,100001,10001,101,101,10000000010000000,10000001,100010,1001,101,00000000,000000,00000,000,000,.,.,.,.,.,.,.,.,.,.,.,.,.,.,.,.,.,.,.,.,.,.,.,.,.,.,.,.,.,.,.,.,.,.,.,.,.,.,.,.,.,.,.,.,.,.,.,.,.,.,.,.,.,.,.,.,.,.,.,.
090,MR08,í|ïxí¨å√å©,êºï\å√å©,2,1,2,,Ç›Ç›,mi_,mi_,m,i,ng,-1,.,.,.,.,.,.,.,.,.,.,.,.,1,4,0,0,0,1,1,1,1,0,8,1,1,0,0,-1,-1,-1,-1,-1,.,.,.,.,.,.,.,.,.,.,.,.,.,.,.,.,.,.,.,.,.,.,.,.,.,.,.,.,.,.,.,.,.,.,.,.,.,.,.,.,.,.,.,.,.,.,.,.,.,.,.,.,.,.,.,.,.,.,.,.,10000000000000001,10001000,100001,1001,101,10000001,100001,10001,101,101,10000000010000000,10000001,100010,1001,101,00000000,000000,00000,000,000,.,.,.,.,.,.,.,.,.,.,.,.,.,.,.,.,.,.,.,.,.,.,.,.,.,.,.,.,.,.,.,.,.,.,.,.,.,.,.,.,.,.,.,.,.,.,.,.,.,.,.,.,.,.,.,.,.,.,.,.
091,OH06,í|ïxí¨ä±óß,êºï\ä±óß,2,1,2,,Ç›Ç›,mi_n,mi_n,m,i,n2,-1,.,.,.,.,.,.,.,.,.,.,.,.,1,4,0,0,0,1,1,1,1,0,12,4,0,0,0,-1,-1,-1,-1,-1,.,.,.,.,.,.,.,.,.,.,.,.,.,.,.,.,.,.,.,.,.,.,.,.,.,.,.,.,.,.,.,.,.,.,.,.,.,.,.,.,.,.,.,.,.,.,.,.,.,.,.,.,.,.,.,.,.,.,.,.,10000000000000001,10001000,100001,1001,101,10000001,100001,10001,101,101,10000100000000000,10001000,100001,1001,101,00000000,000000,00000,000,000,.,.,.,.,.,.,.,.,.,.,.,.,.,.,.,.,.,.,.,.,.,.,.,.,.,.,.,.,.,.,.,.,.,.,.,.,.,.,.,.,.,.,.,.,.,.,.,.,.,.,.,.,.,.,.,.,.,.,.,.
092,IG12,í|ïxí¨â∫ín,êVèÈâ∫ín,2,1,2,,Ç›Ç›,mi__,mi__,m,i,ng,-1,.,.,.,.,.,.,.,.,.,.,.,.,1,4,0,0,0,1,1,1,1,0,8,1,1,0,0,-1,-1,-1,-1,-1,.,.,.,.,.,.,.,.,.,.,.,.,.,.,.,.,.,.,.,.,.,.,.,.,.,.,.,.,.,.,.,.,.,.,.,.,.,.,.,.,.,.,.,.,.,.,.,.,.,.,.,.,.,.,.,.,.,.,.,.,10000000000000001,10001000,100001,1001,101,10000001,100001,10001,101,101,10000000010000000,10000001,100010,1001,101,00000000,000000,00000,000,000,.,.,.,.,.,.,.,.,.,.,.,.,.,.,.,.,.,.,.,.,.,.,.,.,.,.,.,.,.,.,.,.,.,.,.,.,.,.,.,.,.,.,.,.,.,.,.,.,.,.,.,.,.,.,.,.,.,.,.,.
093,OH13,í|ïxí¨ñºêŒ,îgè∆ä‘ñºêŒ,-9,-9,-9,,-9,mi_i_kurumi__,mi_i_kurumi__,-9,-9,-9,-9,.,.,.,.,.,.,.,.,.,.,.,.,-9,-9,-9,-9,-9,-9,-9,-9,-9,-9,-9,-9,-9,-9,-9,-9,-9,-9,-9,-9,.,.,.,.,.,.,.,.,.,.,.,.,.,.,.,.,.,.,.,.,.,.,.,.,.,.,.,.,.,.,.,.,.,.,.,.,.,.,.,.,.,.,.,.,.,.,.,.,.,.,.,.,.,.,.,.,.,.,.,.,?????????????????,????????,??????,????,???,????????,??????,?????,???,???,?????????????????,????????,??????,????,???,????????,??????,?????,???,???,.,.,.,.,.,.,.,.,.,.,.,.,.,.,.,.,.,.,.,.,.,.,.,.,.,.,.,.,.,.,.,.,.,.,.,.,.,.,.,.,.,.,.,.,.,.,.,.,.,.,.,.,.,.,.,.,.,.,.,.
094,YG01,ó^ìﬂçëí¨ëcî[,ó^ìﬂçëëcî[,-9,-9,-9,,-9,minÅPtÅfahu,mintÅfahu,-9,-9,-9,-9,.,.,.,.,.,.,.,.,.,.,.,.,-9,-9,-9,-9,-9,-9,-9,-9,-9,-9,-9,-9,-9,-9,-9,-9,-9,-9,-9,-9,.,.,.,.,.,.,.,.,.,.,.,.,.,.,.,.,.,.,.,.,.,.,.,.,.,.,.,.,.,.,.,.,.,.,.,.,.,.,.,.,.,.,.,.,.,.,.,.,.,.,.,.,.,.,.,.,.,.,.,.,?????????????????,????????,??????,????,???,????????,??????,?????,???,???,?????????????????,????????,??????,????,???,????????,??????,?????,???,???,.,.,.,.,.,.,.,.,.,.,.,.,.,.,.,.,.,.,.,.,.,.,.,.,.,.,.,.,.,.,.,.,.,.,.,.,.,.,.,.,.,.,.,.,.,.,.,.,.,.,.,.,.,.,.,.,.,.,.,.
095,YG03,ó^ìﬂçëí¨î‰êÏ,ó^ìﬂçëî‰êÏ,2,1,2,,Ç›Ç›,_min/_mint_abu,min,m,i,n2,-1,.,.,.,.,.,.,.,.,.,.,.,.,1,4,0,0,0,1,1,1,1,0,12,4,0,0,0,-1,-1,-1,-1,-1,.,.,.,.,.,.,.,.,.,.,.,.,.,.,.,.,.,.,.,.,.,.,.,.,.,.,.,.,.,.,.,.,.,.,.,.,.,.,.,.,.,.,.,.,.,.,.,.,.,.,.,.,.,.,.,.,.,.,.,.,10000000000000001,10001000,100001,1001,101,10000001,100001,10001,101,101,10000100000000000,10001000,100001,1001,101,00000000,000000,00000,000,000,.,.,.,.,.,.,.,.,.,.,.,.,.,.,.,.,.,.,.,.,.,.,.,.,.,.,.,.,.,.,.,.,.,.,.,.,.,.,.,.,.,.,.,.,.,.,.,.,.,.,.,.,.,.,.,.,.,.,.,.