9,N-015,ë´,,,,,,,,,,,,,,,,,,,,,,,,,1éqâπ,,,,,1ïÍâπ,,,,,2éqâπ,,,,,2ïÍâπ,,,,,3éqâπ,,,,,3ïÍâπ,,,,,4éqâπ,,,,,4ïÍâπ,,,,,5éqâπ,,,,,5ïÍâπ,,,,,6éqâπ,,,,,6ïÍâπ,,,,,7éqâπ,,,,,7ïÍâπ,,,,,8éqâπ,,,,,8ïÍâπ,,,,,1éqâπ,,,,,1ïÍâπ,,,,,2éqâπ,,,,,2ïÍâπ,,,,,3éqâπ,,,,,3ïÍâπ,,,,,4éqâπ,,,,,4ïÍâπ,,,,,5éqâπ,,,,,5ïÍâπ,,,,,6éqâπ,,,,,6ïÍâπ,,,,,7éqâπ,,,,,7ïÍâπ,,,,,8éqâπ,,,,,8ïÍâπ,,,,
í Çµî‘çÜ,ínì_ñºãLçÜ,åªésí¨ë∫ñº,ï\é¶óp,âπÇÃå^,âπêﬂ,ÉÇÅ[Éâ,ÉAÉNÉZÉìÉg,ëzíËå`,ëSåÍå`,åÍå`,1éqâπ,1ïÍâπ,2éqâπ,2ïÍâπ,3éqâπ,3ïÍâπ,4éqâπ,4ïÍâπ,5éqâπ,5ïÍâπ,6éqâπ,6ïÍâπ,7éqâπ,7ïÍâπ,8éqâπ,8ïÍâπ,à íu,ï˚ñ@,å˚äWÅEâ~êO,çAì™âª,ê∫ë—êUìÆ,í∑Ç≥,å˚ÇÃäJÇ´,ê„ÇÃà íu,êOÇÃèÛë‘,ñ≥ê∫ï@âπ,à íu,ï˚ñ@,å˚äWÅEâ~êO,çAì™âª,ê∫ë—êUìÆ,í∑Ç≥,å˚ÇÃäJÇ´,ê„ÇÃà íu,êOÇÃèÛë‘,ñ≥ê∫ï@âπ,à íu,ï˚ñ@,å˚äWÅEâ~êO,çAì™âª,ê∫ë—êUìÆ,í∑Ç≥,å˚ÇÃäJÇ´,ê„ÇÃà íu,êOÇÃèÛë‘,ñ≥ê∫ï@âπ,à íu,ï˚ñ@,å˚äWÅEâ~êO,çAì™âª,ê∫ë—êUìÆ,í∑Ç≥,å˚ÇÃäJÇ´,ê„ÇÃà íu,êOÇÃèÛë‘,ñ≥ê∫ï@âπ,à íu,ï˚ñ@,å˚äWÅEâ~êO,çAì™âª,ê∫ë—êUìÆ,í∑Ç≥,å˚ÇÃäJÇ´,ê„ÇÃà íu,êOÇÃèÛë‘,ñ≥ê∫ï@âπ,à íu,ï˚ñ@,å˚äWÅEâ~êO,çAì™âª,ê∫ë—êUìÆ,í∑Ç≥,å˚ÇÃäJÇ´,ê„ÇÃà íu,êOÇÃèÛë‘,ñ≥ê∫ï@âπ,à íu,ï˚ñ@,å˚äWÅEâ~êO,çAì™âª,ê∫ë—êUìÆ,í∑Ç≥,å˚ÇÃäJÇ´,ê„ÇÃà íu,êOÇÃèÛë‘,ñ≥ê∫ï@âπ,à íu,ï˚ñ@,å˚äWÅEâ~êO,çAì™âª,ê∫ë—êUìÆ,í∑Ç≥,å˚ÇÃäJÇ´,ê„ÇÃà íu,êOÇÃèÛë‘,ñ≥ê∫ï@âπ,à íu,ï˚ñ@,å˚äWÅEâ~êO,çAì™âª,ê∫ë—êUìÆ,í∑Ç≥,å˚ÇÃäJÇ´,ê„ÇÃà íu,êOÇÃèÛë‘,ñ≥ê∫ï@âπ,à íu,ï˚ñ@,å˚äWÅEâ~êO,çAì™âª,ê∫ë—êUìÆ,í∑Ç≥,å˚ÇÃäJÇ´,ê„ÇÃà íu,êOÇÃèÛë‘,ñ≥ê∫ï@âπ,à íu,ï˚ñ@,å˚äWÅEâ~êO,çAì™âª,ê∫ë—êUìÆ,í∑Ç≥,å˚ÇÃäJÇ´,ê„ÇÃà íu,êOÇÃèÛë‘,ñ≥ê∫ï@âπ,à íu,ï˚ñ@,å˚äWÅEâ~êO,çAì™âª,ê∫ë—êUìÆ,í∑Ç≥,å˚ÇÃäJÇ´,ê„ÇÃà íu,êOÇÃèÛë‘,ñ≥ê∫ï@âπ,à íu,ï˚ñ@,å˚äWÅEâ~êO,çAì™âª,ê∫ë—êUìÆ,í∑Ç≥,å˚ÇÃäJÇ´,ê„ÇÃà íu,êOÇÃèÛë‘,ñ≥ê∫ï@âπ,à íu,ï˚ñ@,å˚äWÅEâ~êO,çAì™âª,ê∫ë—êUìÆ,í∑Ç≥,å˚ÇÃäJÇ´,ê„ÇÃà íu,êOÇÃèÛë‘,ñ≥ê∫ï@âπ,à íu,ï˚ñ@,å˚äWÅEâ~êO,çAì™âª,ê∫ë—êUìÆ,í∑Ç≥,å˚ÇÃäJÇ´,ê„ÇÃà íu,êOÇÃèÛë‘,ñ≥ê∫ï@âπ,à íu,ï˚ñ@,å˚äWÅEâ~êO,çAì™âª,ê∫ë—êUìÆ,í∑Ç≥,å˚ÇÃäJÇ´,ê„ÇÃà íu,êOÇÃèÛë‘,ñ≥ê∫ï@âπ
000,,ëzíËå`,ëzíËå`,3,2,2,,Ç“Ç≥,pisa,pisa,p,i,s,a,.,.,.,.,.,.,.,.,.,.,.,.,1,1,0,0,1,1,1,1,1,0,4,3,0,0,1,1,4,3,1,0,.,.,.,.,.,.,.,.,.,.,.,.,.,.,.,.,.,.,.,.,.,.,.,.,.,.,.,.,.,.,.,.,.,.,.,.,.,.,.,.,.,.,.,.,.,.,.,.,.,.,.,.,.,.,.,.,.,.,.,.,10000000000000001,10000001,100001,1001,110,10000001,100001,10001,101,101,10000000000001000,10000100,100001,1001,110,10000001,101000,10100,101,101,.,.,.,.,.,.,.,.,.,.,.,.,.,.,.,.,.,.,.,.,.,.,.,.,.,.,.,.,.,.,.,.,.,.,.,.,.,.,.,.,.,.,.,.,.,.,.,.,.,.,.,.,.,.,.,.,.,.,.,.
001,KA05,ãåä}óòí¨ä}óò,âÇî¸ä}óò,-9,-9,-9,,-9,ha__i,-9,-9,-9,-9,-9,.,.,.,.,.,.,.,.,.,.,.,.,-9,-9,-9,-9,-9,-9,-9,-9,-9,-9,-9,-9,-9,-9,-9,-9,-9,-9,-9,-9,.,.,.,.,.,.,.,.,.,.,.,.,.,.,.,.,.,.,.,.,.,.,.,.,.,.,.,.,.,.,.,.,.,.,.,.,.,.,.,.,.,.,.,.,.,.,.,.,.,.,.,.,.,.,.,.,.,.,.,.,?????????????????,????????,??????,????,???,????????,??????,?????,???,???,?????????????????,????????,??????,????,???,????????,??????,?????,???,???,.,.,.,.,.,.,.,.,.,.,.,.,.,.,.,.,.,.,.,.,.,.,.,.,.,.,.,.,.,.,.,.,.,.,.,.,.,.,.,.,.,.,.,.,.,.,.,.,.,.,.,.,.,.,.,.,.,.,.,.
002,NZ17,ãåñºê£ésã‡ãv,âÇî¸ã‡ãv,-9,-9,-9,,-9,ha__i,-9,-9,-9,-9,-9,.,.,.,.,.,.,.,.,.,.,.,.,-9,-9,-9,-9,-9,-9,-9,-9,-9,-9,-9,-9,-9,-9,-9,-9,-9,-9,-9,-9,.,.,.,.,.,.,.,.,.,.,.,.,.,.,.,.,.,.,.,.,.,.,.,.,.,.,.,.,.,.,.,.,.,.,.,.,.,.,.,.,.,.,.,.,.,.,.,.,.,.,.,.,.,.,.,.,.,.,.,.,?????????????????,????????,??????,????,???,????????,??????,?????,???,???,?????????????????,????????,??????,????,???,????????,??????,?????,???,???,.,.,.,.,.,.,.,.,.,.,.,.,.,.,.,.,.,.,.,.,.,.,.,.,.,.,.,.,.,.,.,.,.,.,.,.,.,.,.,.,.,.,.,.,.,.,.,.,.,.,.,.,.,.,.,.,.,.,.,.
003,KM05,ó¥ãΩí¨íÜèü,âÇî¸íÜèü,-9,-9,-9,,-9,ha__i,-9,-9,-9,-9,-9,.,.,.,.,.,.,.,.,.,.,.,.,-9,-9,-9,-9,-9,-9,-9,-9,-9,-9,-9,-9,-9,-9,-9,-9,-9,-9,-9,-9,.,.,.,.,.,.,.,.,.,.,.,.,.,.,.,.,.,.,.,.,.,.,.,.,.,.,.,.,.,.,.,.,.,.,.,.,.,.,.,.,.,.,.,.,.,.,.,.,.,.,.,.,.,.,.,.,.,.,.,.,?????????????????,????????,??????,????,???,????????,??????,?????,???,???,?????????????????,????????,??????,????,???,????????,??????,?????,???,???,.,.,.,.,.,.,.,.,.,.,.,.,.,.,.,.,.,.,.,.,.,.,.,.,.,.,.,.,.,.,.,.,.,.,.,.,.,.,.,.,.,.,.,.,.,.,.,.,.,.,.,.,.,.,.,.,.,.,.,.
004,YU04,ëÂòaë∫ëÂòaïl,âÇî¸ëÂòaïl,-9,-9,-9,,-9,_ha_i,-9,-9,-9,-9,-9,.,.,.,.,.,.,.,.,.,.,.,.,-9,-9,-9,-9,-9,-9,-9,-9,-9,-9,-9,-9,-9,-9,-9,-9,-9,-9,-9,-9,.,.,.,.,.,.,.,.,.,.,.,.,.,.,.,.,.,.,.,.,.,.,.,.,.,.,.,.,.,.,.,.,.,.,.,.,.,.,.,.,.,.,.,.,.,.,.,.,.,.,.,.,.,.,.,.,.,.,.,.,?????????????????,????????,??????,????,???,????????,??????,?????,???,???,?????????????????,????????,??????,????,???,????????,??????,?????,???,???,.,.,.,.,.,.,.,.,.,.,.,.,.,.,.,.,.,.,.,.,.,.,.,.,.,.,.,.,.,.,.,.,.,.,.,.,.,.,.,.,.,.,.,.,.,.,.,.,.,.,.,.,.,.,.,.,.,.,.,.
005,SY08,èZópë∫êºíáä‘,âÇî¸êºíáä‘,-9,-9,-9,,-9,ha__i/ha__i,-9,-9,-9,-9,-9,.,.,.,.,.,.,.,.,.,.,.,.,-9,-9,-9,-9,-9,-9,-9,-9,-9,-9,-9,-9,-9,-9,-9,-9,-9,-9,-9,-9,.,.,.,.,.,.,.,.,.,.,.,.,.,.,.,.,.,.,.,.,.,.,.,.,.,.,.,.,.,.,.,.,.,.,.,.,.,.,.,.,.,.,.,.,.,.,.,.,.,.,.,.,.,.,.,.,.,.,.,.,?????????????????,????????,??????,????,???,????????,??????,?????,???,???,?????????????????,????????,??????,????,???,????????,??????,?????,???,???,.,.,.,.,.,.,.,.,.,.,.,.,.,.,.,.,.,.,.,.,.,.,.,.,.,.,.,.,.,.,.,.,.,.,.,.,.,.,.,.,.,.,.,.,.,.,.,.,.,.,.,.,.,.,.,.,.,.,.,.
006,YU18,âFåüë∫âFåü,âÇî¸âFåü,-9,-9,-9,,-9,_ha__i/(_ha__i_),-9,-9,-9,-9,-9,.,.,.,.,.,.,.,.,.,.,.,.,-9,-9,-9,-9,-9,-9,-9,-9,-9,-9,-9,-9,-9,-9,-9,-9,-9,-9,-9,-9,.,.,.,.,.,.,.,.,.,.,.,.,.,.,.,.,.,.,.,.,.,.,.,.,.,.,.,.,.,.,.,.,.,.,.,.,.,.,.,.,.,.,.,.,.,.,.,.,.,.,.,.,.,.,.,.,.,.,.,.,?????????????????,????????,??????,????,???,????????,??????,?????,???,???,?????????????????,????????,??????,????,???,????????,??????,?????,???,???,.,.,.,.,.,.,.,.,.,.,.,.,.,.,.,.,.,.,.,.,.,.,.,.,.,.,.,.,.,.,.,.,.,.,.,.,.,.,.,.,.,.,.,.,.,.,.,.,.,.,.,.,.,.,.,.,.,.,.,.
007,AN05,ê£åÀì‡í¨ä«ì›,ê£åÀä«ì›,-9,-9,-9,,-9,ha__i__,-9,-9,-9,-9,-9,.,.,.,.,.,.,.,.,.,.,.,.,-9,-9,-9,-9,-9,-9,-9,-9,-9,-9,-9,-9,-9,-9,-9,-9,-9,-9,-9,-9,.,.,.,.,.,.,.,.,.,.,.,.,.,.,.,.,.,.,.,.,.,.,.,.,.,.,.,.,.,.,.,.,.,.,.,.,.,.,.,.,.,.,.,.,.,.,.,.,.,.,.,.,.,.,.,.,.,.,.,.,?????????????????,????????,??????,????,???,????????,??????,?????,???,???,?????????????????,????????,??????,????,???,????????,??????,?????,???,???,.,.,.,.,.,.,.,.,.,.,.,.,.,.,.,.,.,.,.,.,.,.,.,.,.,.,.,.,.,.,.,.,.,.,.,.,.,.,.,.,.,.,.,.,.,.,.,.,.,.,.,.,.,.,.,.,.,.,.,.
008,AN13,ê£åÀì‡í¨ïêñº,ê£åÀïêñº,-9,-9,-9,,-9,_ha_i_,-9,-9,-9,-9,-9,.,.,.,.,.,.,.,.,.,.,.,.,-9,-9,-9,-9,-9,-9,-9,-9,-9,-9,-9,-9,-9,-9,-9,-9,-9,-9,-9,-9,.,.,.,.,.,.,.,.,.,.,.,.,.,.,.,.,.,.,.,.,.,.,.,.,.,.,.,.,.,.,.,.,.,.,.,.,.,.,.,.,.,.,.,.,.,.,.,.,.,.,.,.,.,.,.,.,.,.,.,.,?????????????????,????????,??????,????,???,????????,??????,?????,???,???,?????????????????,????????,??????,????,???,????????,??????,?????,???,???,.,.,.,.,.,.,.,.,.,.,.,.,.,.,.,.,.,.,.,.,.,.,.,.,.,.,.,.,.,.,.,.,.,.,.,.,.,.,.,.,.,.,.,.,.,.,.,.,.,.,.,.,.,.,.,.,.,.,.,.
009,AH14,ê£åÀì‡í¨â√ìS,ê£åÀâ√ìS,-9,-9,-9,,-9,_ha__i,-9,-9,-9,-9,-9,.,.,.,.,.,.,.,.,.,.,.,.,-9,-9,-9,-9,-9,-9,-9,-9,-9,-9,-9,-9,-9,-9,-9,-9,-9,-9,-9,-9,.,.,.,.,.,.,.,.,.,.,.,.,.,.,.,.,.,.,.,.,.,.,.,.,.,.,.,.,.,.,.,.,.,.,.,.,.,.,.,.,.,.,.,.,.,.,.,.,.,.,.,.,.,.,.,.,.,.,.,.,?????????????????,????????,??????,????,???,????????,??????,?????,???,???,?????????????????,????????,??????,????,???,????????,??????,?????,???,???,.,.,.,.,.,.,.,.,.,.,.,.,.,.,.,.,.,.,.,.,.,.,.,.,.,.,.,.,.,.,.,.,.,.,.,.,.,.,.,.,.,.,.,.,.,.,.,.,.,.,.,.,.,.,.,.,.,.,.,.
010,AH15,ê£åÀì‡í¨ìnòA,ê£åÀìnòA,-9,-9,-9,,-9,ha__i_,-9,-9,-9,-9,-9,.,.,.,.,.,.,.,.,.,.,.,.,-9,-9,-9,-9,-9,-9,-9,-9,-9,-9,-9,-9,-9,-9,-9,-9,-9,-9,-9,-9,.,.,.,.,.,.,.,.,.,.,.,.,.,.,.,.,.,.,.,.,.,.,.,.,.,.,.,.,.,.,.,.,.,.,.,.,.,.,.,.,.,.,.,.,.,.,.,.,.,.,.,.,.,.,.,.,.,.,.,.,?????????????????,????????,??????,????,???,????????,??????,?????,???,???,?????????????????,????????,??????,????,???,????????,??????,?????,???,???,.,.,.,.,.,.,.,.,.,.,.,.,.,.,.,.,.,.,.,.,.,.,.,.,.,.,.,.,.,.,.,.,.,.,.,.,.,.,.,.,.,.,.,.,.,.,.,.,.,.,.,.,.,.,.,.,.,.,.,.
011,KK01,äÏäEí¨éuåÀâ±,äÏäEéuåÀâ±,-9,-9,-9,,Ç“Ç≥,p_ja__,p_ja__,pjh,a:,-1,-1,.,.,.,.,.,.,.,.,.,.,.,.,1,1,2,1,1,2,4,3,1,0,-1,-1,-1,-1,-1,-1,-1,-1,-1,-1,.,.,.,.,.,.,.,.,.,.,.,.,.,.,.,.,.,.,.,.,.,.,.,.,.,.,.,.,.,.,.,.,.,.,.,.,.,.,.,.,.,.,.,.,.,.,.,.,.,.,.,.,.,.,.,.,.,.,.,.,10000000000000001,10000001,100100,1010,110,10000010,101000,10100,101,101,00000000000000000,00000000,000000,0000,000,00000000,000000,00000,000,000,.,.,.,.,.,.,.,.,.,.,.,.,.,.,.,.,.,.,.,.,.,.,.,.,.,.,.,.,.,.,.,.,.,.,.,.,.,.,.,.,.,.,.,.,.,.,.,.,.,.,.,.,.,.,.,.,.,.,.,.
012,KK12,äÏäEí¨à¢ì`,äÏäEà¢ì`,2,1,2,,Ç“Ç≥,ssa,ssa,s,-1,s,a,.,.,.,.,.,.,.,.,.,.,.,.,4,3,0,0,1,-1,-1,-1,-1,-1,4,3,0,0,1,1,4,3,1,0,.,.,.,.,.,.,.,.,.,.,.,.,.,.,.,.,.,.,.,.,.,.,.,.,.,.,.,.,.,.,.,.,.,.,.,.,.,.,.,.,.,.,.,.,.,.,.,.,.,.,.,.,.,.,.,.,.,.,.,.,10000000000001000,10000100,100001,1001,110,00000000,000000,00000,000,000,10000000000001000,10000100,100001,1001,110,10000001,101000,10100,101,101,.,.,.,.,.,.,.,.,.,.,.,.,.,.,.,.,.,.,.,.,.,.,.,.,.,.,.,.,.,.,.,.,.,.,.,.,.,.,.,.,.,.,.,.,.,.,.,.,.,.,.,.,.,.,.,.,.,.,.,.
013,KK22,äÏäEí¨òp,äÏäEòp,2,1,2,,Ç“Ç≥,_sa,_sa,s,-1,s,a,.,.,.,.,.,.,.,.,.,.,.,.,4,3,0,0,1,-1,-1,-1,-1,-1,4,3,0,0,1,1,4,3,1,0,.,.,.,.,.,.,.,.,.,.,.,.,.,.,.,.,.,.,.,.,.,.,.,.,.,.,.,.,.,.,.,.,.,.,.,.,.,.,.,.,.,.,.,.,.,.,.,.,.,.,.,.,.,.,.,.,.,.,.,.,10000000000001000,10000100,100001,1001,110,00000000,000000,00000,000,000,10000000000001000,10000100,100001,1001,110,10000001,101000,10100,101,101,.,.,.,.,.,.,.,.,.,.,.,.,.,.,.,.,.,.,.,.,.,.,.,.,.,.,.,.,.,.,.,.,.,.,.,.,.,.,.,.,.,.,.,.,.,.,.,.,.,.,.,.,.,.,.,.,.,.,.,.
014,NM04,ìVèÈí¨êÛä‘,ìøîVêÛä‘,-9,-9,-9,,-9,s_n___,-9,-9,-9,-9,-9,.,.,.,.,.,.,.,.,.,.,.,.,-9,-9,-9,-9,-9,-9,-9,-9,-9,-9,-9,-9,-9,-9,-9,-9,-9,-9,-9,-9,.,.,.,.,.,.,.,.,.,.,.,.,.,.,.,.,.,.,.,.,.,.,.,.,.,.,.,.,.,.,.,.,.,.,.,.,.,.,.,.,.,.,.,.,.,.,.,.,.,.,.,.,.,.,.,.,.,.,.,.,?????????????????,????????,??????,????,???,????????,??????,?????,???,???,?????????????????,????????,??????,????,???,????????,??????,?????,???,???,.,.,.,.,.,.,.,.,.,.,.,.,.,.,.,.,.,.,.,.,.,.,.,.,.,.,.,.,.,.,.,.,.,.,.,.,.,.,.,.,.,.,.,.,.,.,.,.,.,.,.,.,.,.,.,.,.,.,.,.
015,TH03,ìøîVìáí¨ãTìø,ìøîVãTìø,-9,-9,-9,,-9,s__n_/(s__n__),-9,-9,-9,-9,-9,.,.,.,.,.,.,.,.,.,.,.,.,-9,-9,-9,-9,-9,-9,-9,-9,-9,-9,-9,-9,-9,-9,-9,-9,-9,-9,-9,-9,.,.,.,.,.,.,.,.,.,.,.,.,.,.,.,.,.,.,.,.,.,.,.,.,.,.,.,.,.,.,.,.,.,.,.,.,.,.,.,.,.,.,.,.,.,.,.,.,.,.,.,.,.,.,.,.,.,.,.,.,?????????????????,????????,??????,????,???,????????,??????,?????,???,???,?????????????????,????????,??????,????,???,????????,??????,?????,???,???,.,.,.,.,.,.,.,.,.,.,.,.,.,.,.,.,.,.,.,.,.,.,.,.,.,.,.,.,.,.,.,.,.,.,.,.,.,.,.,.,.,.,.,.,.,.,.,.,.,.,.,.,.,.,.,.,.,.,.,.
016,OM03,à…êÂí¨à…êÂ,ìøîVà…êÂ,-9,-9,-9,,-9,s__n_,-9,-9,-9,-9,-9,.,.,.,.,.,.,.,.,.,.,.,.,-9,-9,-9,-9,-9,-9,-9,-9,-9,-9,-9,-9,-9,-9,-9,-9,-9,-9,-9,-9,.,.,.,.,.,.,.,.,.,.,.,.,.,.,.,.,.,.,.,.,.,.,.,.,.,.,.,.,.,.,.,.,.,.,.,.,.,.,.,.,.,.,.,.,.,.,.,.,.,.,.,.,.,.,.,.,.,.,.,.,?????????????????,????????,??????,????,???,????????,??????,?????,???,???,?????????????????,????????,??????,????,???,????????,??????,?????,???,???,.,.,.,.,.,.,.,.,.,.,.,.,.,.,.,.,.,.,.,.,.,.,.,.,.,.,.,.,.,.,.,.,.,.,.,.,.,.,.,.,.,.,.,.,.,.,.,.,.,.,.,.,.,.,.,.,.,.,.,.
017,OK02,òaîëí¨òaîë,â´âiòaîë,-9,-9,-9,,-9,_ha__i_,-9,-9,-9,-9,-9,.,.,.,.,.,.,.,.,.,.,.,.,-9,-9,-9,-9,-9,-9,-9,-9,-9,-9,-9,-9,-9,-9,-9,-9,-9,-9,-9,-9,.,.,.,.,.,.,.,.,.,.,.,.,.,.,.,.,.,.,.,.,.,.,.,.,.,.,.,.,.,.,.,.,.,.,.,.,.,.,.,.,.,.,.,.,.,.,.,.,.,.,.,.,.,.,.,.,.,.,.,.,?????????????????,????????,??????,????,???,????????,??????,?????,???,???,?????????????????,????????,??????,????,???,????????,??????,?????,???,???,.,.,.,.,.,.,.,.,.,.,.,.,.,.,.,.,.,.,.,.,.,.,.,.,.,.,.,.,.,.,.,.,.,.,.,.,.,.,.,.,.,.,.,.,.,.,.,.,.,.,.,.,.,.,.,.,.,.,.,.
018,OK06,ímñºí¨ímñº,â´âiímñº,-9,-9,-9,,-9,ha__i,-9,-9,-9,-9,-9,.,.,.,.,.,.,.,.,.,.,.,.,-9,-9,-9,-9,-9,-9,-9,-9,-9,-9,-9,-9,-9,-9,-9,-9,-9,-9,-9,-9,.,.,.,.,.,.,.,.,.,.,.,.,.,.,.,.,.,.,.,.,.,.,.,.,.,.,.,.,.,.,.,.,.,.,.,.,.,.,.,.,.,.,.,.,.,.,.,.,.,.,.,.,.,.,.,.,.,.,.,.,?????????????????,????????,??????,????,???,????????,??????,?????,???,???,?????????????????,????????,??????,????,???,????????,??????,?????,???,???,.,.,.,.,.,.,.,.,.,.,.,.,.,.,.,.,.,.,.,.,.,.,.,.,.,.,.,.,.,.,.,.,.,.,.,.,.,.,.,.,.,.,.,.,.,.,.,.,.,.,.,.,.,.,.,.,.,.,.,.
019,YR01,ó^ò_í¨íÉâ‘,ó^ò_íÉâ‘,-9,-9,-9,,-9,_pa_i,-9,-9,-9,-9,-9,.,.,.,.,.,.,.,.,.,.,.,.,-9,-9,-9,-9,-9,-9,-9,-9,-9,-9,-9,-9,-9,-9,-9,-9,-9,-9,-9,-9,.,.,.,.,.,.,.,.,.,.,.,.,.,.,.,.,.,.,.,.,.,.,.,.,.,.,.,.,.,.,.,.,.,.,.,.,.,.,.,.,.,.,.,.,.,.,.,.,.,.,.,.,.,.,.,.,.,.,.,.,?????????????????,????????,??????,????,???,????????,??????,?????,???,???,?????????????????,????????,??????,????,???,????????,??????,?????,???,???,.,.,.,.,.,.,.,.,.,.,.,.,.,.,.,.,.,.,.,.,.,.,.,.,.,.,.,.,.,.,.,.,.,.,.,.,.,.,.,.,.,.,.,.,.,.,.,.,.,.,.,.,.,.,.,.,.,.,.,.
020,IH02,à…ïΩâÆë∫â‰äÏâÆ,à…ïΩâ‰äÏâÆ,2,1,2,,Ç“Ç≥,_sa_,_sa_,-1,-1,s,a:,.,.,.,.,.,.,.,.,.,.,.,.,-1,-1,-1,-1,-1,-1,-1,-1,-1,-1,4,3,0,0,1,2,4,3,1,0,.,.,.,.,.,.,.,.,.,.,.,.,.,.,.,.,.,.,.,.,.,.,.,.,.,.,.,.,.,.,.,.,.,.,.,.,.,.,.,.,.,.,.,.,.,.,.,.,.,.,.,.,.,.,.,.,.,.,.,.,00000000000000000,00000000,000000,0000,000,00000000,000000,00000,000,000,10000000000001000,10000100,100001,1001,110,10000010,101000,10100,101,101,.,.,.,.,.,.,.,.,.,.,.,.,.,.,.,.,.,.,.,.,.,.,.,.,.,.,.,.,.,.,.,.,.,.,.,.,.,.,.,.,.,.,.,.,.,.,.,.,.,.,.,.,.,.,.,.,.,.,.,.
021,IZ01,à…ê•ñºë∫èîå©,à…ê•èîå©,2,1,2,,Ç“Ç≥,_sa_,_sa_,-1,-1,s,a:,.,.,.,.,.,.,.,.,.,.,.,.,-1,-1,-1,-1,-1,-1,-1,-1,-1,-1,4,3,0,0,1,2,4,3,1,0,.,.,.,.,.,.,.,.,.,.,.,.,.,.,.,.,.,.,.,.,.,.,.,.,.,.,.,.,.,.,.,.,.,.,.,.,.,.,.,.,.,.,.,.,.,.,.,.,.,.,.,.,.,.,.,.,.,.,.,.,00000000000000000,00000000,000000,0000,000,00000000,000000,00000,000,000,10000000000001000,10000100,100001,1001,110,10000010,101000,10100,101,101,.,.,.,.,.,.,.,.,.,.,.,.,.,.,.,.,.,.,.,.,.,.,.,.,.,.,.,.,.,.,.,.,.,.,.,.,.,.,.,.,.,.,.,.,.,.,.,.,.,.,.,.,.,.,.,.,.,.,.,.
022,IE02,à…ç]ë∫ìåç]ëO,à…ç]ìåç]ëO,-9,-9,-9,,-9,_u_jiÅ^t_i___aÅö,-9,-9,-9,-9,-9,.,.,.,.,.,.,.,.,.,.,.,.,-9,-9,-9,-9,-9,-9,-9,-9,-9,-9,-9,-9,-9,-9,-9,-9,-9,-9,-9,-9,.,.,.,.,.,.,.,.,.,.,.,.,.,.,.,.,.,.,.,.,.,.,.,.,.,.,.,.,.,.,.,.,.,.,.,.,.,.,.,.,.,.,.,.,.,.,.,.,.,.,.,.,.,.,.,.,.,.,.,.,?????????????????,????????,??????,????,???,????????,??????,?????,???,???,?????????????????,????????,??????,????,???,????????,??????,?????,???,???,.,.,.,.,.,.,.,.,.,.,.,.,.,.,.,.,.,.,.,.,.,.,.,.,.,.,.,.,.,.,.,.,.,.,.,.,.,.,.,.,.,.,.,.,.,.,.,.,.,.,.,.,.,.,.,.,.,.,.,.
023,KU14,çëì™ë∫ï”ìyñº,çëì™ï”ìyñº,3,2,2,,Ç“Ç≥,__i_saÅ`ÅuÇê_i_sa,__i_sa,hw,i,s,a,.,.,.,.,.,.,.,.,.,.,.,.,1,3,0,0,1,1,1,1,1,0,4,3,0,0,1,1,4,3,1,0,.,.,.,.,.,.,.,.,.,.,.,.,.,.,.,.,.,.,.,.,.,.,.,.,.,.,.,.,.,.,.,.,.,.,.,.,.,.,.,.,.,.,.,.,.,.,.,.,.,.,.,.,.,.,.,.,.,.,.,.,10000000000000001,10000100,100001,1001,110,10000001,100001,10001,101,101,10000000000001000,10000100,100001,1001,110,10000001,101000,10100,101,101,.,.,.,.,.,.,.,.,.,.,.,.,.,.,.,.,.,.,.,.,.,.,.,.,.,.,.,.,.,.,.,.,.,.,.,.,.,.,.,.,.,.,.,.,.,.,.,.,.,.,.,.,.,.,.,.,.,.,.,.
024,KU08,çëì™ë∫ï”ñÏäÏ,çëì™ï”ñÏäÏ,3,2,2,,Ç“Ç≥,__isa,__isa,hw,i,s,a,.,.,.,.,.,.,.,.,.,.,.,.,1,3,0,0,1,1,1,1,1,0,4,3,0,0,1,1,4,3,1,0,.,.,.,.,.,.,.,.,.,.,.,.,.,.,.,.,.,.,.,.,.,.,.,.,.,.,.,.,.,.,.,.,.,.,.,.,.,.,.,.,.,.,.,.,.,.,.,.,.,.,.,.,.,.,.,.,.,.,.,.,10000000000000001,10000100,100001,1001,110,10000001,100001,10001,101,101,10000000000001000,10000100,100001,1001,110,10000001,101000,10100,101,101,.,.,.,.,.,.,.,.,.,.,.,.,.,.,.,.,.,.,.,.,.,.,.,.,.,.,.,.,.,.,.,.,.,.,.,.,.,.,.,.,.,.,.,.,.,.,.,.,.,.,.,.,.,.,.,.,.,.,.,.
025,OG07,ëÂãXñ°ë∫ç™òHñ¡,ëÂãXç™òHñ¡,3,2,2,,Ç“Ç≥,p_i_sa,p_i_sa,p,i,s,a,.,.,.,.,.,.,.,.,.,.,.,.,1,1,0,0,1,1,1,1,1,0,4,3,0,0,1,1,4,3,1,0,.,.,.,.,.,.,.,.,.,.,.,.,.,.,.,.,.,.,.,.,.,.,.,.,.,.,.,.,.,.,.,.,.,.,.,.,.,.,.,.,.,.,.,.,.,.,.,.,.,.,.,.,.,.,.,.,.,.,.,.,10000000000000001,10000001,100001,1001,110,10000001,100001,10001,101,101,10000000000001000,10000100,100001,1001,110,10000001,101000,10100,101,101,.,.,.,.,.,.,.,.,.,.,.,.,.,.,.,.,.,.,.,.,.,.,.,.,.,.,.,.,.,.,.,.,.,.,.,.,.,.,.,.,.,.,.,.,.,.,.,.,.,.,.,.,.,.,.,.,.,.,.,.
026,NN12,ç°ãAêmë∫ó^ìﬂó‰,ç°ãAó^ìﬂó‰,4,2,3,,Ç“Ç≥,p_i__sa_,p_i__sa_,ph,i,s,a:,.,.,.,.,.,.,.,.,.,.,.,.,1,1,0,1,1,1,1,1,1,0,4,3,0,0,1,2,4,3,1,0,.,.,.,.,.,.,.,.,.,.,.,.,.,.,.,.,.,.,.,.,.,.,.,.,.,.,.,.,.,.,.,.,.,.,.,.,.,.,.,.,.,.,.,.,.,.,.,.,.,.,.,.,.,.,.,.,.,.,.,.,10000000000000001,10000001,100001,1010,110,10000001,100001,10001,101,101,10000000000001000,10000100,100001,1001,110,10000010,101000,10100,101,101,.,.,.,.,.,.,.,.,.,.,.,.,.,.,.,.,.,.,.,.,.,.,.,.,.,.,.,.,.,.,.,.,.,.,.,.,.,.,.,.,.,.,.,.,.,.,.,.,.,.,.,.,.,.,.,.,.,.,.,.
027,MB02,ñ{ïîí¨îıê£,ñ{ïîîıê£,3,2,2,,Ç“Ç≥,_p_i_sa,_p_i_sa,p,i,s,a,.,.,.,.,.,.,.,.,.,.,.,.,1,1,0,0,1,1,1,1,1,0,4,3,0,0,1,1,4,3,1,0,.,.,.,.,.,.,.,.,.,.,.,.,.,.,.,.,.,.,.,.,.,.,.,.,.,.,.,.,.,.,.,.,.,.,.,.,.,.,.,.,.,.,.,.,.,.,.,.,.,.,.,.,.,.,.,.,.,.,.,.,10000000000000001,10000001,100001,1001,110,10000001,100001,10001,101,101,10000000000001000,10000100,100001,1001,110,10000001,101000,10100,101,101,.,.,.,.,.,.,.,.,.,.,.,.,.,.,.,.,.,.,.,.,.,.,.,.,.,.,.,.,.,.,.,.,.,.,.,.,.,.,.,.,.,.,.,.,.,.,.,.,.,.,.,.,.,.,.,.,.,.,.,.
028,MB06,ñ{ïîí¨ïlå≥,ñ{ïîïlå≥,3,2,2,,Ç“Ç≥,_pi_sa,_pi_sa,p,i,s,a,.,.,.,.,.,.,.,.,.,.,.,.,1,1,0,0,1,1,1,1,1,0,4,3,0,0,1,1,4,3,1,0,.,.,.,.,.,.,.,.,.,.,.,.,.,.,.,.,.,.,.,.,.,.,.,.,.,.,.,.,.,.,.,.,.,.,.,.,.,.,.,.,.,.,.,.,.,.,.,.,.,.,.,.,.,.,.,.,.,.,.,.,10000000000000001,10000001,100001,1001,110,10000001,100001,10001,101,101,10000000000001000,10000100,100001,1001,110,10000001,101000,10100,101,101,.,.,.,.,.,.,.,.,.,.,.,.,.,.,.,.,.,.,.,.,.,.,.,.,.,.,.,.,.,.,.,.,.,.,.,.,.,.,.,.,.,.,.,.,.,.,.,.,.,.,.,.,.,.,.,.,.,.,.,.
029,HJ08,ñºåÏésêÏè„,ñºåÏêÏè„,4,2,3,,Ç“Ç≥,p_i__sa_,p_i__sa_,ph,i,s,a,.,.,.,.,.,.,.,.,.,.,.,.,1,1,0,1,1,1,1,1,1,0,4,3,0,0,1,1,4,3,1,0,.,.,.,.,.,.,.,.,.,.,.,.,.,.,.,.,.,.,.,.,.,.,.,.,.,.,.,.,.,.,.,.,.,.,.,.,.,.,.,.,.,.,.,.,.,.,.,.,.,.,.,.,.,.,.,.,.,.,.,.,10000000000000001,10000001,100001,1010,110,10000001,100001,10001,101,101,10000000000001000,10000100,100001,1001,110,10000001,101000,10100,101,101,.,.,.,.,.,.,.,.,.,.,.,.,.,.,.,.,.,.,.,.,.,.,.,.,.,.,.,.,.,.,.,.,.,.,.,.,.,.,.,.,.,.,.,.,.,.,.,.,.,.,.,.,.,.,.,.,.,.,.,.
030,NG06,ñºåÏésñºåÏ,ñºåÏëÂåì,4,2,3,,Ç“Ç≥,p_i_sa_Åö,p_i_sa_Åö,ph,i,s,a:,.,.,.,.,.,.,.,.,.,.,.,.,1,1,0,1,1,1,1,1,1,0,4,3,0,0,1,2,4,3,1,0,.,.,.,.,.,.,.,.,.,.,.,.,.,.,.,.,.,.,.,.,.,.,.,.,.,.,.,.,.,.,.,.,.,.,.,.,.,.,.,.,.,.,.,.,.,.,.,.,.,.,.,.,.,.,.,.,.,.,.,.,10000000000000001,10000001,100001,1010,110,10000001,100001,10001,101,101,10000000000001000,10000100,100001,1001,110,10000010,101000,10100,101,101,.,.,.,.,.,.,.,.,.,.,.,.,.,.,.,.,.,.,.,.,.,.,.,.,.,.,.,.,.,.,.,.,.,.,.,.,.,.,.,.,.,.,.,.,.,.,.,.,.,.,.,.,.,.,.,.,.,.,.,.
031,ON04,â∂î[ë∫â∂î[,â∂î[â∂î[,3,2,2,,Ç“Ç≥,p_i_sa,p_i_sa,ph,i,s,a,.,.,.,.,.,.,.,.,.,.,.,.,1,1,0,1,1,1,1,1,1,0,4,3,0,0,1,1,4,3,1,0,.,.,.,.,.,.,.,.,.,.,.,.,.,.,.,.,.,.,.,.,.,.,.,.,.,.,.,.,.,.,.,.,.,.,.,.,.,.,.,.,.,.,.,.,.,.,.,.,.,.,.,.,.,.,.,.,.,.,.,.,10000000000000001,10000001,100001,1010,110,10000001,100001,10001,101,101,10000000000001000,10000100,100001,1001,110,10000001,101000,10100,101,101,.,.,.,.,.,.,.,.,.,.,.,.,.,.,.,.,.,.,.,.,.,.,.,.,.,.,.,.,.,.,.,.,.,.,.,.,.,.,.,.,.,.,.,.,.,.,.,.,.,.,.,.,.,.,.,.,.,.,.,.
032,KI06,ã‡ïêí¨ã‡ïê,ã‡ïêã‡ïê,3,2,2,,Ç“Ç≥,hisa,hisa,h,i,s,a,.,.,.,.,.,.,.,.,.,.,.,.,11,2,0,0,1,1,1,1,1,0,4,3,0,0,1,1,4,3,1,0,.,.,.,.,.,.,.,.,.,.,.,.,.,.,.,.,.,.,.,.,.,.,.,.,.,.,.,.,.,.,.,.,.,.,.,.,.,.,.,.,.,.,.,.,.,.,.,.,.,.,.,.,.,.,.,.,.,.,.,.,10000010000000000,10000010,100001,1001,110,10000001,100001,10001,101,101,10000000000001000,10000100,100001,1001,110,10000001,101000,10100,101,101,.,.,.,.,.,.,.,.,.,.,.,.,.,.,.,.,.,.,.,.,.,.,.,.,.,.,.,.,.,.,.,.,.,.,.,.,.,.,.,.,.,.,.,.,.,.,.,.,.,.,.,.,.,.,.,.,.,.,.,.
033,YT15,ì«íJë∫å√åò,ì«íJå√åò,3,2,2,,Ç“Ç≥,hi_sa,hi_sa,h,i,s,a,.,.,.,.,.,.,.,.,.,.,.,.,11,2,0,0,1,1,1,1,1,0,4,3,0,0,1,1,4,3,1,0,.,.,.,.,.,.,.,.,.,.,.,.,.,.,.,.,.,.,.,.,.,.,.,.,.,.,.,.,.,.,.,.,.,.,.,.,.,.,.,.,.,.,.,.,.,.,.,.,.,.,.,.,.,.,.,.,.,.,.,.,10000010000000000,10000010,100001,1001,110,10000001,100001,10001,101,101,10000000000001000,10000100,100001,1001,110,10000001,101000,10100,101,101,.,.,.,.,.,.,.,.,.,.,.,.,.,.,.,.,.,.,.,.,.,.,.,.,.,.,.,.,.,.,.,.,.,.,.,.,.,.,.,.,.,.,.,.,.,.,.,.,.,.,.,.,.,.,.,.,.,.,.,.
034,MS01,ãåêŒêÏésêŒêÏ,êŒêÏêŒêÏ,3,2,2,,Ç“Ç≥,__isa,__isa,hj,i,s,a,.,.,.,.,.,.,.,.,.,.,.,.,7,3,0,0,1,1,1,1,1,0,4,3,0,0,1,1,4,3,1,0,.,.,.,.,.,.,.,.,.,.,.,.,.,.,.,.,.,.,.,.,.,.,.,.,.,.,.,.,.,.,.,.,.,.,.,.,.,.,.,.,.,.,.,.,.,.,.,.,.,.,.,.,.,.,.,.,.,.,.,.,10000000001000000,10000100,100001,1001,110,10000001,100001,10001,101,101,10000000000001000,10000100,100001,1001,110,10000001,101000,10100,101,101,.,.,.,.,.,.,.,.,.,.,.,.,.,.,.,.,.,.,.,.,.,.,.,.,.,.,.,.,.,.,.,.,.,.,.,.,.,.,.,.,.,.,.,.,.,.,.,.,.,.,.,.,.,.,.,.,.,.,.,.
035,GK07,â´ìÍéså”âÆ,â´ìÍå”âÆ,3,2,2,,Ç“Ç≥,__isa,__isa,hj,i,s,a,.,.,.,.,.,.,.,.,.,.,.,.,7,3,0,0,1,1,1,1,1,0,4,3,0,0,1,1,4,3,1,0,.,.,.,.,.,.,.,.,.,.,.,.,.,.,.,.,.,.,.,.,.,.,.,.,.,.,.,.,.,.,.,.,.,.,.,.,.,.,.,.,.,.,.,.,.,.,.,.,.,.,.,.,.,.,.,.,.,.,.,.,10000000001000000,10000100,100001,1001,110,10000001,100001,10001,101,101,10000000000001000,10000100,100001,1001,110,10000001,101000,10100,101,101,.,.,.,.,.,.,.,.,.,.,.,.,.,.,.,.,.,.,.,.,.,.,.,.,.,.,.,.,.,.,.,.,.,.,.,.,.,.,.,.,.,.,.,.,.,.,.,.,.,.,.,.,.,.,.,.,.,.,.,.
036,GS08,ãåãÔéuêÏésãÔéuêÏ,Ç§ÇÈãÔéuêÏ,3,2,2,,Ç“Ç≥,_i__sa,_i__sa,hj,i,s,a,.,.,.,.,.,.,.,.,.,.,.,.,7,3,0,0,1,1,1,1,1,0,4,3,0,0,1,1,4,3,1,0,.,.,.,.,.,.,.,.,.,.,.,.,.,.,.,.,.,.,.,.,.,.,.,.,.,.,.,.,.,.,.,.,.,.,.,.,.,.,.,.,.,.,.,.,.,.,.,.,.,.,.,.,.,.,.,.,.,.,.,.,10000000001000000,10000100,100001,1001,110,10000001,100001,10001,101,101,10000000000001000,10000100,100001,1001,110,10000001,101000,10100,101,101,.,.,.,.,.,.,.,.,.,.,.,.,.,.,.,.,.,.,.,.,.,.,.,.,.,.,.,.,.,.,.,.,.,.,.,.,.,.,.,.,.,.,.,.,.,.,.,.,.,.,.,.,.,.,.,.,.,.,.,.
037,YN02,ãåèüòAí¨ó^ìﬂèÈ,Ç§ÇÈó^ìﬂèÈ,3,2,2,,Ç“Ç≥,_i__sa,_i__sa,hj,i,s,a,.,.,.,.,.,.,.,.,.,.,.,.,7,3,0,0,1,1,1,1,1,0,4,3,0,0,1,1,4,3,1,0,.,.,.,.,.,.,.,.,.,.,.,.,.,.,.,.,.,.,.,.,.,.,.,.,.,.,.,.,.,.,.,.,.,.,.,.,.,.,.,.,.,.,.,.,.,.,.,.,.,.,.,.,.,.,.,.,.,.,.,.,10000000001000000,10000100,100001,1001,110,10000001,100001,10001,101,101,10000000000001000,10000100,100001,1001,110,10000001,101000,10100,101,101,.,.,.,.,.,.,.,.,.,.,.,.,.,.,.,.,.,.,.,.,.,.,.,.,.,.,.,.,.,.,.,.,.,.,.,.,.,.,.,.,.,.,.,.,.,.,.,.,.,.,.,.,.,.,.,.,.,.,.,.
038,YN09,ãåèüòAí¨ïΩà¿ç¿,Ç§ÇÈïΩà¿ç¿,3,2,2,,Ç“Ç≥,hi__a-hi__a,hi__a,h,i,s2,a,.,.,.,.,.,.,.,.,.,.,.,.,11,2,0,0,1,1,1,1,1,0,4,3,2,0,1,1,4,3,1,0,.,.,.,.,.,.,.,.,.,.,.,.,.,.,.,.,.,.,.,.,.,.,.,.,.,.,.,.,.,.,.,.,.,.,.,.,.,.,.,.,.,.,.,.,.,.,.,.,.,.,.,.,.,.,.,.,.,.,.,.,10000010000000000,10000010,100001,1001,110,10000001,100001,10001,101,101,10000000000001000,10000100,100100,1001,110,10000001,101000,10100,101,101,.,.,.,.,.,.,.,.,.,.,.,.,.,.,.,.,.,.,.,.,.,.,.,.,.,.,.,.,.,.,.,.,.,.,.,.,.,.,.,.,.,.,.,.,.,.,.,.,.,.,.,.,.,.,.,.,.,.,.,.
039,CT12,ñkíJí¨ñkíJ,ñkíJñkíJ,3,2,2,,Ç“Ç≥,_i_sa,_i_sa,hw,i,s,a,.,.,.,.,.,.,.,.,.,.,.,.,1,3,0,0,1,1,1,1,1,0,4,3,0,0,1,1,4,3,1,0,.,.,.,.,.,.,.,.,.,.,.,.,.,.,.,.,.,.,.,.,.,.,.,.,.,.,.,.,.,.,.,.,.,.,.,.,.,.,.,.,.,.,.,.,.,.,.,.,.,.,.,.,.,.,.,.,.,.,.,.,10000000000000001,10000100,100001,1001,110,10000001,100001,10001,101,101,10000000000001000,10000100,100001,1001,110,10000001,101000,10100,101,101,.,.,.,.,.,.,.,.,.,.,.,.,.,.,.,.,.,.,.,.,.,.,.,.,.,.,.,.,.,.,.,.,.,.,.,.,.,.,.,.,.,.,.,.,.,.,.,.,.,.,.,.,.,.,.,.,.,.,.,.
040,NK17,íÜèÈë∫âÆãX,ñkíÜâÆãX,3,2,2,,Ç“Ç≥,hisa,hisa,h,i,s,a,.,.,.,.,.,.,.,.,.,.,.,.,11,2,0,0,1,1,1,1,1,0,4,3,0,0,1,1,4,3,1,0,.,.,.,.,.,.,.,.,.,.,.,.,.,.,.,.,.,.,.,.,.,.,.,.,.,.,.,.,.,.,.,.,.,.,.,.,.,.,.,.,.,.,.,.,.,.,.,.,.,.,.,.,.,.,.,.,.,.,.,.,10000010000000000,10000010,100001,1001,110,10000001,100001,10001,101,101,10000000000001000,10000100,100001,1001,110,10000001,101000,10100,101,101,.,.,.,.,.,.,.,.,.,.,.,.,.,.,.,.,.,.,.,.,.,.,.,.,.,.,.,.,.,.,.,.,.,.,.,.,.,.,.,.,.,.,.,.,.,.,.,.,.,.,.,.,.,.,.,.,.,.,.,.
041,GW01,ãXñÏòpésïÅìVä‘,ãXòpïÅìVä‘,3,2,2,,Ç“Ç≥,__isa,__isa,hj,i,s,a,.,.,.,.,.,.,.,.,.,.,.,.,7,3,0,0,1,1,1,1,1,0,4,3,0,0,1,1,4,3,1,0,.,.,.,.,.,.,.,.,.,.,.,.,.,.,.,.,.,.,.,.,.,.,.,.,.,.,.,.,.,.,.,.,.,.,.,.,.,.,.,.,.,.,.,.,.,.,.,.,.,.,.,.,.,.,.,.,.,.,.,.,10000000001000000,10000100,100001,1001,110,10000001,100001,10001,101,101,10000000000001000,10000100,100001,1001,110,10000001,101000,10100,101,101,.,.,.,.,.,.,.,.,.,.,.,.,.,.,.,.,.,.,.,.,.,.,.,.,.,.,.,.,.,.,.,.,.,.,.,.,.,.,.,.,.,.,.,.,.,.,.,.,.,.,.,.,.,.,.,.,.,.,.,.
042,GW06,ãXñÏòpésëÂéR,ãXòpëÂéR,3,2,2,,Ç“Ç≥,_hwi_sa,_hwi_sa,hw,i,s,a,.,.,.,.,.,.,.,.,.,.,.,.,1,3,0,0,1,1,1,1,1,0,4,3,0,0,1,1,4,3,1,0,.,.,.,.,.,.,.,.,.,.,.,.,.,.,.,.,.,.,.,.,.,.,.,.,.,.,.,.,.,.,.,.,.,.,.,.,.,.,.,.,.,.,.,.,.,.,.,.,.,.,.,.,.,.,.,.,.,.,.,.,10000000000000001,10000100,100001,1001,110,10000001,100001,10001,101,101,10000000000001000,10000100,100001,1001,110,10000001,101000,10100,101,101,.,.,.,.,.,.,.,.,.,.,.,.,.,.,.,.,.,.,.,.,.,.,.,.,.,.,.,.,.,.,.,.,.,.,.,.,.,.,.,.,.,.,.,.,.,.,.,.,.,.,.,.,.,.,.,.,.,.,.,.
043,US06,âYìYésà¿îgíÉ,âYìYà¿îgíÉ,3,2,2,,Ç“Ç≥,_i_sa/_i_sa,_i_sa,hj,i,s,a,.,.,.,.,.,.,.,.,.,.,.,.,7,3,0,0,1,1,1,1,1,0,4,3,0,0,1,1,4,3,1,0,.,.,.,.,.,.,.,.,.,.,.,.,.,.,.,.,.,.,.,.,.,.,.,.,.,.,.,.,.,.,.,.,.,.,.,.,.,.,.,.,.,.,.,.,.,.,.,.,.,.,.,.,.,.,.,.,.,.,.,.,10000000001000000,10000100,100001,1001,110,10000001,100001,10001,101,101,10000000000001000,10000100,100001,1001,110,10000001,101000,10100,101,101,.,.,.,.,.,.,.,.,.,.,.,.,.,.,.,.,.,.,.,.,.,.,.,.,.,.,.,.,.,.,.,.,.,.,.,.,.,.,.,.,.,.,.,.,.,.,.,.,.,.,.,.,.,.,.,.,.,.,.,.
044,NH10,êºå¥í¨è¨îgí√,êºå¥è¨îgí√,3,2,2,,Ç“Ç≥,_hwisa-_hisa/_hi_sa,_hwisa,hw,i,s,a,.,.,.,.,.,.,.,.,.,.,.,.,1,3,0,0,1,1,1,1,1,0,4,3,0,0,1,1,4,3,1,0,.,.,.,.,.,.,.,.,.,.,.,.,.,.,.,.,.,.,.,.,.,.,.,.,.,.,.,.,.,.,.,.,.,.,.,.,.,.,.,.,.,.,.,.,.,.,.,.,.,.,.,.,.,.,.,.,.,.,.,.,10000000000000001,10000100,100001,1001,110,10000001,100001,10001,101,101,10000000000001000,10000100,100001,1001,110,10000001,101000,10100,101,101,.,.,.,.,.,.,.,.,.,.,.,.,.,.,.,.,.,.,.,.,.,.,.,.,.,.,.,.,.,.,.,.,.,.,.,.,.,.,.,.,.,.,.,.,.,.,.,.,.,.,.,.,.,.,.,.,.,.,.,.
045,NK25,èüòAí¨í√åò,Ç§ÇÈí√åò,3,2,2,,Ç“Ç≥,p_i___a/_p_i_sa,p_i___a,p,i,s2,a,.,.,.,.,.,.,.,.,.,.,.,.,1,1,0,0,1,1,1,1,1,0,4,3,2,0,1,1,4,3,1,0,.,.,.,.,.,.,.,.,.,.,.,.,.,.,.,.,.,.,.,.,.,.,.,.,.,.,.,.,.,.,.,.,.,.,.,.,.,.,.,.,.,.,.,.,.,.,.,.,.,.,.,.,.,.,.,.,.,.,.,.,10000000000000001,10000001,100001,1001,110,10000001,100001,10001,101,101,10000000000001000,10000100,100100,1001,110,10000001,101000,10100,101,101,.,.,.,.,.,.,.,.,.,.,.,.,.,.,.,.,.,.,.,.,.,.,.,.,.,.,.,.,.,.,.,.,.,.,.,.,.,.,.,.,.,.,.,.,.,.,.,.,.,.,.,.,.,.,.,.,.,.,.,.
046,MW03,ìﬂîeéséÒó¢ìñë†émë∞,ìﬂîeìñë†ém,3,2,2,,Ç“Ç≥,_i__sa,_i__sa,hw,i,s,a,.,.,.,.,.,.,.,.,.,.,.,.,1,3,0,0,1,1,1,1,1,0,4,3,0,0,1,1,4,3,1,0,.,.,.,.,.,.,.,.,.,.,.,.,.,.,.,.,.,.,.,.,.,.,.,.,.,.,.,.,.,.,.,.,.,.,.,.,.,.,.,.,.,.,.,.,.,.,.,.,.,.,.,.,.,.,.,.,.,.,.,.,10000000000000001,10000100,100001,1001,110,10000001,100001,10001,101,101,10000000000001000,10000100,100001,1001,110,10000001,101000,10100,101,101,.,.,.,.,.,.,.,.,.,.,.,.,.,.,.,.,.,.,.,.,.,.,.,.,.,.,.,.,.,.,.,.,.,.,.,.,.,.,.,.,.,.,.,.,.,.,.,.,.,.,.,.,.,.,.,.,.,.,.,.
047,MW04,ìﬂîeéséÒó¢ìñë†,ìﬂîeìñë†ïΩ,3,2,2,,Ç“Ç≥,_i__sa,_i__sa,hw,i,s,a,.,.,.,.,.,.,.,.,.,.,.,.,1,3,0,0,1,1,1,1,1,0,4,3,0,0,1,1,4,3,1,0,.,.,.,.,.,.,.,.,.,.,.,.,.,.,.,.,.,.,.,.,.,.,.,.,.,.,.,.,.,.,.,.,.,.,.,.,.,.,.,.,.,.,.,.,.,.,.,.,.,.,.,.,.,.,.,.,.,.,.,.,10000000000000001,10000100,100001,1001,110,10000001,100001,10001,101,101,10000000000001000,10000100,100001,1001,110,10000001,101000,10100,101,101,.,.,.,.,.,.,.,.,.,.,.,.,.,.,.,.,.,.,.,.,.,.,.,.,.,.,.,.,.,.,.,.,.,.,.,.,.,.,.,.,.,.,.,.,.,.,.,.,.,.,.,.,.,.,.,.,.,.,.,.
048,MW12,ìﬂîeésêÚçËémë∞,ìﬂîeêÚçËém,3,2,2,,Ç“Ç≥,_i_sa,_i_sa,hw,i,s,a,.,.,.,.,.,.,.,.,.,.,.,.,1,3,0,0,1,1,1,1,1,0,4,3,0,0,1,1,4,3,1,0,.,.,.,.,.,.,.,.,.,.,.,.,.,.,.,.,.,.,.,.,.,.,.,.,.,.,.,.,.,.,.,.,.,.,.,.,.,.,.,.,.,.,.,.,.,.,.,.,.,.,.,.,.,.,.,.,.,.,.,.,10000000000000001,10000100,100001,1001,110,10000001,100001,10001,101,101,10000000000001000,10000100,100001,1001,110,10000001,101000,10100,101,101,.,.,.,.,.,.,.,.,.,.,.,.,.,.,.,.,.,.,.,.,.,.,.,.,.,.,.,.,.,.,.,.,.,.,.,.,.,.,.,.,.,.,.,.,.,.,.,.,.,.,.,.,.,.,.,.,.,.,.,.
049,MW13,ìﬂîeésêÚçË,ìﬂîeêÚçËïΩ,3,2,2,,Ç“Ç≥,_i_sa,_i_sa,hw,i,s,a,.,.,.,.,.,.,.,.,.,.,.,.,1,3,0,0,1,1,1,1,1,0,4,3,0,0,1,1,4,3,1,0,.,.,.,.,.,.,.,.,.,.,.,.,.,.,.,.,.,.,.,.,.,.,.,.,.,.,.,.,.,.,.,.,.,.,.,.,.,.,.,.,.,.,.,.,.,.,.,.,.,.,.,.,.,.,.,.,.,.,.,.,10000000000000001,10000100,100001,1001,110,10000001,100001,10001,101,101,10000000000001000,10000100,100001,1001,110,10000001,101000,10100,101,101,.,.,.,.,.,.,.,.,.,.,.,.,.,.,.,.,.,.,.,.,.,.,.,.,.,.,.,.,.,.,.,.,.,.,.,.,.,.,.,.,.,.,.,.,.,.,.,.,.,.,.,.,.,.,.,.,.,.,.,.
050,MW09,ìﬂîeésà¿ó¢,ìﬂîeà¿ó¢,3,2,2,,Ç“Ç≥,_i__sa,_i__sa,hw,i,s,a,.,.,.,.,.,.,.,.,.,.,.,.,1,3,0,0,1,1,1,1,1,0,4,3,0,0,1,1,4,3,1,0,.,.,.,.,.,.,.,.,.,.,.,.,.,.,.,.,.,.,.,.,.,.,.,.,.,.,.,.,.,.,.,.,.,.,.,.,.,.,.,.,.,.,.,.,.,.,.,.,.,.,.,.,.,.,.,.,.,.,.,.,10000000000000001,10000100,100001,1001,110,10000001,100001,10001,101,101,10000000000001000,10000100,100001,1001,110,10000001,101000,10100,101,101,.,.,.,.,.,.,.,.,.,.,.,.,.,.,.,.,.,.,.,.,.,.,.,.,.,.,.,.,.,.,.,.,.,.,.,.,.,.,.,.,.,.,.,.,.,.,.,.,.,.,.,.,.,.,.,.,.,.,.,.
051,HB04,ìÏïóå¥í¨åìèÈ,ìÏïóåìèÈ,3,2,2,,Ç“Ç≥,__i__sa~hi__a,__i__sa,hw,i,s,a,.,.,.,.,.,.,.,.,.,.,.,.,1,3,0,0,1,1,1,1,1,0,4,3,0,0,1,1,4,3,1,0,.,.,.,.,.,.,.,.,.,.,.,.,.,.,.,.,.,.,.,.,.,.,.,.,.,.,.,.,.,.,.,.,.,.,.,.,.,.,.,.,.,.,.,.,.,.,.,.,.,.,.,.,.,.,.,.,.,.,.,.,10000000000000001,10000100,100001,1001,110,10000001,100001,10001,101,101,10000000000001000,10000100,100001,1001,110,10000001,101000,10100,101,101,.,.,.,.,.,.,.,.,.,.,.,.,.,.,.,.,.,.,.,.,.,.,.,.,.,.,.,.,.,.,.,.,.,.,.,.,.,.,.,.,.,.,.,.,.,.,.,.,.,.,.,.,.,.,.,.,.,.,.,.
052,OZ02,ó^ìﬂå¥í¨ó^ìﬂå¥,ó^ìﬂó^ìﬂå¥,3,2,2,,Ç“Ç≥,_i_sa,_i_sa,hw,i,s,a,.,.,.,.,.,.,.,.,.,.,.,.,1,3,0,0,1,1,1,1,1,0,4,3,0,0,1,1,4,3,1,0,.,.,.,.,.,.,.,.,.,.,.,.,.,.,.,.,.,.,.,.,.,.,.,.,.,.,.,.,.,.,.,.,.,.,.,.,.,.,.,.,.,.,.,.,.,.,.,.,.,.,.,.,.,.,.,.,.,.,.,.,10000000000000001,10000100,100001,1001,110,10000001,100001,10001,101,101,10000000000001000,10000100,100001,1001,110,10000001,101000,10100,101,101,.,.,.,.,.,.,.,.,.,.,.,.,.,.,.,.,.,.,.,.,.,.,.,.,.,.,.,.,.,.,.,.,.,.,.,.,.,.,.,.,.,.,.,.,.,.,.,.,.,.,.,.,.,.,.,.,.,.,.,.
053,OZ05,ãåëÂó¢ë∫å√åò2,ìÏèÈå√åò2,3,2,2,,Ç“Ç≥,_i_sa,_i_sa,hw,i,s,a,.,.,.,.,.,.,.,.,.,.,.,.,1,3,0,0,1,1,1,1,1,0,4,3,0,0,1,1,4,3,1,0,.,.,.,.,.,.,.,.,.,.,.,.,.,.,.,.,.,.,.,.,.,.,.,.,.,.,.,.,.,.,.,.,.,.,.,.,.,.,.,.,.,.,.,.,.,.,.,.,.,.,.,.,.,.,.,.,.,.,.,.,10000000000000001,10000100,100001,1001,110,10000001,100001,10001,101,101,10000000000001000,10000100,100001,1001,110,10000001,101000,10100,101,101,.,.,.,.,.,.,.,.,.,.,.,.,.,.,.,.,.,.,.,.,.,.,.,.,.,.,.,.,.,.,.,.,.,.,.,.,.,.,.,.,.,.,.,.,.,.,.,.,.,.,.,.,.,.,.,.,.,.,.,.
054,SS05,ãåç≤ï~í¨ç≤ï~,ìÏèÈç≤ï~,3,2,2,,Ç“Ç≥,hi_sa,hi_sa,h,i,s,a,.,.,.,.,.,.,.,.,.,.,.,.,11,2,0,0,1,1,1,1,1,0,4,3,0,0,1,1,4,3,1,0,.,.,.,.,.,.,.,.,.,.,.,.,.,.,.,.,.,.,.,.,.,.,.,.,.,.,.,.,.,.,.,.,.,.,.,.,.,.,.,.,.,.,.,.,.,.,.,.,.,.,.,.,.,.,.,.,.,.,.,.,10000010000000000,10000010,100001,1001,110,10000001,100001,10001,101,101,10000000000001000,10000100,100001,1001,110,10000001,101000,10100,101,101,.,.,.,.,.,.,.,.,.,.,.,.,.,.,.,.,.,.,.,.,.,.,.,.,.,.,.,.,.,.,.,.,.,.,.,.,.,.,.,.,.,.,.,.,.,.,.,.,.,.,.,.,.,.,.,.,.,.,.,.
055,CN05,ãåímîOë∫ímîO,ìÏèÈímîO,3,2,2,,Ç“Ç≥,_hwi_sa,_hwi_sa,hw,i,s,a,.,.,.,.,.,.,.,.,.,.,.,.,1,3,0,0,1,1,1,1,1,0,4,3,0,0,1,1,4,3,1,0,.,.,.,.,.,.,.,.,.,.,.,.,.,.,.,.,.,.,.,.,.,.,.,.,.,.,.,.,.,.,.,.,.,.,.,.,.,.,.,.,.,.,.,.,.,.,.,.,.,.,.,.,.,.,.,.,.,.,.,.,10000000000000001,10000100,100001,1001,110,10000001,100001,10001,101,101,10000000000001000,10000100,100001,1001,110,10000001,101000,10100,101,101,.,.,.,.,.,.,.,.,.,.,.,.,.,.,.,.,.,.,.,.,.,.,.,.,.,.,.,.,.,.,.,.,.,.,.,.,.,.,.,.,.,.,.,.,.,.,.,.,.,.,.,.,.,.,.,.,.,.,.,.
056,CN08,ãåímîOë∫ãvçÇ,ìÏèÈãvçÇ,3,2,2,,Ç“Ç≥,p_i_a,piSa,p,i,s2,a,.,.,.,.,.,.,.,.,.,.,.,.,1,1,0,0,1,1,1,1,1,0,4,3,2,0,1,1,4,3,1,0,.,.,.,.,.,.,.,.,.,.,.,.,.,.,.,.,.,.,.,.,.,.,.,.,.,.,.,.,.,.,.,.,.,.,.,.,.,.,.,.,.,.,.,.,.,.,.,.,.,.,.,.,.,.,.,.,.,.,.,.,10000000000000001,10000001,100001,1001,110,10000001,100001,10001,101,101,10000000000001000,10000100,100100,1001,110,10000001,101000,10100,101,101,.,.,.,.,.,.,.,.,.,.,.,.,.,.,.,.,.,.,.,.,.,.,.,.,.,.,.,.,.,.,.,.,.,.,.,.,.,.,.,.,.,.,.,.,.,.,.,.,.,.,.,.,.,.,.,.,.,.,.,.
057,TM03,ãåã èÈë∫ã èÈ,ìÏèÈã èÈ,3,2,2,,Ç“Ç≥,_i__sa/_i_sa,_i__sa,hw,i,s,a,.,.,.,.,.,.,.,.,.,.,.,.,1,3,0,0,1,1,1,1,1,0,4,3,0,0,1,1,4,3,1,0,.,.,.,.,.,.,.,.,.,.,.,.,.,.,.,.,.,.,.,.,.,.,.,.,.,.,.,.,.,.,.,.,.,.,.,.,.,.,.,.,.,.,.,.,.,.,.,.,.,.,.,.,.,.,.,.,.,.,.,.,10000000000000001,10000100,100001,1001,110,10000001,100001,10001,101,101,10000000000001000,10000100,100001,1001,110,10000001,101000,10100,101,101,.,.,.,.,.,.,.,.,.,.,.,.,.,.,.,.,.,.,.,.,.,.,.,.,.,.,.,.,.,.,.,.,.,.,.,.,.,.,.,.,.,.,.,.,.,.,.,.,.,.,.,.,.,.,.,.,.,.,.,.
058,TM07,ãåã èÈë∫éÖêî,ìÏèÈéÖêî,3,2,2,,Ç“Ç≥,hwi_sa,hwi_sa,hw,i,s,a,.,.,.,.,.,.,.,.,.,.,.,.,1,3,0,0,1,1,1,1,1,0,4,3,0,0,1,1,4,3,1,0,.,.,.,.,.,.,.,.,.,.,.,.,.,.,.,.,.,.,.,.,.,.,.,.,.,.,.,.,.,.,.,.,.,.,.,.,.,.,.,.,.,.,.,.,.,.,.,.,.,.,.,.,.,.,.,.,.,.,.,.,10000000000000001,10000100,100001,1001,110,10000001,100001,10001,101,101,10000000000001000,10000100,100001,1001,110,10000001,101000,10100,101,101,.,.,.,.,.,.,.,.,.,.,.,.,.,.,.,.,.,.,.,.,.,.,.,.,.,.,.,.,.,.,.,.,.,.,.,.,.,.,.,.,.,.,.,.,.,.,.,.,.,.,.,.,.,.,.,.,.,.,.,.
059,GC02,ãåãÔéuì™ë∫ãÔéuì™,î™èdãÔéuì™,3,2,2,,Ç“Ç≥,hi__a,hi__a,h,i,s2,a,.,.,.,.,.,.,.,.,.,.,.,.,11,2,0,0,1,1,1,1,1,0,4,3,2,0,1,1,4,3,1,0,.,.,.,.,.,.,.,.,.,.,.,.,.,.,.,.,.,.,.,.,.,.,.,.,.,.,.,.,.,.,.,.,.,.,.,.,.,.,.,.,.,.,.,.,.,.,.,.,.,.,.,.,.,.,.,.,.,.,.,.,10000010000000000,10000010,100001,1001,110,10000001,100001,10001,101,101,10000000000001000,10000100,100100,1001,110,10000001,101000,10100,101,101,.,.,.,.,.,.,.,.,.,.,.,.,.,.,.,.,.,.,.,.,.,.,.,.,.,.,.,.,.,.,.,.,.,.,.,.,.,.,.,.,.,.,.,.,.,.,.,.,.,.,.,.,.,.,.,.,.,.,.,.
060,KD02,ãåìåïóïΩí¨óFäÒ,î™èdóFäÒ,3,2,2,,Ç“Ç≥,_isa,_isa,hw,i,s,a,.,.,.,.,.,.,.,.,.,.,.,.,1,3,0,0,1,1,1,1,1,0,4,3,0,0,1,1,4,3,1,0,.,.,.,.,.,.,.,.,.,.,.,.,.,.,.,.,.,.,.,.,.,.,.,.,.,.,.,.,.,.,.,.,.,.,.,.,.,.,.,.,.,.,.,.,.,.,.,.,.,.,.,.,.,.,.,.,.,.,.,.,10000000000000001,10000100,100001,1001,110,10000001,100001,10001,101,101,10000000000001000,10000100,100001,1001,110,10000001,101000,10100,101,101,.,.,.,.,.,.,.,.,.,.,.,.,.,.,.,.,.,.,.,.,.,.,.,.,.,.,.,.,.,.,.,.,.,.,.,.,.,.,.,.,.,.,.,.,.,.,.,.,.,.,.,.,.,.,.,.,.,.,.,.
061,MN03,éÖñûésïƒê{,éÖñûïƒê{,3,2,2,,Ç“Ç≥,hi___a,hi___a,h,i,s2,a,.,.,.,.,.,.,.,.,.,.,.,.,11,2,0,0,1,1,1,1,1,0,4,3,2,0,1,1,4,3,1,0,.,.,.,.,.,.,.,.,.,.,.,.,.,.,.,.,.,.,.,.,.,.,.,.,.,.,.,.,.,.,.,.,.,.,.,.,.,.,.,.,.,.,.,.,.,.,.,.,.,.,.,.,.,.,.,.,.,.,.,.,10000010000000000,10000010,100001,1001,110,10000001,100001,10001,101,101,10000000000001000,10000100,100100,1001,110,10000001,101000,10100,101,101,.,.,.,.,.,.,.,.,.,.,.,.,.,.,.,.,.,.,.,.,.,.,.,.,.,.,.,.,.,.,.,.,.,.,.,.,.,.,.,.,.,.,.,.,.,.,.,.,.,.,.,.,.,.,.,.,.,.,.,.
062,KY02,éÖñûésäÏâÆïê,éÖñûäÏâÆïê,2,1,2,,Ç“Ç≥,_sa,_sa,s,-1,s,a,.,.,.,.,.,.,.,.,.,.,.,.,4,3,0,0,1,-1,-1,-1,-1,-1,4,3,0,0,1,1,4,3,1,0,.,.,.,.,.,.,.,.,.,.,.,.,.,.,.,.,.,.,.,.,.,.,.,.,.,.,.,.,.,.,.,.,.,.,.,.,.,.,.,.,.,.,.,.,.,.,.,.,.,.,.,.,.,.,.,.,.,.,.,.,10000000000001000,10000100,100001,1001,110,00000000,000000,00000,000,000,10000000000001000,10000100,100001,1001,110,10000001,101000,10100,101,101,.,.,.,.,.,.,.,.,.,.,.,.,.,.,.,.,.,.,.,.,.,.,.,.,.,.,.,.,.,.,.,.,.,.,.,.,.,.,.,.,.,.,.,.,.,.,.,.,.,.,.,.,.,.,.,.,.,.,.,.
063,MK07,éÖñûésê^ï«,éÖñûê^ï«,3,2,2,,Ç“Ç≥,hi_sa,hi_sa,h,i,s,a,.,.,.,.,.,.,.,.,.,.,.,.,11,2,0,0,1,1,1,1,1,0,4,3,0,0,1,1,4,3,1,0,.,.,.,.,.,.,.,.,.,.,.,.,.,.,.,.,.,.,.,.,.,.,.,.,.,.,.,.,.,.,.,.,.,.,.,.,.,.,.,.,.,.,.,.,.,.,.,.,.,.,.,.,.,.,.,.,.,.,.,.,10000010000000000,10000010,100001,1001,110,10000001,100001,10001,101,101,10000000000001000,10000100,100001,1001,110,10000001,101000,10100,101,101,.,.,.,.,.,.,.,.,.,.,.,.,.,.,.,.,.,.,.,.,.,.,.,.,.,.,.,.,.,.,.,.,.,.,.,.,.,.,.,.,.,.,.,.,.,.,.,.,.,.,.,.,.,.,.,.,.,.,.,.
064,TK04,éÖñûésçëãg,éÖñûçëãg,3,2,2,,Ç“Ç≥,hi___a,hi___a,h,i,s2,a,.,.,.,.,.,.,.,.,.,.,.,.,11,2,0,0,1,1,1,1,1,0,4,3,2,0,1,1,4,3,1,0,.,.,.,.,.,.,.,.,.,.,.,.,.,.,.,.,.,.,.,.,.,.,.,.,.,.,.,.,.,.,.,.,.,.,.,.,.,.,.,.,.,.,.,.,.,.,.,.,.,.,.,.,.,.,.,.,.,.,.,.,10000010000000000,10000010,100001,1001,110,10000001,100001,10001,101,101,10000000000001000,10000100,100100,1001,110,10000001,101000,10100,101,101,.,.,.,.,.,.,.,.,.,.,.,.,.,.,.,.,.,.,.,.,.,.,.,.,.,.,.,.,.,.,.,.,.,.,.,.,.,.,.,.,.,.,.,.,.,.,.,.,.,.,.,.,.,.,.,.,.,.,.,.
065,KN07,éÖñûésåìèÈ,éÖñûåìèÈ,3,2,2,,Ç“Ç≥,hi__a,hi__a,h,i,s2,a,.,.,.,.,.,.,.,.,.,.,.,.,11,2,0,0,1,1,1,1,1,0,4,3,2,0,1,1,4,3,1,0,.,.,.,.,.,.,.,.,.,.,.,.,.,.,.,.,.,.,.,.,.,.,.,.,.,.,.,.,.,.,.,.,.,.,.,.,.,.,.,.,.,.,.,.,.,.,.,.,.,.,.,.,.,.,.,.,.,.,.,.,10000010000000000,10000010,100001,1001,110,10000001,100001,10001,101,101,10000000000001000,10000100,100100,1001,110,10000001,101000,10100,101,101,.,.,.,.,.,.,.,.,.,.,.,.,.,.,.,.,.,.,.,.,.,.,.,.,.,.,.,.,.,.,.,.,.,.,.,.,.,.,.,.,.,.,.,.,.,.,.,.,.,.,.,.,.,.,.,.,.,.,.,.
066,TG17,ñLå©èÈë∫ï€âhñŒ,ñLå©ï€âhñŒ,3,2,2,,Ç“Ç≥,hi_sa,hi_sa,h,i,s,a,.,.,.,.,.,.,.,.,.,.,.,.,11,2,0,0,1,1,1,1,1,0,4,3,0,0,1,1,4,3,1,0,.,.,.,.,.,.,.,.,.,.,.,.,.,.,.,.,.,.,.,.,.,.,.,.,.,.,.,.,.,.,.,.,.,.,.,.,.,.,.,.,.,.,.,.,.,.,.,.,.,.,.,.,.,.,.,.,.,.,.,.,10000010000000000,10000010,100001,1001,110,10000001,100001,10001,101,101,10000000000001000,10000100,100001,1001,110,10000001,101000,10100,101,101,.,.,.,.,.,.,.,.,.,.,.,.,.,.,.,.,.,.,.,.,.,.,.,.,.,.,.,.,.,.,.,.,.,.,.,.,.,.,.,.,.,.,.,.,.,.,.,.,.,.,.,.,.,.,.,.,.,.,.,.
067,OR02,ìﬂîeésè¨ò\à¿éüó‰,ìﬂîeà¿éüó‰,3,2,2,,Ç“Ç≥,hisa,hisa,h,i,s,a,.,.,.,.,.,.,.,.,.,.,.,.,11,2,0,0,1,1,1,1,1,0,4,3,0,0,1,1,4,3,1,0,.,.,.,.,.,.,.,.,.,.,.,.,.,.,.,.,.,.,.,.,.,.,.,.,.,.,.,.,.,.,.,.,.,.,.,.,.,.,.,.,.,.,.,.,.,.,.,.,.,.,.,.,.,.,.,.,.,.,.,.,10000010000000000,10000010,100001,1001,110,10000001,100001,10001,101,101,10000000000001000,10000100,100001,1001,110,10000001,101000,10100,101,101,.,.,.,.,.,.,.,.,.,.,.,.,.,.,.,.,.,.,.,.,.,.,.,.,.,.,.,.,.,.,.,.,.,.,.,.,.,.,.,.,.,.,.,.,.,.,.,.,.,.,.,.,.,.,.,.,.,.,.,.
068,TO02,ìnâ√ï~ë∫à¢îgòA,ìnâ√à¢îgòA,3,2,2,,Ç“Ç≥,hi__sa,hi__sa,h,i,s,a,.,.,.,.,.,.,.,.,.,.,.,.,11,2,0,0,1,1,1,1,1,0,4,3,0,0,1,1,4,3,1,0,.,.,.,.,.,.,.,.,.,.,.,.,.,.,.,.,.,.,.,.,.,.,.,.,.,.,.,.,.,.,.,.,.,.,.,.,.,.,.,.,.,.,.,.,.,.,.,.,.,.,.,.,.,.,.,.,.,.,.,.,10000010000000000,10000010,100001,1001,110,10000001,100001,10001,101,101,10000000000001000,10000100,100001,1001,110,10000001,101000,10100,101,101,.,.,.,.,.,.,.,.,.,.,.,.,.,.,.,.,.,.,.,.,.,.,.,.,.,.,.,.,.,.,.,.,.,.,.,.,.,.,.,.,.,.,.,.,.,.,.,.,.,.,.,.,.,.,.,.,.,.,.,.
069,ZM04,ç¿ä‘ñ°ë∫à¢â√,ç¿ä‘à¢â√,3,2,2,,Ç“Ç≥,__uni/c_i_sa,c_i_sa,hj,u,s,a,.,.,.,.,.,.,.,.,.,.,.,.,7,3,0,0,1,1,1,3,2,0,4,3,0,0,1,1,4,3,1,0,.,.,.,.,.,.,.,.,.,.,.,.,.,.,.,.,.,.,.,.,.,.,.,.,.,.,.,.,.,.,.,.,.,.,.,.,.,.,.,.,.,.,.,.,.,.,.,.,.,.,.,.,.,.,.,.,.,.,.,.,10000000001000000,10000100,100001,1001,110,10000001,100001,10100,110,101,10000000000001000,10000100,100001,1001,110,10000001,101000,10100,101,101,.,.,.,.,.,.,.,.,.,.,.,.,.,.,.,.,.,.,.,.,.,.,.,.,.,.,.,.,.,.,.,.,.,.,.,.,.,.,.,.,.,.,.,.,.,.,.,.,.,.,.,.,.,.,.,.,.,.,.,.
070,AG01,àæçëë∫àæçëïl,àæçëïl,3,2,2,,Ç“Ç≥,_c_i_a,_c_i_a,hj,i,s2,a,.,.,.,.,.,.,.,.,.,.,.,.,7,3,0,0,1,1,1,1,1,0,4,3,2,0,1,1,4,3,1,0,.,.,.,.,.,.,.,.,.,.,.,.,.,.,.,.,.,.,.,.,.,.,.,.,.,.,.,.,.,.,.,.,.,.,.,.,.,.,.,.,.,.,.,.,.,.,.,.,.,.,.,.,.,.,.,.,.,.,.,.,10000000001000000,10000100,100001,1001,110,10000001,100001,10001,101,101,10000000000001000,10000100,100100,1001,110,10000001,101000,10100,101,101,.,.,.,.,.,.,.,.,.,.,.,.,.,.,.,.,.,.,.,.,.,.,.,.,.,.,.,.,.,.,.,.,.,.,.,.,.,.,.,.,.,.,.,.,.,.,.,.,.,.,.,.,.,.,.,.,.,.,.,.
071,TN01,ìnñºäÏë∫ìnñºäÏêº,ìnñºäÏêº,3,2,2,,Ç“Ç≥,hi__a,hi__a,h,i,s2,a,.,.,.,.,.,.,.,.,.,.,.,.,11,2,0,0,1,1,1,1,1,0,4,3,2,0,1,1,4,3,1,0,.,.,.,.,.,.,.,.,.,.,.,.,.,.,.,.,.,.,.,.,.,.,.,.,.,.,.,.,.,.,.,.,.,.,.,.,.,.,.,.,.,.,.,.,.,.,.,.,.,.,.,.,.,.,.,.,.,.,.,.,10000010000000000,10000010,100001,1001,110,10000001,100001,10001,101,101,10000000000001000,10000100,100100,1001,110,10000001,101000,10100,101,101,.,.,.,.,.,.,.,.,.,.,.,.,.,.,.,.,.,.,.,.,.,.,.,.,.,.,.,.,.,.,.,.,.,.,.,.,.,.,.,.,.,.,.,.,.,.,.,.,.,.,.,.,.,.,.,.,.,.,.,.
072,NA04,ãåíáó¢ë∫ê^é”,ãvïƒê^é”,3,2,2,,Ç“Ç≥,_hi_a,_hi_a,h,i,s2,a,.,.,.,.,.,.,.,.,.,.,.,.,11,2,0,0,1,1,1,1,1,0,4,3,2,0,1,1,4,3,1,0,.,.,.,.,.,.,.,.,.,.,.,.,.,.,.,.,.,.,.,.,.,.,.,.,.,.,.,.,.,.,.,.,.,.,.,.,.,.,.,.,.,.,.,.,.,.,.,.,.,.,.,.,.,.,.,.,.,.,.,.,10000010000000000,10000010,100001,1001,110,10000001,100001,10001,101,101,10000000000001000,10000100,100100,1001,110,10000001,101000,10100,101,101,.,.,.,.,.,.,.,.,.,.,.,.,.,.,.,.,.,.,.,.,.,.,.,.,.,.,.,.,.,.,.,.,.,.,.,.,.,.,.,.,.,.,.,.,.,.,.,.,.,.,.,.,.,.,.,.,.,.,.,.
073,KG03,ãåãÔéuêÏë∫åìèÈ,ãvïƒåìèÈ,3,2,2,,Ç“Ç≥,_hi_a,_hi_a,h,i,s2,a,.,.,.,.,.,.,.,.,.,.,.,.,11,2,0,0,1,1,1,1,1,0,4,3,2,0,1,1,4,3,1,0,.,.,.,.,.,.,.,.,.,.,.,.,.,.,.,.,.,.,.,.,.,.,.,.,.,.,.,.,.,.,.,.,.,.,.,.,.,.,.,.,.,.,.,.,.,.,.,.,.,.,.,.,.,.,.,.,.,.,.,.,10000010000000000,10000010,100001,1001,110,10000001,100001,10001,101,101,10000000000001000,10000100,100100,1001,110,10000001,101000,10100,101,101,.,.,.,.,.,.,.,.,.,.,.,.,.,.,.,.,.,.,.,.,.,.,.,.,.,.,.,.,.,.,.,.,.,.,.,.,.,.,.,.,.,.,.,.,.,.,.,.,.,.,.,.,.,.,.,.,.,.,.,.
074,HR03,ã{å√ìáésírä‘,ã{å√írä‘,-9,-9,-9,,-9,ha__,-9,-9,-9,-9,-9,.,.,.,.,.,.,.,.,.,.,.,.,-9,-9,-9,-9,-9,-9,-9,-9,-9,-9,-9,-9,-9,-9,-9,-9,-9,-9,-9,-9,.,.,.,.,.,.,.,.,.,.,.,.,.,.,.,.,.,.,.,.,.,.,.,.,.,.,.,.,.,.,.,.,.,.,.,.,.,.,.,.,.,.,.,.,.,.,.,.,.,.,.,.,.,.,.,.,.,.,.,.,?????????????????,????????,??????,????,???,????????,??????,?????,???,???,?????????????????,????????,??????,????,???,????????,??????,?????,???,???,.,.,.,.,.,.,.,.,.,.,.,.,.,.,.,.,.,.,.,.,.,.,.,.,.,.,.,.,.,.,.,.,.,.,.,.,.,.,.,.,.,.,.,.,.,.,.,.,.,.,.,.,.,.,.,.,.,.,.,.
075,HR05,ã{å√ìáésëÂê_,ã{å√ëÂê_,-9,-9,-9,,-9,pa_k_,-9,-9,-9,-9,-9,.,.,.,.,.,.,.,.,.,.,.,.,-9,-9,-9,-9,-9,-9,-9,-9,-9,-9,-9,-9,-9,-9,-9,-9,-9,-9,-9,-9,.,.,.,.,.,.,.,.,.,.,.,.,.,.,.,.,.,.,.,.,.,.,.,.,.,.,.,.,.,.,.,.,.,.,.,.,.,.,.,.,.,.,.,.,.,.,.,.,.,.,.,.,.,.,.,.,.,.,.,.,?????????????????,????????,??????,????,???,????????,??????,?????,???,???,?????????????????,????????,??????,????,???,????????,??????,?????,???,???,.,.,.,.,.,.,.,.,.,.,.,.,.,.,.,.,.,.,.,.,.,.,.,.,.,.,.,.,.,.,.,.,.,.,.,.,.,.,.,.,.,.,.,.,.,.,.,.,.,.,.,.,.,.,.,.,.,.,.,.
076,HR06,ã{å√ìáésïΩó«éÎñì,ã{å√éÎñì,-9,-9,-9,,-9,pa__,-9,-9,-9,-9,-9,.,.,.,.,.,.,.,.,.,.,.,.,-9,-9,-9,-9,-9,-9,-9,-9,-9,-9,-9,-9,-9,-9,-9,-9,-9,-9,-9,-9,.,.,.,.,.,.,.,.,.,.,.,.,.,.,.,.,.,.,.,.,.,.,.,.,.,.,.,.,.,.,.,.,.,.,.,.,.,.,.,.,.,.,.,.,.,.,.,.,.,.,.,.,.,.,.,.,.,.,.,.,?????????????????,????????,??????,????,???,????????,??????,?????,???,???,?????????????????,????????,??????,????,???,????????,??????,?????,???,???,.,.,.,.,.,.,.,.,.,.,.,.,.,.,.,.,.,.,.,.,.,.,.,.,.,.,.,.,.,.,.,.,.,.,.,.,.,.,.,.,.,.,.,.,.,.,.,.,.,.,.,.,.,.,.,.,.,.,.,.
077,HR12,ã{å√ìáésïΩó«ìåíáè@ç™,ã{å√ìåíáè@,-9,-9,-9,,-9,pa__,-9,-9,-9,-9,-9,.,.,.,.,.,.,.,.,.,.,.,.,-9,-9,-9,-9,-9,-9,-9,-9,-9,-9,-9,-9,-9,-9,-9,-9,-9,-9,-9,-9,.,.,.,.,.,.,.,.,.,.,.,.,.,.,.,.,.,.,.,.,.,.,.,.,.,.,.,.,.,.,.,.,.,.,.,.,.,.,.,.,.,.,.,.,.,.,.,.,.,.,.,.,.,.,.,.,.,.,.,.,?????????????????,????????,??????,????,???,????????,??????,?????,???,???,?????????????????,????????,??????,????,???,????????,??????,?????,???,???,.,.,.,.,.,.,.,.,.,.,.,.,.,.,.,.,.,.,.,.,.,.,.,.,.,.,.,.,.,.,.,.,.,.,.,.,.,.,.,.,.,.,.,.,.,.,.,.,.,.,.,.,.,.,.,.,.,.,.,.
078,SZ04,ã{å√ìáésâ∫ínó^ìﬂîe,ã{å√ó^ìﬂîe,-9,-9,-9,,-9,pa__,-9,-9,-9,-9,-9,.,.,.,.,.,.,.,.,.,.,.,.,-9,-9,-9,-9,-9,-9,-9,-9,-9,-9,-9,-9,-9,-9,-9,-9,-9,-9,-9,-9,.,.,.,.,.,.,.,.,.,.,.,.,.,.,.,.,.,.,.,.,.,.,.,.,.,.,.,.,.,.,.,.,.,.,.,.,.,.,.,.,.,.,.,.,.,.,.,.,.,.,.,.,.,.,.,.,.,.,.,.,?????????????????,????????,??????,????,???,????????,??????,?????,???,???,?????????????????,????????,??????,????,???,????????,??????,?????,???,???,.,.,.,.,.,.,.,.,.,.,.,.,.,.,.,.,.,.,.,.,.,.,.,.,.,.,.,.,.,.,.,.,.,.,.,.,.,.,.,.,.,.,.,.,.,.,.,.,.,.,.,.,.,.,.,.,.,.,.,.
079,SG16,ã{å√ìáésè„ñÏã{çë,ã{å√ã{çë,-9,-9,-9,,-9,pa__z_,-9,-9,-9,-9,-9,.,.,.,.,.,.,.,.,.,.,.,.,-9,-9,-9,-9,-9,-9,-9,-9,-9,-9,-9,-9,-9,-9,-9,-9,-9,-9,-9,-9,.,.,.,.,.,.,.,.,.,.,.,.,.,.,.,.,.,.,.,.,.,.,.,.,.,.,.,.,.,.,.,.,.,.,.,.,.,.,.,.,.,.,.,.,.,.,.,.,.,.,.,.,.,.,.,.,.,.,.,.,?????????????????,????????,??????,????,???,????????,??????,?????,???,???,?????????????????,????????,??????,????,???,????????,??????,?????,???,???,.,.,.,.,.,.,.,.,.,.,.,.,.,.,.,.,.,.,.,.,.,.,.,.,.,.,.,.,.,.,.,.,.,.,.,.,.,.,.,.,.,.,.,.,.,.,.,.,.,.,.,.,.,.,.,.,.,.,.,.
080,SG04,ã{å√ìáésà…ó«ïîà…ó«ïî,ã{å√à…ó«ïî,-9,-9,-9,,-9,pa__,-9,-9,-9,-9,-9,.,.,.,.,.,.,.,.,.,.,.,.,-9,-9,-9,-9,-9,-9,-9,-9,-9,-9,-9,-9,-9,-9,-9,-9,-9,-9,-9,-9,.,.,.,.,.,.,.,.,.,.,.,.,.,.,.,.,.,.,.,.,.,.,.,.,.,.,.,.,.,.,.,.,.,.,.,.,.,.,.,.,.,.,.,.,.,.,.,.,.,.,.,.,.,.,.,.,.,.,.,.,?????????????????,????????,??????,????,???,????????,??????,?????,???,???,?????????????????,????????,??????,????,???,????????,??????,?????,???,???,.,.,.,.,.,.,.,.,.,.,.,.,.,.,.,.,.,.,.,.,.,.,.,.,.,.,.,.,.,.,.,.,.,.,.,.,.,.,.,.,.,.,.,.,.,.,.,.,.,.,.,.,.,.,.,.,.,.,.,.
081,TR03,ëΩó«ä‘ë∫íáãÿ,ëΩó«ä‘íáãÿ,-9,-9,-9,,-9,pa__/pa__,-9,-9,-9,-9,-9,.,.,.,.,.,.,.,.,.,.,.,.,-9,-9,-9,-9,-9,-9,-9,-9,-9,-9,-9,-9,-9,-9,-9,-9,-9,-9,-9,-9,.,.,.,.,.,.,.,.,.,.,.,.,.,.,.,.,.,.,.,.,.,.,.,.,.,.,.,.,.,.,.,.,.,.,.,.,.,.,.,.,.,.,.,.,.,.,.,.,.,.,.,.,.,.,.,.,.,.,.,.,?????????????????,????????,??????,????,???,????????,??????,?????,???,???,?????????????????,????????,??????,????,???,????????,??????,?????,???,???,.,.,.,.,.,.,.,.,.,.,.,.,.,.,.,.,.,.,.,.,.,.,.,.,.,.,.,.,.,.,.,.,.,.,.,.,.,.,.,.,.,.,.,.,.,.,.,.,.,.,.,.,.,.,.,.,.,.,.,.
082,OH05,êŒä_ésìoñÏèÈ,êŒä_ìoñÏèÈ,-9,-9,-9,,-9,pa_,-9,-9,-9,-9,-9,.,.,.,.,.,.,.,.,.,.,.,.,-9,-9,-9,-9,-9,-9,-9,-9,-9,-9,-9,-9,-9,-9,-9,-9,-9,-9,-9,-9,.,.,.,.,.,.,.,.,.,.,.,.,.,.,.,.,.,.,.,.,.,.,.,.,.,.,.,.,.,.,.,.,.,.,.,.,.,.,.,.,.,.,.,.,.,.,.,.,.,.,.,.,.,.,.,.,.,.,.,.,?????????????????,????????,??????,????,???,????????,??????,?????,???,???,?????????????????,????????,??????,????,???,????????,??????,?????,???,???,.,.,.,.,.,.,.,.,.,.,.,.,.,.,.,.,.,.,.,.,.,.,.,.,.,.,.,.,.,.,.,.,.,.,.,.,.,.,.,.,.,.,.,.,.,.,.,.,.,.,.,.,.,.,.,.,.,.,.,.
083,OH02,êŒä_ésëÂïl,êŒä_ëÂïl,-9,-9,-9,,-9,_pa_/_ha_,-9,-9,-9,-9,-9,.,.,.,.,.,.,.,.,.,.,.,.,-9,-9,-9,-9,-9,-9,-9,-9,-9,-9,-9,-9,-9,-9,-9,-9,-9,-9,-9,-9,.,.,.,.,.,.,.,.,.,.,.,.,.,.,.,.,.,.,.,.,.,.,.,.,.,.,.,.,.,.,.,.,.,.,.,.,.,.,.,.,.,.,.,.,.,.,.,.,.,.,.,.,.,.,.,.,.,.,.,.,?????????????????,????????,??????,????,???,????????,??????,?????,???,???,?????????????????,????????,??????,????,???,????????,??????,?????,???,???,.,.,.,.,.,.,.,.,.,.,.,.,.,.,.,.,.,.,.,.,.,.,.,.,.,.,.,.,.,.,.,.,.,.,.,.,.,.,.,.,.,.,.,.,.,.,.,.,.,.,.,.,.,.,.,.,.,.,.,.
084,MR06,êŒä_ésã{ó«,êŒä_ã{ó«,-9,-9,-9,,-9,pa_n,-9,-9,-9,-9,-9,.,.,.,.,.,.,.,.,.,.,.,.,-9,-9,-9,-9,-9,-9,-9,-9,-9,-9,-9,-9,-9,-9,-9,-9,-9,-9,-9,-9,.,.,.,.,.,.,.,.,.,.,.,.,.,.,.,.,.,.,.,.,.,.,.,.,.,.,.,.,.,.,.,.,.,.,.,.,.,.,.,.,.,.,.,.,.,.,.,.,.,.,.,.,.,.,.,.,.,.,.,.,?????????????????,????????,??????,????,???,????????,??????,?????,???,???,?????????????????,????????,??????,????,???,????????,??????,?????,???,???,.,.,.,.,.,.,.,.,.,.,.,.,.,.,.,.,.,.,.,.,.,.,.,.,.,.,.,.,.,.,.,.,.,.,.,.,.,.,.,.,.,.,.,.,.,.,.,.,.,.,.,.,.,.,.,.,.,.,.,.
085,MR02,êŒä_ésïΩãvï€,êŒä_ïΩãvï€,-9,-9,-9,,-9,p_a__,-9,-9,-9,-9,-9,.,.,.,.,.,.,.,.,.,.,.,.,-9,-9,-9,-9,-9,-9,-9,-9,-9,-9,-9,-9,-9,-9,-9,-9,-9,-9,-9,-9,.,.,.,.,.,.,.,.,.,.,.,.,.,.,.,.,.,.,.,.,.,.,.,.,.,.,.,.,.,.,.,.,.,.,.,.,.,.,.,.,.,.,.,.,.,.,.,.,.,.,.,.,.,.,.,.,.,.,.,.,?????????????????,????????,??????,????,???,????????,??????,?????,???,???,?????????????????,????????,??????,????,???,????????,??????,?????,???,???,.,.,.,.,.,.,.,.,.,.,.,.,.,.,.,.,.,.,.,.,.,.,.,.,.,.,.,.,.,.,.,.,.,.,.,.,.,.,.,.,.,.,.,.,.,.,.,.,.,.,.,.,.,.,.,.,.,.,.,.
086,IG15,êŒä_ésïxñÏ,êŒä_ïxñÏ,-9,-9,-9,,-9,pa__,-9,-9,-9,-9,-9,.,.,.,.,.,.,.,.,.,.,.,.,-9,-9,-9,-9,-9,-9,-9,-9,-9,-9,-9,-9,-9,-9,-9,-9,-9,-9,-9,-9,.,.,.,.,.,.,.,.,.,.,.,.,.,.,.,.,.,.,.,.,.,.,.,.,.,.,.,.,.,.,.,.,.,.,.,.,.,.,.,.,.,.,.,.,.,.,.,.,.,.,.,.,.,.,.,.,.,.,.,.,?????????????????,????????,??????,????,???,????????,??????,?????,???,???,?????????????????,????????,??????,????,???,????????,??????,?????,???,???,.,.,.,.,.,.,.,.,.,.,.,.,.,.,.,.,.,.,.,.,.,.,.,.,.,.,.,.,.,.,.,.,.,.,.,.,.,.,.,.,.,.,.,.,.,.,.,.,.,.,.,.,.,.,.,.,.,.,.,.
087,IG08,í|ïxí¨í|ïx,í|ïxí|ïx,-9,-9,-9,,-9,pa_,-9,-9,-9,-9,-9,.,.,.,.,.,.,.,.,.,.,.,.,-9,-9,-9,-9,-9,-9,-9,-9,-9,-9,-9,-9,-9,-9,-9,-9,-9,-9,-9,-9,.,.,.,.,.,.,.,.,.,.,.,.,.,.,.,.,.,.,.,.,.,.,.,.,.,.,.,.,.,.,.,.,.,.,.,.,.,.,.,.,.,.,.,.,.,.,.,.,.,.,.,.,.,.,.,.,.,.,.,.,?????????????????,????????,??????,????,???,????????,??????,?????,???,???,?????????????????,????????,??????,????,???,????????,??????,?????,???,???,.,.,.,.,.,.,.,.,.,.,.,.,.,.,.,.,.,.,.,.,.,.,.,.,.,.,.,.,.,.,.,.,.,.,.,.,.,.,.,.,.,.,.,.,.,.,.,.,.,.,.,.,.,.,.,.,.,.,.,.
088,IG10,í|ïxí¨çïìá,í|ïxçïìá,-9,-9,-9,,-9,pa__/pa_,-9,-9,-9,-9,-9,.,.,.,.,.,.,.,.,.,.,.,.,-9,-9,-9,-9,-9,-9,-9,-9,-9,-9,-9,-9,-9,-9,-9,-9,-9,-9,-9,-9,.,.,.,.,.,.,.,.,.,.,.,.,.,.,.,.,.,.,.,.,.,.,.,.,.,.,.,.,.,.,.,.,.,.,.,.,.,.,.,.,.,.,.,.,.,.,.,.,.,.,.,.,.,.,.,.,.,.,.,.,?????????????????,????????,??????,????,???,????????,??????,?????,???,???,?????????????????,????????,??????,????,???,????????,??????,?????,???,???,.,.,.,.,.,.,.,.,.,.,.,.,.,.,.,.,.,.,.,.,.,.,.,.,.,.,.,.,.,.,.,.,.,.,.,.,.,.,.,.,.,.,.,.,.,.,.,.,.,.,.,.,.,.,.,.,.,.,.,.
089,IG09,í|ïxí¨è¨ïl,í|ïxè¨ïl,-9,-9,-9,,-9,_a_i/pai,-9,-9,-9,-9,-9,.,.,.,.,.,.,.,.,.,.,.,.,-9,-9,-9,-9,-9,-9,-9,-9,-9,-9,-9,-9,-9,-9,-9,-9,-9,-9,-9,-9,.,.,.,.,.,.,.,.,.,.,.,.,.,.,.,.,.,.,.,.,.,.,.,.,.,.,.,.,.,.,.,.,.,.,.,.,.,.,.,.,.,.,.,.,.,.,.,.,.,.,.,.,.,.,.,.,.,.,.,.,?????????????????,????????,??????,????,???,????????,??????,?????,???,???,?????????????????,????????,??????,????,???,????????,??????,?????,???,???,.,.,.,.,.,.,.,.,.,.,.,.,.,.,.,.,.,.,.,.,.,.,.,.,.,.,.,.,.,.,.,.,.,.,.,.,.,.,.,.,.,.,.,.,.,.,.,.,.,.,.,.,.,.,.,.,.,.,.,.
090,MR08,í|ïxí¨å√å©,êºï\å√å©,-9,-9,-9,,-9,pai,-9,-9,-9,-9,-9,.,.,.,.,.,.,.,.,.,.,.,.,-9,-9,-9,-9,-9,-9,-9,-9,-9,-9,-9,-9,-9,-9,-9,-9,-9,-9,-9,-9,.,.,.,.,.,.,.,.,.,.,.,.,.,.,.,.,.,.,.,.,.,.,.,.,.,.,.,.,.,.,.,.,.,.,.,.,.,.,.,.,.,.,.,.,.,.,.,.,.,.,.,.,.,.,.,.,.,.,.,.,?????????????????,????????,??????,????,???,????????,??????,?????,???,???,?????????????????,????????,??????,????,???,????????,??????,?????,???,???,.,.,.,.,.,.,.,.,.,.,.,.,.,.,.,.,.,.,.,.,.,.,.,.,.,.,.,.,.,.,.,.,.,.,.,.,.,.,.,.,.,.,.,.,.,.,.,.,.,.,.,.,.,.,.,.,.,.,.,.
091,OH06,í|ïxí¨ä±óß,êºï\ä±óß,-9,-9,-9,,-9,pa_i,-9,-9,-9,-9,-9,.,.,.,.,.,.,.,.,.,.,.,.,-9,-9,-9,-9,-9,-9,-9,-9,-9,-9,-9,-9,-9,-9,-9,-9,-9,-9,-9,-9,.,.,.,.,.,.,.,.,.,.,.,.,.,.,.,.,.,.,.,.,.,.,.,.,.,.,.,.,.,.,.,.,.,.,.,.,.,.,.,.,.,.,.,.,.,.,.,.,.,.,.,.,.,.,.,.,.,.,.,.,?????????????????,????????,??????,????,???,????????,??????,?????,???,???,?????????????????,????????,??????,????,???,????????,??????,?????,???,???,.,.,.,.,.,.,.,.,.,.,.,.,.,.,.,.,.,.,.,.,.,.,.,.,.,.,.,.,.,.,.,.,.,.,.,.,.,.,.,.,.,.,.,.,.,.,.,.,.,.,.,.,.,.,.,.,.,.,.,.
092,IG12,í|ïxí¨â∫ín,êVèÈâ∫ín,-9,-9,-9,,-9,pa__,-9,-9,-9,-9,-9,.,.,.,.,.,.,.,.,.,.,.,.,-9,-9,-9,-9,-9,-9,-9,-9,-9,-9,-9,-9,-9,-9,-9,-9,-9,-9,-9,-9,.,.,.,.,.,.,.,.,.,.,.,.,.,.,.,.,.,.,.,.,.,.,.,.,.,.,.,.,.,.,.,.,.,.,.,.,.,.,.,.,.,.,.,.,.,.,.,.,.,.,.,.,.,.,.,.,.,.,.,.,?????????????????,????????,??????,????,???,????????,??????,?????,???,???,?????????????????,????????,??????,????,???,????????,??????,?????,???,???,.,.,.,.,.,.,.,.,.,.,.,.,.,.,.,.,.,.,.,.,.,.,.,.,.,.,.,.,.,.,.,.,.,.,.,.,.,.,.,.,.,.,.,.,.,.,.,.,.,.,.,.,.,.,.,.,.,.,.,.
093,OH13,í|ïxí¨ñºêŒ,îgè∆ä‘ñºêŒ,-9,-9,-9,,-9,_pa_,-9,-9,-9,-9,-9,.,.,.,.,.,.,.,.,.,.,.,.,-9,-9,-9,-9,-9,-9,-9,-9,-9,-9,-9,-9,-9,-9,-9,-9,-9,-9,-9,-9,.,.,.,.,.,.,.,.,.,.,.,.,.,.,.,.,.,.,.,.,.,.,.,.,.,.,.,.,.,.,.,.,.,.,.,.,.,.,.,.,.,.,.,.,.,.,.,.,.,.,.,.,.,.,.,.,.,.,.,.,?????????????????,????????,??????,????,???,????????,??????,?????,???,???,?????????????????,????????,??????,????,???,????????,??????,?????,???,???,.,.,.,.,.,.,.,.,.,.,.,.,.,.,.,.,.,.,.,.,.,.,.,.,.,.,.,.,.,.,.,.,.,.,.,.,.,.,.,.,.,.,.,.,.,.,.,.,.,.,.,.,.,.,.,.,.,.,.,.
094,YG01,ó^ìﬂçëí¨ëcî[,ó^ìﬂçëëcî[,-9,-9,-9,,-9,han,-9,-9,-9,-9,-9,.,.,.,.,.,.,.,.,.,.,.,.,-9,-9,-9,-9,-9,-9,-9,-9,-9,-9,-9,-9,-9,-9,-9,-9,-9,-9,-9,-9,.,.,.,.,.,.,.,.,.,.,.,.,.,.,.,.,.,.,.,.,.,.,.,.,.,.,.,.,.,.,.,.,.,.,.,.,.,.,.,.,.,.,.,.,.,.,.,.,.,.,.,.,.,.,.,.,.,.,.,.,?????????????????,????????,??????,????,???,????????,??????,?????,???,???,?????????????????,????????,??????,????,???,????????,??????,?????,???,???,.,.,.,.,.,.,.,.,.,.,.,.,.,.,.,.,.,.,.,.,.,.,.,.,.,.,.,.,.,.,.,.,.,.,.,.,.,.,.,.,.,.,.,.,.,.,.,.,.,.,.,.,.,.,.,.,.,.,.,.
095,YG03,ó^ìﬂçëí¨î‰êÏ,ó^ìﬂçëî‰êÏ,-9,-9,-9,,-9,ha_/NR,-9,-9,-9,-9,-9,.,.,.,.,.,.,.,.,.,.,.,.,-9,-9,-9,-9,-9,-9,-9,-9,-9,-9,-9,-9,-9,-9,-9,-9,-9,-9,-9,-9,.,.,.,.,.,.,.,.,.,.,.,.,.,.,.,.,.,.,.,.,.,.,.,.,.,.,.,.,.,.,.,.,.,.,.,.,.,.,.,.,.,.,.,.,.,.,.,.,.,.,.,.,.,.,.,.,.,.,.,.,?????????????????,????????,??????,????,???,????????,??????,?????,???,???,?????????????????,????????,??????,????,???,????????,??????,?????,???,???,.,.,.,.,.,.,.,.,.,.,.,.,.,.,.,.,.,.,.,.,.,.,.,.,.,.,.,.,.,.,.,.,.,.,.,.,.,.,.,.,.,.,.,.,.,.,.,.,.,.,.,.,.,.,.,.,.,.,.,.