19,N-035,ÇÇ»ÇË,,,,,,,,,,,,,,,,,,,,,,,,,1éqâπ,,,,,1ïÍâπ,,,,,2éqâπ,,,,,2ïÍâπ,,,,,3éqâπ,,,,,3ïÍâπ,,,,,4éqâπ,,,,,4ïÍâπ,,,,,5éqâπ,,,,,5ïÍâπ,,,,,6éqâπ,,,,,6ïÍâπ,,,,,7éqâπ,,,,,7ïÍâπ,,,,,8éqâπ,,,,,8ïÍâπ,,,,,1éqâπ,,,,,1ïÍâπ,,,,,2éqâπ,,,,,2ïÍâπ,,,,,3éqâπ,,,,,3ïÍâπ,,,,,4éqâπ,,,,,4ïÍâπ,,,,,5éqâπ,,,,,5ïÍâπ,,,,,6éqâπ,,,,,6ïÍâπ,,,,,7éqâπ,,,,,7ïÍâπ,,,,,8éqâπ,,,,,8ïÍâπ,,,,
í Çµî‘çÜ,ínì_ñºãLçÜ,åªésí¨ë∫ñº,ï\é¶óp,âπÇÃå^,âπêﬂ,ÉÇÅ[Éâ,ÉAÉNÉZÉìÉg,ëcåÍå`,ëSåÍå`,åÍå`,1éqâπ,1ïÍâπ,2éqâπ,2ïÍâπ,3éqâπ,3ïÍâπ,4éqâπ,4ïÍâπ,5éqâπ,5ïÍâπ,6éqâπ,6ïÍâπ,7éqâπ,7ïÍâπ,8éqâπ,8ïÍâπ,à íu,ï˚ñ@,å˚äWÅEâ~êO,çAì™âª,ê∫ë—êUìÆ,í∑Ç≥,å˚ÇÃäJÇ´,ê„ÇÃà íu,êOÇÃèÛë‘,ñ≥ê∫ï@âπ,à íu,ï˚ñ@,å˚äWÅEâ~êO,çAì™âª,ê∫ë—êUìÆ,í∑Ç≥,å˚ÇÃäJÇ´,ê„ÇÃà íu,êOÇÃèÛë‘,ñ≥ê∫ï@âπ,à íu,ï˚ñ@,å˚äWÅEâ~êO,çAì™âª,ê∫ë—êUìÆ,í∑Ç≥,å˚ÇÃäJÇ´,ê„ÇÃà íu,êOÇÃèÛë‘,ñ≥ê∫ï@âπ,à íu,ï˚ñ@,å˚äWÅEâ~êO,çAì™âª,ê∫ë—êUìÆ,í∑Ç≥,å˚ÇÃäJÇ´,ê„ÇÃà íu,êOÇÃèÛë‘,ñ≥ê∫ï@âπ,à íu,ï˚ñ@,å˚äWÅEâ~êO,çAì™âª,ê∫ë—êUìÆ,í∑Ç≥,å˚ÇÃäJÇ´,ê„ÇÃà íu,êOÇÃèÛë‘,ñ≥ê∫ï@âπ,à íu,ï˚ñ@,å˚äWÅEâ~êO,çAì™âª,ê∫ë—êUìÆ,í∑Ç≥,å˚ÇÃäJÇ´,ê„ÇÃà íu,êOÇÃèÛë‘,ñ≥ê∫ï@âπ,à íu,ï˚ñ@,å˚äWÅEâ~êO,çAì™âª,ê∫ë—êUìÆ,í∑Ç≥,å˚ÇÃäJÇ´,ê„ÇÃà íu,êOÇÃèÛë‘,ñ≥ê∫ï@âπ,à íu,ï˚ñ@,å˚äWÅEâ~êO,çAì™âª,ê∫ë—êUìÆ,í∑Ç≥,å˚ÇÃäJÇ´,ê„ÇÃà íu,êOÇÃèÛë‘,ñ≥ê∫ï@âπ,à íu,ï˚ñ@,å˚äWÅEâ~êO,çAì™âª,ê∫ë—êUìÆ,í∑Ç≥,å˚ÇÃäJÇ´,ê„ÇÃà íu,êOÇÃèÛë‘,ñ≥ê∫ï@âπ,à íu,ï˚ñ@,å˚äWÅEâ~êO,çAì™âª,ê∫ë—êUìÆ,í∑Ç≥,å˚ÇÃäJÇ´,ê„ÇÃà íu,êOÇÃèÛë‘,ñ≥ê∫ï@âπ,à íu,ï˚ñ@,å˚äWÅEâ~êO,çAì™âª,ê∫ë—êUìÆ,í∑Ç≥,å˚ÇÃäJÇ´,ê„ÇÃà íu,êOÇÃèÛë‘,ñ≥ê∫ï@âπ,à íu,ï˚ñ@,å˚äWÅEâ~êO,çAì™âª,ê∫ë—êUìÆ,í∑Ç≥,å˚ÇÃäJÇ´,ê„ÇÃà íu,êOÇÃèÛë‘,ñ≥ê∫ï@âπ,à íu,ï˚ñ@,å˚äWÅEâ~êO,çAì™âª,ê∫ë—êUìÆ,í∑Ç≥,å˚ÇÃäJÇ´,ê„ÇÃà íu,êOÇÃèÛë‘,ñ≥ê∫ï@âπ,à íu,ï˚ñ@,å˚äWÅEâ~êO,çAì™âª,ê∫ë—êUìÆ,í∑Ç≥,å˚ÇÃäJÇ´,ê„ÇÃà íu,êOÇÃèÛë‘,ñ≥ê∫ï@âπ,à íu,ï˚ñ@,å˚äWÅEâ~êO,çAì™âª,ê∫ë—êUìÆ,í∑Ç≥,å˚ÇÃäJÇ´,ê„ÇÃà íu,êOÇÃèÛë‘,ñ≥ê∫ï@âπ,à íu,ï˚ñ@,å˚äWÅEâ~êO,çAì™âª,ê∫ë—êUìÆ,í∑Ç≥,å˚ÇÃäJÇ´,ê„ÇÃà íu,êOÇÃèÛë‘,ñ≥ê∫ï@âπ
000,,ëzíËå`,ëzíËå`,7,3,3,,ÇÇ»ÇË,wonari,wonari,w,o,n,a,r,i,.,.,.,.,.,.,.,.,.,.,1,7,0,0,0,1,5,3,2,0,4,4,0,0,0,1,4,3,1,0,4,5,0,0,0,1,1,1,1,0,.,.,.,.,.,.,.,.,.,.,.,.,.,.,.,.,.,.,.,.,.,.,.,.,.,.,.,.,.,.,.,.,.,.,.,.,.,.,.,.,.,.,.,.,.,.,.,.,.,.,10000000000000001,11000000,100001,1001,101,10000001,110000,10100,110,101,10000000000001000,10001000,100001,1001,101,10000001,101000,10100,101,101,10000000000001000,10010000,100001,1001,101,10000001,100001,10001,101,101,.,.,.,.,.,.,.,.,.,.,.,.,.,.,.,.,.,.,.,.,.,.,.,.,.,.,.,.,.,.,.,.,.,.,.,.,.,.,.,.,.,.,.,.,.,.,.,.,.,.
001,KA05,ãåä}óòí¨ä}óò,âÇî¸ä}óò,7,3,3,,ÇÇ»ÇË,wu_na_ri-wunari,wunari,w,u,n,a,r,i,.,.,.,.,.,.,.,.,.,.,1,7,0,0,0,1,1,3,2,0,4,4,0,0,0,1,4,3,1,0,4,5,0,0,0,1,1,1,1,0,.,.,.,.,.,.,.,.,.,.,.,.,.,.,.,.,.,.,.,.,.,.,.,.,.,.,.,.,.,.,.,.,.,.,.,.,.,.,.,.,.,.,.,.,.,.,.,.,.,.,10000000000000001,11000000,100001,1001,101,10000001,100001,10100,110,101,10000000000001000,10001000,100001,1001,101,10000001,101000,10100,101,101,10000000000001000,10010000,100001,1001,101,10000001,100001,10001,101,101,.,.,.,.,.,.,.,.,.,.,.,.,.,.,.,.,.,.,.,.,.,.,.,.,.,.,.,.,.,.,.,.,.,.,.,.,.,.,.,.,.,.,.,.,.,.,.,.,.,.
002,NZ17,ãåñºê£ésã‡ãv,âÇî¸ã‡ãv,7,3,3,,ÇÇ»ÇË,wu_na_ri,wu_na_ri,w,u,n,a,r,i,.,.,.,.,.,.,.,.,.,.,1,7,0,0,0,1,1,3,2,0,4,4,0,0,0,1,4,3,1,0,4,5,0,0,0,1,1,1,1,0,.,.,.,.,.,.,.,.,.,.,.,.,.,.,.,.,.,.,.,.,.,.,.,.,.,.,.,.,.,.,.,.,.,.,.,.,.,.,.,.,.,.,.,.,.,.,.,.,.,.,10000000000000001,11000000,100001,1001,101,10000001,100001,10100,110,101,10000000000001000,10001000,100001,1001,101,10000001,101000,10100,101,101,10000000000001000,10010000,100001,1001,101,10000001,100001,10001,101,101,.,.,.,.,.,.,.,.,.,.,.,.,.,.,.,.,.,.,.,.,.,.,.,.,.,.,.,.,.,.,.,.,.,.,.,.,.,.,.,.,.,.,.,.,.,.,.,.,.,.
003,KM05,ó¥ãΩí¨íÜèü,âÇî¸íÜèü,7,3,3,,ÇÇ»ÇË,wuna_ri/wuna_ri,wuna_ri,w,u,n,a,r,i,.,.,.,.,.,.,.,.,.,.,1,7,0,0,0,1,1,3,2,0,4,4,0,0,0,1,4,3,1,0,4,5,0,0,0,1,1,1,1,0,.,.,.,.,.,.,.,.,.,.,.,.,.,.,.,.,.,.,.,.,.,.,.,.,.,.,.,.,.,.,.,.,.,.,.,.,.,.,.,.,.,.,.,.,.,.,.,.,.,.,10000000000000001,11000000,100001,1001,101,10000001,100001,10100,110,101,10000000000001000,10001000,100001,1001,101,10000001,101000,10100,101,101,10000000000001000,10010000,100001,1001,101,10000001,100001,10001,101,101,.,.,.,.,.,.,.,.,.,.,.,.,.,.,.,.,.,.,.,.,.,.,.,.,.,.,.,.,.,.,.,.,.,.,.,.,.,.,.,.,.,.,.,.,.,.,.,.,.,.
004,YU04,ëÂòaë∫ëÂòaïl,âÇî¸ëÂòaïl,7,3,3,,ÇÇ»ÇË,_wonari,_wonari,w,o,n,a,r,i,.,.,.,.,.,.,.,.,.,.,1,7,0,0,0,1,5,3,2,0,4,4,0,0,0,1,4,3,1,0,4,5,0,0,0,1,1,1,1,0,.,.,.,.,.,.,.,.,.,.,.,.,.,.,.,.,.,.,.,.,.,.,.,.,.,.,.,.,.,.,.,.,.,.,.,.,.,.,.,.,.,.,.,.,.,.,.,.,.,.,10000000000000001,11000000,100001,1001,101,10000001,110000,10100,110,101,10000000000001000,10001000,100001,1001,101,10000001,101000,10100,101,101,10000000000001000,10010000,100001,1001,101,10000001,100001,10001,101,101,.,.,.,.,.,.,.,.,.,.,.,.,.,.,.,.,.,.,.,.,.,.,.,.,.,.,.,.,.,.,.,.,.,.,.,.,.,.,.,.,.,.,.,.,.,.,.,.,.,.
005,SY08,èZópë∫êºíáä‘,âÇî¸êºíáä‘,7,3,3,,ÇÇ»ÇË,wu_na_ri/wu_na_ri,wu_na_ri,w,u,n,a,r,i,.,.,.,.,.,.,.,.,.,.,1,7,0,0,0,1,1,3,2,0,4,4,0,0,0,1,4,3,1,0,4,5,0,0,0,1,1,1,1,0,.,.,.,.,.,.,.,.,.,.,.,.,.,.,.,.,.,.,.,.,.,.,.,.,.,.,.,.,.,.,.,.,.,.,.,.,.,.,.,.,.,.,.,.,.,.,.,.,.,.,10000000000000001,11000000,100001,1001,101,10000001,100001,10100,110,101,10000000000001000,10001000,100001,1001,101,10000001,101000,10100,101,101,10000000000001000,10010000,100001,1001,101,10000001,100001,10001,101,101,.,.,.,.,.,.,.,.,.,.,.,.,.,.,.,.,.,.,.,.,.,.,.,.,.,.,.,.,.,.,.,.,.,.,.,.,.,.,.,.,.,.,.,.,.,.,.,.,.,.
006,YU18,âFåüë∫âFåü,âÇî¸âFåü,7,3,3,,ÇÇ»ÇË,wu_na__ri_/(wu_na___ri_),wu_na__ri_,w,u,n,a,r,i,.,.,.,.,.,.,.,.,.,.,1,7,0,0,0,1,1,3,2,0,4,4,0,0,0,1,4,3,1,0,4,5,0,0,0,1,1,1,1,0,.,.,.,.,.,.,.,.,.,.,.,.,.,.,.,.,.,.,.,.,.,.,.,.,.,.,.,.,.,.,.,.,.,.,.,.,.,.,.,.,.,.,.,.,.,.,.,.,.,.,10000000000000001,11000000,100001,1001,101,10000001,100001,10100,110,101,10000000000001000,10001000,100001,1001,101,10000001,101000,10100,101,101,10000000000001000,10010000,100001,1001,101,10000001,100001,10001,101,101,.,.,.,.,.,.,.,.,.,.,.,.,.,.,.,.,.,.,.,.,.,.,.,.,.,.,.,.,.,.,.,.,.,.,.,.,.,.,.,.,.,.,.,.,.,.,.,.,.,.
007,AN05,ê£åÀì‡í¨ä«ì›,ê£åÀä«ì›,7,3,3,,ÇÇ»ÇË,wu_na_r,wu_na_r,w,u,n,a,r,-1,.,.,.,.,.,.,.,.,.,.,1,7,0,0,0,1,1,3,2,0,4,4,0,0,0,1,4,3,1,0,4,5,0,0,0,-1,-1,-1,-1,-1,.,.,.,.,.,.,.,.,.,.,.,.,.,.,.,.,.,.,.,.,.,.,.,.,.,.,.,.,.,.,.,.,.,.,.,.,.,.,.,.,.,.,.,.,.,.,.,.,.,.,10000000000000001,11000000,100001,1001,101,10000001,100001,10100,110,101,10000000000001000,10001000,100001,1001,101,10000001,101000,10100,101,101,10000000000001000,10010000,100001,1001,101,00000000,000000,00000,000,000,.,.,.,.,.,.,.,.,.,.,.,.,.,.,.,.,.,.,.,.,.,.,.,.,.,.,.,.,.,.,.,.,.,.,.,.,.,.,.,.,.,.,.,.,.,.,.,.,.,.
008,AN13,ê£åÀì‡í¨ïêñº,ê£åÀïêñº,7,3,3,,ÇÇ»ÇË,_u_nar,_u_nar,-1,u,n,a,r,-1,.,.,.,.,.,.,.,.,.,.,-1,-1,-1,-1,-1,1,1,3,2,0,4,4,0,0,0,1,4,3,1,0,4,5,0,0,0,-1,-1,-1,-1,-1,.,.,.,.,.,.,.,.,.,.,.,.,.,.,.,.,.,.,.,.,.,.,.,.,.,.,.,.,.,.,.,.,.,.,.,.,.,.,.,.,.,.,.,.,.,.,.,.,.,.,00000000000000000,00000000,000000,0000,000,10000001,100001,10100,110,101,10000000000001000,10001000,100001,1001,101,10000001,101000,10100,101,101,10000000000001000,10010000,100001,1001,101,00000000,000000,00000,000,000,.,.,.,.,.,.,.,.,.,.,.,.,.,.,.,.,.,.,.,.,.,.,.,.,.,.,.,.,.,.,.,.,.,.,.,.,.,.,.,.,.,.,.,.,.,.,.,.,.,.
009,AH14,ê£åÀì‡í¨â√ìS,ê£åÀâ√ìS,9,3,4,,ÇÇ»ÇË,__u_na__r_,__u_na__r_,w,u,n,a,r,i2,.,.,.,.,.,.,.,.,.,.,1,7,0,0,0,1,1,3,2,0,4,4,0,0,0,1,4,3,1,0,4,5,0,0,0,1,1,2,1,0,.,.,.,.,.,.,.,.,.,.,.,.,.,.,.,.,.,.,.,.,.,.,.,.,.,.,.,.,.,.,.,.,.,.,.,.,.,.,.,.,.,.,.,.,.,.,.,.,.,.,10000000000000001,11000000,100001,1001,101,10000001,100001,10100,110,101,10000000000001000,10001000,100001,1001,101,10000001,101000,10100,101,101,10000000000001000,10010000,100001,1001,101,10000001,100001,10010,101,101,.,.,.,.,.,.,.,.,.,.,.,.,.,.,.,.,.,.,.,.,.,.,.,.,.,.,.,.,.,.,.,.,.,.,.,.,.,.,.,.,.,.,.,.,.,.,.,.,.,.
010,AH15,ê£åÀì‡í¨ìnòA,ê£åÀìnòA,7,3,3,,ÇÇ»ÇË,wu_nar,wu_nar,w,u,n,a,r,-1,.,.,.,.,.,.,.,.,.,.,1,7,0,0,0,1,1,3,2,0,4,4,0,0,0,1,4,3,1,0,4,5,0,0,0,-1,-1,-1,-1,-1,.,.,.,.,.,.,.,.,.,.,.,.,.,.,.,.,.,.,.,.,.,.,.,.,.,.,.,.,.,.,.,.,.,.,.,.,.,.,.,.,.,.,.,.,.,.,.,.,.,.,10000000000000001,11000000,100001,1001,101,10000001,100001,10100,110,101,10000000000001000,10001000,100001,1001,101,10000001,101000,10100,101,101,10000000000001000,10010000,100001,1001,101,00000000,000000,00000,000,000,.,.,.,.,.,.,.,.,.,.,.,.,.,.,.,.,.,.,.,.,.,.,.,.,.,.,.,.,.,.,.,.,.,.,.,.,.,.,.,.,.,.,.,.,.,.,.,.,.,.
011,KK01,äÏäEí¨éuåÀâ±,äÏäEéuåÀâ±,4,2,3,,ÇÇ»ÇË,wunai,wunai,w,u,n,a,-1,i,.,.,.,.,.,.,.,.,.,.,1,7,0,0,0,1,1,3,2,0,4,4,0,0,0,1,4,3,1,0,-1,-1,-1,-1,-1,1,1,1,1,0,.,.,.,.,.,.,.,.,.,.,.,.,.,.,.,.,.,.,.,.,.,.,.,.,.,.,.,.,.,.,.,.,.,.,.,.,.,.,.,.,.,.,.,.,.,.,.,.,.,.,10000000000000001,11000000,100001,1001,101,10000001,100001,10100,110,101,10000000000001000,10001000,100001,1001,101,10000001,101000,10100,101,101,00000000000000000,00000000,000000,0000,000,10000001,100001,10001,101,101,.,.,.,.,.,.,.,.,.,.,.,.,.,.,.,.,.,.,.,.,.,.,.,.,.,.,.,.,.,.,.,.,.,.,.,.,.,.,.,.,.,.,.,.,.,.,.,.,.,.
012,KK12,äÏäEí¨à¢ì`,äÏäEà¢ì`,4,2,3,,ÇÇ»ÇË,_u_na_i,_u_na_i,g,u,n,a,-1,i,.,.,.,.,.,.,.,.,.,.,8,1,0,0,0,1,1,3,2,0,4,4,0,0,0,1,4,3,1,0,-1,-1,-1,-1,-1,1,1,1,1,0,.,.,.,.,.,.,.,.,.,.,.,.,.,.,.,.,.,.,.,.,.,.,.,.,.,.,.,.,.,.,.,.,.,.,.,.,.,.,.,.,.,.,.,.,.,.,.,.,.,.,10000000010000000,10000001,100001,1001,101,10000001,100001,10100,110,101,10000000000001000,10001000,100001,1001,101,10000001,101000,10100,101,101,00000000000000000,00000000,000000,0000,000,10000001,100001,10001,101,101,.,.,.,.,.,.,.,.,.,.,.,.,.,.,.,.,.,.,.,.,.,.,.,.,.,.,.,.,.,.,.,.,.,.,.,.,.,.,.,.,.,.,.,.,.,.,.,.,.,.
013,KK22,äÏäEí¨òp,äÏäEòp,7,3,3,,ÇÇ»ÇË,_u_na_ri,_u_na_ri,w,u,n,a,r,i,.,.,.,.,.,.,.,.,.,.,1,7,0,0,0,1,1,3,2,0,4,4,0,0,0,1,4,3,1,0,4,5,0,0,0,1,1,1,1,0,.,.,.,.,.,.,.,.,.,.,.,.,.,.,.,.,.,.,.,.,.,.,.,.,.,.,.,.,.,.,.,.,.,.,.,.,.,.,.,.,.,.,.,.,.,.,.,.,.,.,10000000000000001,11000000,100001,1001,101,10000001,100001,10100,110,101,10000000000001000,10001000,100001,1001,101,10000001,101000,10100,101,101,10000000000001000,10010000,100001,1001,101,10000001,100001,10001,101,101,.,.,.,.,.,.,.,.,.,.,.,.,.,.,.,.,.,.,.,.,.,.,.,.,.,.,.,.,.,.,.,.,.,.,.,.,.,.,.,.,.,.,.,.,.,.,.,.,.,.
014,NM04,ìVèÈí¨êÛä‘,ìøîVêÛä‘,4,2,3,,ÇÇ»ÇË,_una_i,_una_i,-1,u,n,a,-1,i,.,.,.,.,.,.,.,.,.,.,-1,-1,-1,-1,-1,1,1,3,2,0,4,4,0,0,0,1,4,3,1,0,-1,-1,-1,-1,-1,1,1,1,1,0,.,.,.,.,.,.,.,.,.,.,.,.,.,.,.,.,.,.,.,.,.,.,.,.,.,.,.,.,.,.,.,.,.,.,.,.,.,.,.,.,.,.,.,.,.,.,.,.,.,.,00000000000000000,00000000,000000,0000,000,10000001,100001,10100,110,101,10000000000001000,10001000,100001,1001,101,10000001,101000,10100,101,101,00000000000000000,00000000,000000,0000,000,10000001,100001,10001,101,101,.,.,.,.,.,.,.,.,.,.,.,.,.,.,.,.,.,.,.,.,.,.,.,.,.,.,.,.,.,.,.,.,.,.,.,.,.,.,.,.,.,.,.,.,.,.,.,.,.,.
015,TH03,ìøîVìáí¨ãTìø,ìøîVãTìø,4,2,3,,ÇÇ»ÇË,_una__i,_una__i,-1,u,n,a,-1,i,.,.,.,.,.,.,.,.,.,.,-1,-1,-1,-1,-1,1,1,3,2,0,4,4,0,0,0,1,4,3,1,0,-1,-1,-1,-1,-1,1,1,1,1,0,.,.,.,.,.,.,.,.,.,.,.,.,.,.,.,.,.,.,.,.,.,.,.,.,.,.,.,.,.,.,.,.,.,.,.,.,.,.,.,.,.,.,.,.,.,.,.,.,.,.,00000000000000000,00000000,000000,0000,000,10000001,100001,10100,110,101,10000000000001000,10001000,100001,1001,101,10000001,101000,10100,101,101,00000000000000000,00000000,000000,0000,000,10000001,100001,10001,101,101,.,.,.,.,.,.,.,.,.,.,.,.,.,.,.,.,.,.,.,.,.,.,.,.,.,.,.,.,.,.,.,.,.,.,.,.,.,.,.,.,.,.,.,.,.,.,.,.,.,.
016,OM03,à…êÂí¨à…êÂ,ìøîVà…êÂ,7,3,3,,ÇÇ»ÇË,wuna_ri,wuna_ri,w,u,n,a,r,i,.,.,.,.,.,.,.,.,.,.,1,7,0,0,0,1,1,3,2,0,4,4,0,0,0,1,4,3,1,0,4,5,0,0,0,1,1,1,1,0,.,.,.,.,.,.,.,.,.,.,.,.,.,.,.,.,.,.,.,.,.,.,.,.,.,.,.,.,.,.,.,.,.,.,.,.,.,.,.,.,.,.,.,.,.,.,.,.,.,.,10000000000000001,11000000,100001,1001,101,10000001,100001,10100,110,101,10000000000001000,10001000,100001,1001,101,10000001,101000,10100,101,101,10000000000001000,10010000,100001,1001,101,10000001,100001,10001,101,101,.,.,.,.,.,.,.,.,.,.,.,.,.,.,.,.,.,.,.,.,.,.,.,.,.,.,.,.,.,.,.,.,.,.,.,.,.,.,.,.,.,.,.,.,.,.,.,.,.,.
017,OK02,òaîëí¨òaîë,â´âiòaîë,4,2,3,,ÇÇ»ÇË,__u_nai_,__u_nai_,-1,u,n,a,-1,i,.,.,.,.,.,.,.,.,.,.,-1,-1,-1,-1,-1,1,1,3,2,0,4,4,0,0,0,1,4,3,1,0,-1,-1,-1,-1,-1,1,1,1,1,0,.,.,.,.,.,.,.,.,.,.,.,.,.,.,.,.,.,.,.,.,.,.,.,.,.,.,.,.,.,.,.,.,.,.,.,.,.,.,.,.,.,.,.,.,.,.,.,.,.,.,00000000000000000,00000000,000000,0000,000,10000001,100001,10100,110,101,10000000000001000,10001000,100001,1001,101,10000001,101000,10100,101,101,00000000000000000,00000000,000000,0000,000,10000001,100001,10001,101,101,.,.,.,.,.,.,.,.,.,.,.,.,.,.,.,.,.,.,.,.,.,.,.,.,.,.,.,.,.,.,.,.,.,.,.,.,.,.,.,.,.,.,.,.,.,.,.,.,.,.
018,OK06,ímñºí¨ímñº,â´âiímñº,4,2,3,,ÇÇ»ÇË,wu_ne_,wu_ne_,w,u,n,e,-1,e,.,.,.,.,.,.,.,.,.,.,1,7,0,0,0,1,1,3,2,0,4,4,0,0,0,1,5,1,1,0,-1,-1,-1,-1,-1,1,5,1,1,0,.,.,.,.,.,.,.,.,.,.,.,.,.,.,.,.,.,.,.,.,.,.,.,.,.,.,.,.,.,.,.,.,.,.,.,.,.,.,.,.,.,.,.,.,.,.,.,.,.,.,10000000000000001,11000000,100001,1001,101,10000001,100001,10100,110,101,10000000000001000,10001000,100001,1001,101,10000001,110000,10001,101,101,00000000000000000,00000000,000000,0000,000,10000001,110000,10001,101,101,.,.,.,.,.,.,.,.,.,.,.,.,.,.,.,.,.,.,.,.,.,.,.,.,.,.,.,.,.,.,.,.,.,.,.,.,.,.,.,.,.,.,.,.,.,.,.,.,.,.
019,YR01,ó^ò_í¨íÉâ‘,ó^ò_íÉâ‘,4,2,3,,ÇÇ»ÇË,_una(_)i,_una(_)i,h!,u,n,a,-1,i,.,.,.,.,.,.,.,.,.,.,11,2,0,0,0,1,1,3,2,0,4,4,0,0,0,1,4,3,1,0,-1,-1,-1,-1,-1,1,1,1,1,0,.,.,.,.,.,.,.,.,.,.,.,.,.,.,.,.,.,.,.,.,.,.,.,.,.,.,.,.,.,.,.,.,.,.,.,.,.,.,.,.,.,.,.,.,.,.,.,.,.,.,10000010000000000,10000010,100001,1001,101,10000001,100001,10100,110,101,10000000000001000,10001000,100001,1001,101,10000001,101000,10100,101,101,00000000000000000,00000000,000000,0000,000,10000001,100001,10001,101,101,.,.,.,.,.,.,.,.,.,.,.,.,.,.,.,.,.,.,.,.,.,.,.,.,.,.,.,.,.,.,.,.,.,.,.,.,.,.,.,.,.,.,.,.,.,.,.,.,.,.
020,IH02,à…ïΩâÆë∫â‰äÏâÆ,à…ïΩâ‰äÏâÆ,4,2,3,,ÇÇ»ÇË,__unei,__unei,-1,u,n,e,-1,i,.,.,.,.,.,.,.,.,.,.,-1,-1,-1,-1,-1,1,1,3,2,0,4,4,0,0,0,1,5,1,1,0,-1,-1,-1,-1,-1,1,1,1,1,0,.,.,.,.,.,.,.,.,.,.,.,.,.,.,.,.,.,.,.,.,.,.,.,.,.,.,.,.,.,.,.,.,.,.,.,.,.,.,.,.,.,.,.,.,.,.,.,.,.,.,00000000000000000,00000000,000000,0000,000,10000001,100001,10100,110,101,10000000000001000,10001000,100001,1001,101,10000001,110000,10001,101,101,00000000000000000,00000000,000000,0000,000,10000001,100001,10001,101,101,.,.,.,.,.,.,.,.,.,.,.,.,.,.,.,.,.,.,.,.,.,.,.,.,.,.,.,.,.,.,.,.,.,.,.,.,.,.,.,.,.,.,.,.,.,.,.,.,.,.
021,IZ01,à…ê•ñºë∫èîå©,à…ê•èîå©,4,2,3,,ÇÇ»ÇË,_wunai,_wunai,w,u,n,a,-1,i,.,.,.,.,.,.,.,.,.,.,1,7,0,0,0,1,1,3,2,0,4,4,0,0,0,1,4,3,1,0,-1,-1,-1,-1,-1,1,1,1,1,0,.,.,.,.,.,.,.,.,.,.,.,.,.,.,.,.,.,.,.,.,.,.,.,.,.,.,.,.,.,.,.,.,.,.,.,.,.,.,.,.,.,.,.,.,.,.,.,.,.,.,10000000000000001,11000000,100001,1001,101,10000001,100001,10100,110,101,10000000000001000,10001000,100001,1001,101,10000001,101000,10100,101,101,00000000000000000,00000000,000000,0000,000,10000001,100001,10001,101,101,.,.,.,.,.,.,.,.,.,.,.,.,.,.,.,.,.,.,.,.,.,.,.,.,.,.,.,.,.,.,.,.,.,.,.,.,.,.,.,.,.,.,.,.,.,.,.,.,.,.
022,IE02,à…ç]ë∫ìåç]ëO,à…ç]ìåç]ëO,7,3,3,,ÇÇ»ÇË,wu_na_ji,wu_na_ji,w,u,n,a,-1,i,.,.,.,.,.,.,.,.,.,.,1,7,0,0,0,1,1,3,2,0,4,4,0,0,0,1,4,3,1,0,-1,-1,-1,-1,-1,1,1,1,1,0,.,.,.,.,.,.,.,.,.,.,.,.,.,.,.,.,.,.,.,.,.,.,.,.,.,.,.,.,.,.,.,.,.,.,.,.,.,.,.,.,.,.,.,.,.,.,.,.,.,.,10000000000000001,11000000,100001,1001,101,10000001,100001,10100,110,101,10000000000001000,10001000,100001,1001,101,10000001,101000,10100,101,101,00000000000000000,00000000,000000,0000,000,10000001,100001,10001,101,101,.,.,.,.,.,.,.,.,.,.,.,.,.,.,.,.,.,.,.,.,.,.,.,.,.,.,.,.,.,.,.,.,.,.,.,.,.,.,.,.,.,.,.,.,.,.,.,.,.,.
023,KU14,çëì™ë∫ï”ìyñº,çëì™ï”ìyñº,4,2,3,,ÇÇ»ÇË,_unai,_unai,?,u,n,a,-1,i,.,.,.,.,.,.,.,.,.,.,1,1,0,0,1,1,1,3,2,0,4,4,0,0,0,1,4,3,1,0,-1,-1,-1,-1,-1,1,1,1,1,0,.,.,.,.,.,.,.,.,.,.,.,.,.,.,.,.,.,.,.,.,.,.,.,.,.,.,.,.,.,.,.,.,.,.,.,.,.,.,.,.,.,.,.,.,.,.,.,.,.,.,10000000000000001,10000001,100001,1001,110,10000001,100001,10100,110,101,10000000000001000,10001000,100001,1001,101,10000001,101000,10100,101,101,00000000000000000,00000000,000000,0000,000,10000001,100001,10001,101,101,.,.,.,.,.,.,.,.,.,.,.,.,.,.,.,.,.,.,.,.,.,.,.,.,.,.,.,.,.,.,.,.,.,.,.,.,.,.,.,.,.,.,.,.,.,.,.,.,.,.
024,KU08,çëì™ë∫ï”ñÏäÏ,çëì™ï”ñÏäÏ,4,2,3,,ÇÇ»ÇË,_una_i,_una_i,?,u,n,a,-1,i,.,.,.,.,.,.,.,.,.,.,1,1,0,0,1,1,1,3,2,0,4,4,0,0,0,1,4,3,1,0,-1,-1,-1,-1,-1,1,1,1,1,0,.,.,.,.,.,.,.,.,.,.,.,.,.,.,.,.,.,.,.,.,.,.,.,.,.,.,.,.,.,.,.,.,.,.,.,.,.,.,.,.,.,.,.,.,.,.,.,.,.,.,10000000000000001,10000001,100001,1001,110,10000001,100001,10100,110,101,10000000000001000,10001000,100001,1001,101,10000001,101000,10100,101,101,00000000000000000,00000000,000000,0000,000,10000001,100001,10001,101,101,.,.,.,.,.,.,.,.,.,.,.,.,.,.,.,.,.,.,.,.,.,.,.,.,.,.,.,.,.,.,.,.,.,.,.,.,.,.,.,.,.,.,.,.,.,.,.,.,.,.
025,OG07,ëÂãXñ°ë∫ç™òHñ¡,ëÂãXç™òHñ¡,4,2,3,,ÇÇ»ÇË,_unai,_unai,?,u,n,a,-1,i,.,.,.,.,.,.,.,.,.,.,1,1,0,0,1,1,1,3,2,0,4,4,0,0,0,1,4,3,1,0,-1,-1,-1,-1,-1,1,1,1,1,0,.,.,.,.,.,.,.,.,.,.,.,.,.,.,.,.,.,.,.,.,.,.,.,.,.,.,.,.,.,.,.,.,.,.,.,.,.,.,.,.,.,.,.,.,.,.,.,.,.,.,10000000000000001,10000001,100001,1001,110,10000001,100001,10100,110,101,10000000000001000,10001000,100001,1001,101,10000001,101000,10100,101,101,00000000000000000,00000000,000000,0000,000,10000001,100001,10001,101,101,.,.,.,.,.,.,.,.,.,.,.,.,.,.,.,.,.,.,.,.,.,.,.,.,.,.,.,.,.,.,.,.,.,.,.,.,.,.,.,.,.,.,.,.,.,.,.,.,.,.
026,NN12,ç°ãAêmë∫ó^ìﬂó‰,ç°ãAó^ìﬂó‰,4,2,3,,ÇÇ»ÇË,wu_nai,wu_nai,w,u,n,a,-1,i,.,.,.,.,.,.,.,.,.,.,1,7,0,0,0,1,1,3,2,0,4,4,0,0,0,1,4,3,1,0,-1,-1,-1,-1,-1,1,1,1,1,0,.,.,.,.,.,.,.,.,.,.,.,.,.,.,.,.,.,.,.,.,.,.,.,.,.,.,.,.,.,.,.,.,.,.,.,.,.,.,.,.,.,.,.,.,.,.,.,.,.,.,10000000000000001,11000000,100001,1001,101,10000001,100001,10100,110,101,10000000000001000,10001000,100001,1001,101,10000001,101000,10100,101,101,00000000000000000,00000000,000000,0000,000,10000001,100001,10001,101,101,.,.,.,.,.,.,.,.,.,.,.,.,.,.,.,.,.,.,.,.,.,.,.,.,.,.,.,.,.,.,.,.,.,.,.,.,.,.,.,.,.,.,.,.,.,.,.,.,.,.
027,MB02,ñ{ïîí¨îıê£,ñ{ïîîıê£,4,2,3,,ÇÇ»ÇË,__unai,__unai,-1,u,n,a,-1,i,.,.,.,.,.,.,.,.,.,.,-1,-1,-1,-1,-1,1,1,3,2,0,4,4,0,0,0,1,4,3,1,0,-1,-1,-1,-1,-1,1,1,1,1,0,.,.,.,.,.,.,.,.,.,.,.,.,.,.,.,.,.,.,.,.,.,.,.,.,.,.,.,.,.,.,.,.,.,.,.,.,.,.,.,.,.,.,.,.,.,.,.,.,.,.,00000000000000000,00000000,000000,0000,000,10000001,100001,10100,110,101,10000000000001000,10001000,100001,1001,101,10000001,101000,10100,101,101,00000000000000000,00000000,000000,0000,000,10000001,100001,10001,101,101,.,.,.,.,.,.,.,.,.,.,.,.,.,.,.,.,.,.,.,.,.,.,.,.,.,.,.,.,.,.,.,.,.,.,.,.,.,.,.,.,.,.,.,.,.,.,.,.,.,.
028,MB06,ñ{ïîí¨ïlå≥,ñ{ïîïlå≥,4,2,3,,ÇÇ»ÇË,_u_nai,_u_nai,-1,u,n,a,-1,i,.,.,.,.,.,.,.,.,.,.,-1,-1,-1,-1,-1,1,1,3,2,0,4,4,0,0,0,1,4,3,1,0,-1,-1,-1,-1,-1,1,1,1,1,0,.,.,.,.,.,.,.,.,.,.,.,.,.,.,.,.,.,.,.,.,.,.,.,.,.,.,.,.,.,.,.,.,.,.,.,.,.,.,.,.,.,.,.,.,.,.,.,.,.,.,00000000000000000,00000000,000000,0000,000,10000001,100001,10100,110,101,10000000000001000,10001000,100001,1001,101,10000001,101000,10100,101,101,00000000000000000,00000000,000000,0000,000,10000001,100001,10001,101,101,.,.,.,.,.,.,.,.,.,.,.,.,.,.,.,.,.,.,.,.,.,.,.,.,.,.,.,.,.,.,.,.,.,.,.,.,.,.,.,.,.,.,.,.,.,.,.,.,.,.
029,HJ08,ñºåÏésêÏè„,ñºåÏêÏè„,3,2,2,,ÇÇ»ÇË,wu_ne(_),wu_ne:,w,u,n,e,-1,e,.,.,.,.,.,.,.,.,.,.,1,7,0,0,0,1,1,3,2,0,4,4,0,0,0,1,5,1,1,0,-1,-1,-1,-1,-1,1,5,1,1,0,.,.,.,.,.,.,.,.,.,.,.,.,.,.,.,.,.,.,.,.,.,.,.,.,.,.,.,.,.,.,.,.,.,.,.,.,.,.,.,.,.,.,.,.,.,.,.,.,.,.,10000000000000001,11000000,100001,1001,101,10000001,100001,10100,110,101,10000000000001000,10001000,100001,1001,101,10000001,110000,10001,101,101,00000000000000000,00000000,000000,0000,000,10000001,110000,10001,101,101,.,.,.,.,.,.,.,.,.,.,.,.,.,.,.,.,.,.,.,.,.,.,.,.,.,.,.,.,.,.,.,.,.,.,.,.,.,.,.,.,.,.,.,.,.,.,.,.,.,.
030,NG06,ñºåÏésñºåÏ,ñºåÏëÂåì,4,2,3,,ÇÇ»ÇË,wu_nai,wu_nai,w,u,n,a,-1,i,.,.,.,.,.,.,.,.,.,.,1,7,0,0,0,1,1,3,2,0,4,4,0,0,0,1,4,3,1,0,-1,-1,-1,-1,-1,1,1,1,1,0,.,.,.,.,.,.,.,.,.,.,.,.,.,.,.,.,.,.,.,.,.,.,.,.,.,.,.,.,.,.,.,.,.,.,.,.,.,.,.,.,.,.,.,.,.,.,.,.,.,.,10000000000000001,11000000,100001,1001,101,10000001,100001,10100,110,101,10000000000001000,10001000,100001,1001,101,10000001,101000,10100,101,101,00000000000000000,00000000,000000,0000,000,10000001,100001,10001,101,101,.,.,.,.,.,.,.,.,.,.,.,.,.,.,.,.,.,.,.,.,.,.,.,.,.,.,.,.,.,.,.,.,.,.,.,.,.,.,.,.,.,.,.,.,.,.,.,.,.,.
031,ON04,â∂î[ë∫â∂î[,â∂î[â∂î[,4,2,3,,ÇÇ»ÇË,_wunai,_wunai,w,u,n,a,-1,i,.,.,.,.,.,.,.,.,.,.,1,7,0,0,0,1,1,3,2,0,4,4,0,0,0,1,4,3,1,0,-1,-1,-1,-1,-1,1,1,1,1,0,.,.,.,.,.,.,.,.,.,.,.,.,.,.,.,.,.,.,.,.,.,.,.,.,.,.,.,.,.,.,.,.,.,.,.,.,.,.,.,.,.,.,.,.,.,.,.,.,.,.,10000000000000001,11000000,100001,1001,101,10000001,100001,10100,110,101,10000000000001000,10001000,100001,1001,101,10000001,101000,10100,101,101,00000000000000000,00000000,000000,0000,000,10000001,100001,10001,101,101,.,.,.,.,.,.,.,.,.,.,.,.,.,.,.,.,.,.,.,.,.,.,.,.,.,.,.,.,.,.,.,.,.,.,.,.,.,.,.,.,.,.,.,.,.,.,.,.,.,.
032,KI06,ã‡ïêí¨ã‡ïê,ã‡ïêã‡ïê,4,2,3,,ÇÇ»ÇË,_unai,_unai,?,u,n,a,-1,i,.,.,.,.,.,.,.,.,.,.,1,1,0,0,1,1,1,3,2,0,4,4,0,0,0,1,4,3,1,0,-1,-1,-1,-1,-1,1,1,1,1,0,.,.,.,.,.,.,.,.,.,.,.,.,.,.,.,.,.,.,.,.,.,.,.,.,.,.,.,.,.,.,.,.,.,.,.,.,.,.,.,.,.,.,.,.,.,.,.,.,.,.,10000000000000001,10000001,100001,1001,110,10000001,100001,10100,110,101,10000000000001000,10001000,100001,1001,101,10000001,101000,10100,101,101,00000000000000000,00000000,000000,0000,000,10000001,100001,10001,101,101,.,.,.,.,.,.,.,.,.,.,.,.,.,.,.,.,.,.,.,.,.,.,.,.,.,.,.,.,.,.,.,.,.,.,.,.,.,.,.,.,.,.,.,.,.,.,.,.,.,.
033,YT15,ì«íJë∫å√åò,ì«íJå√åò,4,2,3,,ÇÇ»ÇË,wuna_i,wuna_i,w,u,n,a,-1,i,.,.,.,.,.,.,.,.,.,.,1,7,0,0,0,1,1,3,2,0,4,4,0,0,0,1,4,3,1,0,-1,-1,-1,-1,-1,1,1,1,1,0,.,.,.,.,.,.,.,.,.,.,.,.,.,.,.,.,.,.,.,.,.,.,.,.,.,.,.,.,.,.,.,.,.,.,.,.,.,.,.,.,.,.,.,.,.,.,.,.,.,.,10000000000000001,11000000,100001,1001,101,10000001,100001,10100,110,101,10000000000001000,10001000,100001,1001,101,10000001,101000,10100,101,101,00000000000000000,00000000,000000,0000,000,10000001,100001,10001,101,101,.,.,.,.,.,.,.,.,.,.,.,.,.,.,.,.,.,.,.,.,.,.,.,.,.,.,.,.,.,.,.,.,.,.,.,.,.,.,.,.,.,.,.,.,.,.,.,.,.,.
034,MS01,ãåêŒêÏésêŒêÏ,êŒêÏêŒêÏ,4,2,3,,ÇÇ»ÇË,_w_nai,_wu_nai,w,u,n,a,-1,i,.,.,.,.,.,.,.,.,.,.,1,7,0,0,0,1,1,3,2,0,4,4,0,0,0,1,4,3,1,0,-1,-1,-1,-1,-1,1,1,1,1,0,.,.,.,.,.,.,.,.,.,.,.,.,.,.,.,.,.,.,.,.,.,.,.,.,.,.,.,.,.,.,.,.,.,.,.,.,.,.,.,.,.,.,.,.,.,.,.,.,.,.,10000000000000001,11000000,100001,1001,101,10000001,100001,10100,110,101,10000000000001000,10001000,100001,1001,101,10000001,101000,10100,101,101,00000000000000000,00000000,000000,0000,000,10000001,100001,10001,101,101,.,.,.,.,.,.,.,.,.,.,.,.,.,.,.,.,.,.,.,.,.,.,.,.,.,.,.,.,.,.,.,.,.,.,.,.,.,.,.,.,.,.,.,.,.,.,.,.,.,.
035,GK07,â´ìÍéså”âÆ,â´ìÍå”âÆ,6,2,4,,ÇÇ»ÇË,wu:_nai,wu:_nai,w,u,n,a,-1,i,.,.,.,.,.,.,.,.,.,.,1,7,0,0,0,1,1,3,2,0,4,4,0,0,0,1,4,3,1,0,-1,-1,-1,-1,-1,1,1,1,1,0,.,.,.,.,.,.,.,.,.,.,.,.,.,.,.,.,.,.,.,.,.,.,.,.,.,.,.,.,.,.,.,.,.,.,.,.,.,.,.,.,.,.,.,.,.,.,.,.,.,.,10000000000000001,11000000,100001,1001,101,10000001,100001,10100,110,101,10000000000001000,10001000,100001,1001,101,10000001,101000,10100,101,101,00000000000000000,00000000,000000,0000,000,10000001,100001,10001,101,101,.,.,.,.,.,.,.,.,.,.,.,.,.,.,.,.,.,.,.,.,.,.,.,.,.,.,.,.,.,.,.,.,.,.,.,.,.,.,.,.,.,.,.,.,.,.,.,.,.,.
036,GS08,ãåãÔéuêÏésãÔéuêÏ,Ç§ÇÈãÔéuêÏ,4,2,3,,ÇÇ»ÇË,_wunai,_wunai,w,u,n,a,-1,i,.,.,.,.,.,.,.,.,.,.,1,7,0,0,0,1,1,3,2,0,4,4,0,0,0,1,4,3,1,0,-1,-1,-1,-1,-1,1,1,1,1,0,.,.,.,.,.,.,.,.,.,.,.,.,.,.,.,.,.,.,.,.,.,.,.,.,.,.,.,.,.,.,.,.,.,.,.,.,.,.,.,.,.,.,.,.,.,.,.,.,.,.,10000000000000001,11000000,100001,1001,101,10000001,100001,10100,110,101,10000000000001000,10001000,100001,1001,101,10000001,101000,10100,101,101,00000000000000000,00000000,000000,0000,000,10000001,100001,10001,101,101,.,.,.,.,.,.,.,.,.,.,.,.,.,.,.,.,.,.,.,.,.,.,.,.,.,.,.,.,.,.,.,.,.,.,.,.,.,.,.,.,.,.,.,.,.,.,.,.,.,.
037,YN02,ãåèüòAí¨ó^ìﬂèÈ,Ç§ÇÈó^ìﬂèÈ,4,2,3,,ÇÇ»ÇË,_wunai,_wunai,w,u,n,a,-1,i,.,.,.,.,.,.,.,.,.,.,1,7,0,0,0,1,1,3,2,0,4,4,0,0,0,1,4,3,1,0,-1,-1,-1,-1,-1,1,1,1,1,0,.,.,.,.,.,.,.,.,.,.,.,.,.,.,.,.,.,.,.,.,.,.,.,.,.,.,.,.,.,.,.,.,.,.,.,.,.,.,.,.,.,.,.,.,.,.,.,.,.,.,10000000000000001,11000000,100001,1001,101,10000001,100001,10100,110,101,10000000000001000,10001000,100001,1001,101,10000001,101000,10100,101,101,00000000000000000,00000000,000000,0000,000,10000001,100001,10001,101,101,.,.,.,.,.,.,.,.,.,.,.,.,.,.,.,.,.,.,.,.,.,.,.,.,.,.,.,.,.,.,.,.,.,.,.,.,.,.,.,.,.,.,.,.,.,.,.,.,.,.
038,YN09,ãåèüòAí¨ïΩà¿ç¿,Ç§ÇÈïΩà¿ç¿,4,2,3,,ÇÇ»ÇË,__u__nai,__u__nai,w,u,n,a,-1,i,.,.,.,.,.,.,.,.,.,.,1,7,0,0,0,1,1,3,2,0,4,4,0,0,0,1,4,3,1,0,-1,-1,-1,-1,-1,1,1,1,1,0,.,.,.,.,.,.,.,.,.,.,.,.,.,.,.,.,.,.,.,.,.,.,.,.,.,.,.,.,.,.,.,.,.,.,.,.,.,.,.,.,.,.,.,.,.,.,.,.,.,.,10000000000000001,11000000,100001,1001,101,10000001,100001,10100,110,101,10000000000001000,10001000,100001,1001,101,10000001,101000,10100,101,101,00000000000000000,00000000,000000,0000,000,10000001,100001,10001,101,101,.,.,.,.,.,.,.,.,.,.,.,.,.,.,.,.,.,.,.,.,.,.,.,.,.,.,.,.,.,.,.,.,.,.,.,.,.,.,.,.,.,.,.,.,.,.,.,.,.,.
039,CT12,ñkíJí¨ñkíJ,ñkíJñkíJ,4,2,3,,ÇÇ»ÇË,wu_na_i,wu_na_i,w,u,n,a,-1,i,.,.,.,.,.,.,.,.,.,.,1,7,0,0,0,1,1,3,2,0,4,4,0,0,0,1,4,3,1,0,-1,-1,-1,-1,-1,1,1,1,1,0,.,.,.,.,.,.,.,.,.,.,.,.,.,.,.,.,.,.,.,.,.,.,.,.,.,.,.,.,.,.,.,.,.,.,.,.,.,.,.,.,.,.,.,.,.,.,.,.,.,.,10000000000000001,11000000,100001,1001,101,10000001,100001,10100,110,101,10000000000001000,10001000,100001,1001,101,10000001,101000,10100,101,101,00000000000000000,00000000,000000,0000,000,10000001,100001,10001,101,101,.,.,.,.,.,.,.,.,.,.,.,.,.,.,.,.,.,.,.,.,.,.,.,.,.,.,.,.,.,.,.,.,.,.,.,.,.,.,.,.,.,.,.,.,.,.,.,.,.,.
040,NK17,íÜèÈë∫âÆãX,ñkíÜâÆãX,4,2,3,,ÇÇ»ÇË,wuna_i,wuna_i,w,u,n,a,-1,i,.,.,.,.,.,.,.,.,.,.,1,7,0,0,0,1,1,3,2,0,4,4,0,0,0,1,4,3,1,0,-1,-1,-1,-1,-1,1,1,1,1,0,.,.,.,.,.,.,.,.,.,.,.,.,.,.,.,.,.,.,.,.,.,.,.,.,.,.,.,.,.,.,.,.,.,.,.,.,.,.,.,.,.,.,.,.,.,.,.,.,.,.,10000000000000001,11000000,100001,1001,101,10000001,100001,10100,110,101,10000000000001000,10001000,100001,1001,101,10000001,101000,10100,101,101,00000000000000000,00000000,000000,0000,000,10000001,100001,10001,101,101,.,.,.,.,.,.,.,.,.,.,.,.,.,.,.,.,.,.,.,.,.,.,.,.,.,.,.,.,.,.,.,.,.,.,.,.,.,.,.,.,.,.,.,.,.,.,.,.,.,.
041,GW01,ãXñÏòpésïÅìVä‘,ãXòpïÅìVä‘,4,2,3,,ÇÇ»ÇË,_wunai,_wunai,w,u,n,a,-1,i,.,.,.,.,.,.,.,.,.,.,1,7,0,0,0,1,1,3,2,0,4,4,0,0,0,1,4,3,1,0,-1,-1,-1,-1,-1,1,1,1,1,0,.,.,.,.,.,.,.,.,.,.,.,.,.,.,.,.,.,.,.,.,.,.,.,.,.,.,.,.,.,.,.,.,.,.,.,.,.,.,.,.,.,.,.,.,.,.,.,.,.,.,10000000000000001,11000000,100001,1001,101,10000001,100001,10100,110,101,10000000000001000,10001000,100001,1001,101,10000001,101000,10100,101,101,00000000000000000,00000000,000000,0000,000,10000001,100001,10001,101,101,.,.,.,.,.,.,.,.,.,.,.,.,.,.,.,.,.,.,.,.,.,.,.,.,.,.,.,.,.,.,.,.,.,.,.,.,.,.,.,.,.,.,.,.,.,.,.,.,.,.
042,GW06,ãXñÏòpésëÂéR,ãXòpëÂéR,4,2,3,,ÇÇ»ÇË,wuna_i,wuna_i,w,u,n,a,-1,i,.,.,.,.,.,.,.,.,.,.,1,7,0,0,0,1,1,3,2,0,4,4,0,0,0,1,4,3,1,0,-1,-1,-1,-1,-1,1,1,1,1,0,.,.,.,.,.,.,.,.,.,.,.,.,.,.,.,.,.,.,.,.,.,.,.,.,.,.,.,.,.,.,.,.,.,.,.,.,.,.,.,.,.,.,.,.,.,.,.,.,.,.,10000000000000001,11000000,100001,1001,101,10000001,100001,10100,110,101,10000000000001000,10001000,100001,1001,101,10000001,101000,10100,101,101,00000000000000000,00000000,000000,0000,000,10000001,100001,10001,101,101,.,.,.,.,.,.,.,.,.,.,.,.,.,.,.,.,.,.,.,.,.,.,.,.,.,.,.,.,.,.,.,.,.,.,.,.,.,.,.,.,.,.,.,.,.,.,.,.,.,.
043,US06,âYìYésà¿îgíÉ,âYìYà¿îgíÉ,4,2,3,,ÇÇ»ÇË,wuna_i,wuna_i,w,u,n,a,-1,i,.,.,.,.,.,.,.,.,.,.,1,7,0,0,0,1,1,3,2,0,4,4,0,0,0,1,4,3,1,0,-1,-1,-1,-1,-1,1,1,1,1,0,.,.,.,.,.,.,.,.,.,.,.,.,.,.,.,.,.,.,.,.,.,.,.,.,.,.,.,.,.,.,.,.,.,.,.,.,.,.,.,.,.,.,.,.,.,.,.,.,.,.,10000000000000001,11000000,100001,1001,101,10000001,100001,10100,110,101,10000000000001000,10001000,100001,1001,101,10000001,101000,10100,101,101,00000000000000000,00000000,000000,0000,000,10000001,100001,10001,101,101,.,.,.,.,.,.,.,.,.,.,.,.,.,.,.,.,.,.,.,.,.,.,.,.,.,.,.,.,.,.,.,.,.,.,.,.,.,.,.,.,.,.,.,.,.,.,.,.,.,.
044,NH10,êºå¥í¨è¨îgí√,êºå¥è¨îgí√,4,2,3,,ÇÇ»ÇË,wu_nai,wu_nai,w,u,n,a,-1,i,.,.,.,.,.,.,.,.,.,.,1,7,0,0,0,1,1,3,2,0,4,4,0,0,0,1,4,3,1,0,-1,-1,-1,-1,-1,1,1,1,1,0,.,.,.,.,.,.,.,.,.,.,.,.,.,.,.,.,.,.,.,.,.,.,.,.,.,.,.,.,.,.,.,.,.,.,.,.,.,.,.,.,.,.,.,.,.,.,.,.,.,.,10000000000000001,11000000,100001,1001,101,10000001,100001,10100,110,101,10000000000001000,10001000,100001,1001,101,10000001,101000,10100,101,101,00000000000000000,00000000,000000,0000,000,10000001,100001,10001,101,101,.,.,.,.,.,.,.,.,.,.,.,.,.,.,.,.,.,.,.,.,.,.,.,.,.,.,.,.,.,.,.,.,.,.,.,.,.,.,.,.,.,.,.,.,.,.,.,.,.,.
045,NK25,èüòAí¨í√åò,Ç§ÇÈí√åò,4,2,3,,ÇÇ»ÇË,wuna_i,wuna_i,w,u,n,a,-1,i,.,.,.,.,.,.,.,.,.,.,1,7,0,0,0,1,1,3,2,0,4,4,0,0,0,1,4,3,1,0,-1,-1,-1,-1,-1,1,1,1,1,0,.,.,.,.,.,.,.,.,.,.,.,.,.,.,.,.,.,.,.,.,.,.,.,.,.,.,.,.,.,.,.,.,.,.,.,.,.,.,.,.,.,.,.,.,.,.,.,.,.,.,10000000000000001,11000000,100001,1001,101,10000001,100001,10100,110,101,10000000000001000,10001000,100001,1001,101,10000001,101000,10100,101,101,00000000000000000,00000000,000000,0000,000,10000001,100001,10001,101,101,.,.,.,.,.,.,.,.,.,.,.,.,.,.,.,.,.,.,.,.,.,.,.,.,.,.,.,.,.,.,.,.,.,.,.,.,.,.,.,.,.,.,.,.,.,.,.,.,.,.
046,MW03,ìﬂîeéséÒó¢ìñë†émë∞,ìﬂîeìñë†ém,4,2,3,,ÇÇ»ÇË,_wuna_i,_wuna_i,w,u,n,a,-1,i,.,.,.,.,.,.,.,.,.,.,1,7,0,0,0,1,1,3,2,0,4,4,0,0,0,1,4,3,1,0,-1,-1,-1,-1,-1,1,1,1,1,0,.,.,.,.,.,.,.,.,.,.,.,.,.,.,.,.,.,.,.,.,.,.,.,.,.,.,.,.,.,.,.,.,.,.,.,.,.,.,.,.,.,.,.,.,.,.,.,.,.,.,10000000000000001,11000000,100001,1001,101,10000001,100001,10100,110,101,10000000000001000,10001000,100001,1001,101,10000001,101000,10100,101,101,00000000000000000,00000000,000000,0000,000,10000001,100001,10001,101,101,.,.,.,.,.,.,.,.,.,.,.,.,.,.,.,.,.,.,.,.,.,.,.,.,.,.,.,.,.,.,.,.,.,.,.,.,.,.,.,.,.,.,.,.,.,.,.,.,.,.
047,MW04,ìﬂîeéséÒó¢ìñë†,ìﬂîeìñë†ïΩ,4,2,3,,ÇÇ»ÇË,_wuna_i,_wuna_i,w,u,n,a,-1,i,.,.,.,.,.,.,.,.,.,.,1,7,0,0,0,1,1,3,2,0,4,4,0,0,0,1,4,3,1,0,-1,-1,-1,-1,-1,1,1,1,1,0,.,.,.,.,.,.,.,.,.,.,.,.,.,.,.,.,.,.,.,.,.,.,.,.,.,.,.,.,.,.,.,.,.,.,.,.,.,.,.,.,.,.,.,.,.,.,.,.,.,.,10000000000000001,11000000,100001,1001,101,10000001,100001,10100,110,101,10000000000001000,10001000,100001,1001,101,10000001,101000,10100,101,101,00000000000000000,00000000,000000,0000,000,10000001,100001,10001,101,101,.,.,.,.,.,.,.,.,.,.,.,.,.,.,.,.,.,.,.,.,.,.,.,.,.,.,.,.,.,.,.,.,.,.,.,.,.,.,.,.,.,.,.,.,.,.,.,.,.,.
048,MW12,ìﬂîeésêÚçËémë∞,ìﬂîeêÚçËém,4,2,3,,ÇÇ»ÇË,wunai,wunai,w,u,n,a,-1,i,.,.,.,.,.,.,.,.,.,.,1,7,0,0,0,1,1,3,2,0,4,4,0,0,0,1,4,3,1,0,-1,-1,-1,-1,-1,1,1,1,1,0,.,.,.,.,.,.,.,.,.,.,.,.,.,.,.,.,.,.,.,.,.,.,.,.,.,.,.,.,.,.,.,.,.,.,.,.,.,.,.,.,.,.,.,.,.,.,.,.,.,.,10000000000000001,11000000,100001,1001,101,10000001,100001,10100,110,101,10000000000001000,10001000,100001,1001,101,10000001,101000,10100,101,101,00000000000000000,00000000,000000,0000,000,10000001,100001,10001,101,101,.,.,.,.,.,.,.,.,.,.,.,.,.,.,.,.,.,.,.,.,.,.,.,.,.,.,.,.,.,.,.,.,.,.,.,.,.,.,.,.,.,.,.,.,.,.,.,.,.,.
049,MW13,ìﬂîeésêÚçË,ìﬂîeêÚçËïΩ,4,2,3,,ÇÇ»ÇË,wunai,wunai,w,u,n,a,-1,i,.,.,.,.,.,.,.,.,.,.,1,7,0,0,0,1,1,3,2,0,4,4,0,0,0,1,4,3,1,0,-1,-1,-1,-1,-1,1,1,1,1,0,.,.,.,.,.,.,.,.,.,.,.,.,.,.,.,.,.,.,.,.,.,.,.,.,.,.,.,.,.,.,.,.,.,.,.,.,.,.,.,.,.,.,.,.,.,.,.,.,.,.,10000000000000001,11000000,100001,1001,101,10000001,100001,10100,110,101,10000000000001000,10001000,100001,1001,101,10000001,101000,10100,101,101,00000000000000000,00000000,000000,0000,000,10000001,100001,10001,101,101,.,.,.,.,.,.,.,.,.,.,.,.,.,.,.,.,.,.,.,.,.,.,.,.,.,.,.,.,.,.,.,.,.,.,.,.,.,.,.,.,.,.,.,.,.,.,.,.,.,.
050,MW09,ìﬂîeésà¿ó¢,ìﬂîeà¿ó¢,4,2,3,,ÇÇ»ÇË,wu_nai,wu_nai,w,u,n,a,-1,i,.,.,.,.,.,.,.,.,.,.,1,7,0,0,0,1,1,3,2,0,4,4,0,0,0,1,4,3,1,0,-1,-1,-1,-1,-1,1,1,1,1,0,.,.,.,.,.,.,.,.,.,.,.,.,.,.,.,.,.,.,.,.,.,.,.,.,.,.,.,.,.,.,.,.,.,.,.,.,.,.,.,.,.,.,.,.,.,.,.,.,.,.,10000000000000001,11000000,100001,1001,101,10000001,100001,10100,110,101,10000000000001000,10001000,100001,1001,101,10000001,101000,10100,101,101,00000000000000000,00000000,000000,0000,000,10000001,100001,10001,101,101,.,.,.,.,.,.,.,.,.,.,.,.,.,.,.,.,.,.,.,.,.,.,.,.,.,.,.,.,.,.,.,.,.,.,.,.,.,.,.,.,.,.,.,.,.,.,.,.,.,.
051,HB04,ìÏïóå¥í¨åìèÈ,ìÏïóåìèÈ,4,2,3,,ÇÇ»ÇË,wuna_i,wuna_i,w,u,n,a,-1,i,.,.,.,.,.,.,.,.,.,.,1,7,0,0,0,1,1,3,2,0,4,4,0,0,0,1,4,3,1,0,-1,-1,-1,-1,-1,1,1,1,1,0,.,.,.,.,.,.,.,.,.,.,.,.,.,.,.,.,.,.,.,.,.,.,.,.,.,.,.,.,.,.,.,.,.,.,.,.,.,.,.,.,.,.,.,.,.,.,.,.,.,.,10000000000000001,11000000,100001,1001,101,10000001,100001,10100,110,101,10000000000001000,10001000,100001,1001,101,10000001,101000,10100,101,101,00000000000000000,00000000,000000,0000,000,10000001,100001,10001,101,101,.,.,.,.,.,.,.,.,.,.,.,.,.,.,.,.,.,.,.,.,.,.,.,.,.,.,.,.,.,.,.,.,.,.,.,.,.,.,.,.,.,.,.,.,.,.,.,.,.,.
052,OZ02,ó^ìﬂå¥í¨ó^ìﬂå¥,ó^ìﬂó^ìﬂå¥,4,2,3,,ÇÇ»ÇË,wu_nai,wu_nai,w,u,n,a,-1,i,.,.,.,.,.,.,.,.,.,.,1,7,0,0,0,1,1,3,2,0,4,4,0,0,0,1,4,3,1,0,-1,-1,-1,-1,-1,1,1,1,1,0,.,.,.,.,.,.,.,.,.,.,.,.,.,.,.,.,.,.,.,.,.,.,.,.,.,.,.,.,.,.,.,.,.,.,.,.,.,.,.,.,.,.,.,.,.,.,.,.,.,.,10000000000000001,11000000,100001,1001,101,10000001,100001,10100,110,101,10000000000001000,10001000,100001,1001,101,10000001,101000,10100,101,101,00000000000000000,00000000,000000,0000,000,10000001,100001,10001,101,101,.,.,.,.,.,.,.,.,.,.,.,.,.,.,.,.,.,.,.,.,.,.,.,.,.,.,.,.,.,.,.,.,.,.,.,.,.,.,.,.,.,.,.,.,.,.,.,.,.,.
053,OZ05,ãåëÂó¢ë∫å√åò2,ìÏèÈå√åò2,4,2,3,,ÇÇ»ÇË,wunai,wunai,w,u,n,a,-1,i,.,.,.,.,.,.,.,.,.,.,1,7,0,0,0,1,1,3,2,0,4,4,0,0,0,1,4,3,1,0,-1,-1,-1,-1,-1,1,1,1,1,0,.,.,.,.,.,.,.,.,.,.,.,.,.,.,.,.,.,.,.,.,.,.,.,.,.,.,.,.,.,.,.,.,.,.,.,.,.,.,.,.,.,.,.,.,.,.,.,.,.,.,10000000000000001,11000000,100001,1001,101,10000001,100001,10100,110,101,10000000000001000,10001000,100001,1001,101,10000001,101000,10100,101,101,00000000000000000,00000000,000000,0000,000,10000001,100001,10001,101,101,.,.,.,.,.,.,.,.,.,.,.,.,.,.,.,.,.,.,.,.,.,.,.,.,.,.,.,.,.,.,.,.,.,.,.,.,.,.,.,.,.,.,.,.,.,.,.,.,.,.
054,SS05,ãåç≤ï~í¨ç≤ï~,ìÏèÈç≤ï~,4,2,3,,ÇÇ»ÇË,wu_nai,wu_nai,w,u,n,a,-1,i,.,.,.,.,.,.,.,.,.,.,1,7,0,0,0,1,1,3,2,0,4,4,0,0,0,1,4,3,1,0,-1,-1,-1,-1,-1,1,1,1,1,0,.,.,.,.,.,.,.,.,.,.,.,.,.,.,.,.,.,.,.,.,.,.,.,.,.,.,.,.,.,.,.,.,.,.,.,.,.,.,.,.,.,.,.,.,.,.,.,.,.,.,10000000000000001,11000000,100001,1001,101,10000001,100001,10100,110,101,10000000000001000,10001000,100001,1001,101,10000001,101000,10100,101,101,00000000000000000,00000000,000000,0000,000,10000001,100001,10001,101,101,.,.,.,.,.,.,.,.,.,.,.,.,.,.,.,.,.,.,.,.,.,.,.,.,.,.,.,.,.,.,.,.,.,.,.,.,.,.,.,.,.,.,.,.,.,.,.,.,.,.
055,CN05,ãåímîOë∫ímîO,ìÏèÈímîO,4,2,3,,ÇÇ»ÇË,wu_nai,wu_nai,w,u,n,a,-1,i,.,.,.,.,.,.,.,.,.,.,1,7,0,0,0,1,1,3,2,0,4,4,0,0,0,1,4,3,1,0,-1,-1,-1,-1,-1,1,1,1,1,0,.,.,.,.,.,.,.,.,.,.,.,.,.,.,.,.,.,.,.,.,.,.,.,.,.,.,.,.,.,.,.,.,.,.,.,.,.,.,.,.,.,.,.,.,.,.,.,.,.,.,10000000000000001,11000000,100001,1001,101,10000001,100001,10100,110,101,10000000000001000,10001000,100001,1001,101,10000001,101000,10100,101,101,00000000000000000,00000000,000000,0000,000,10000001,100001,10001,101,101,.,.,.,.,.,.,.,.,.,.,.,.,.,.,.,.,.,.,.,.,.,.,.,.,.,.,.,.,.,.,.,.,.,.,.,.,.,.,.,.,.,.,.,.,.,.,.,.,.,.
056,CN08,ãåímîOë∫ãvçÇ,ìÏèÈãvçÇ,4,2,3,,ÇÇ»ÇË,_junai,junai,j,u,n,a,-1,i,.,.,.,.,.,.,.,.,.,.,7,7,0,0,0,1,1,3,2,0,4,4,0,0,0,1,4,3,1,0,-1,-1,-1,-1,-1,1,1,1,1,0,.,.,.,.,.,.,.,.,.,.,.,.,.,.,.,.,.,.,.,.,.,.,.,.,.,.,.,.,.,.,.,.,.,.,.,.,.,.,.,.,.,.,.,.,.,.,.,.,.,.,10000000001000000,11000000,100001,1001,101,10000001,100001,10100,110,101,10000000000001000,10001000,100001,1001,101,10000001,101000,10100,101,101,00000000000000000,00000000,000000,0000,000,10000001,100001,10001,101,101,.,.,.,.,.,.,.,.,.,.,.,.,.,.,.,.,.,.,.,.,.,.,.,.,.,.,.,.,.,.,.,.,.,.,.,.,.,.,.,.,.,.,.,.,.,.,.,.,.,.
057,TM03,ãåã èÈë∫ã èÈ,ìÏèÈã èÈ,4,2,3,,ÇÇ»ÇË,wu_nai,wu_nai,w,u,n,a,-1,i,.,.,.,.,.,.,.,.,.,.,1,7,0,0,0,1,1,3,2,0,4,4,0,0,0,1,4,3,1,0,-1,-1,-1,-1,-1,1,1,1,1,0,.,.,.,.,.,.,.,.,.,.,.,.,.,.,.,.,.,.,.,.,.,.,.,.,.,.,.,.,.,.,.,.,.,.,.,.,.,.,.,.,.,.,.,.,.,.,.,.,.,.,10000000000000001,11000000,100001,1001,101,10000001,100001,10100,110,101,10000000000001000,10001000,100001,1001,101,10000001,101000,10100,101,101,00000000000000000,00000000,000000,0000,000,10000001,100001,10001,101,101,.,.,.,.,.,.,.,.,.,.,.,.,.,.,.,.,.,.,.,.,.,.,.,.,.,.,.,.,.,.,.,.,.,.,.,.,.,.,.,.,.,.,.,.,.,.,.,.,.,.
058,TM07,ãåã èÈë∫éÖêî,ìÏèÈéÖêî,4,2,3,,ÇÇ»ÇË,wuna_i,wuna_i,w,u,n,a,-1,i,.,.,.,.,.,.,.,.,.,.,1,7,0,0,0,1,1,3,2,0,4,4,0,0,0,1,4,3,1,0,-1,-1,-1,-1,-1,1,1,1,1,0,.,.,.,.,.,.,.,.,.,.,.,.,.,.,.,.,.,.,.,.,.,.,.,.,.,.,.,.,.,.,.,.,.,.,.,.,.,.,.,.,.,.,.,.,.,.,.,.,.,.,10000000000000001,11000000,100001,1001,101,10000001,100001,10100,110,101,10000000000001000,10001000,100001,1001,101,10000001,101000,10100,101,101,00000000000000000,00000000,000000,0000,000,10000001,100001,10001,101,101,.,.,.,.,.,.,.,.,.,.,.,.,.,.,.,.,.,.,.,.,.,.,.,.,.,.,.,.,.,.,.,.,.,.,.,.,.,.,.,.,.,.,.,.,.,.,.,.,.,.
059,GC02,ãåãÔéuì™ë∫ãÔéuì™,î™èdãÔéuì™,4,2,3,,ÇÇ»ÇË,wu_nai,wu_nai,w,u,n,a,-1,i,.,.,.,.,.,.,.,.,.,.,1,7,0,0,0,1,1,3,2,0,4,4,0,0,0,1,4,3,1,0,-1,-1,-1,-1,-1,1,1,1,1,0,.,.,.,.,.,.,.,.,.,.,.,.,.,.,.,.,.,.,.,.,.,.,.,.,.,.,.,.,.,.,.,.,.,.,.,.,.,.,.,.,.,.,.,.,.,.,.,.,.,.,10000000000000001,11000000,100001,1001,101,10000001,100001,10100,110,101,10000000000001000,10001000,100001,1001,101,10000001,101000,10100,101,101,00000000000000000,00000000,000000,0000,000,10000001,100001,10001,101,101,.,.,.,.,.,.,.,.,.,.,.,.,.,.,.,.,.,.,.,.,.,.,.,.,.,.,.,.,.,.,.,.,.,.,.,.,.,.,.,.,.,.,.,.,.,.,.,.,.,.
060,KD02,ãåìåïóïΩí¨óFäÒ,î™èdóFäÒ,4,2,3,,ÇÇ»ÇË,wuna_i,wuna_i,w,u,n,a,-1,i,.,.,.,.,.,.,.,.,.,.,1,7,0,0,0,1,1,3,2,0,4,4,0,0,0,1,4,3,1,0,-1,-1,-1,-1,-1,1,1,1,1,0,.,.,.,.,.,.,.,.,.,.,.,.,.,.,.,.,.,.,.,.,.,.,.,.,.,.,.,.,.,.,.,.,.,.,.,.,.,.,.,.,.,.,.,.,.,.,.,.,.,.,10000000000000001,11000000,100001,1001,101,10000001,100001,10100,110,101,10000000000001000,10001000,100001,1001,101,10000001,101000,10100,101,101,00000000000000000,00000000,000000,0000,000,10000001,100001,10001,101,101,.,.,.,.,.,.,.,.,.,.,.,.,.,.,.,.,.,.,.,.,.,.,.,.,.,.,.,.,.,.,.,.,.,.,.,.,.,.,.,.,.,.,.,.,.,.,.,.,.,.
061,MN03,éÖñûésïƒê{,éÖñûïƒê{,4,2,3,,ÇÇ»ÇË,wu_na_i,wu_na_i,w,u,n,a,-1,i,.,.,.,.,.,.,.,.,.,.,1,7,0,0,0,1,1,3,2,0,4,4,0,0,0,1,4,3,1,0,-1,-1,-1,-1,-1,1,1,1,1,0,.,.,.,.,.,.,.,.,.,.,.,.,.,.,.,.,.,.,.,.,.,.,.,.,.,.,.,.,.,.,.,.,.,.,.,.,.,.,.,.,.,.,.,.,.,.,.,.,.,.,10000000000000001,11000000,100001,1001,101,10000001,100001,10100,110,101,10000000000001000,10001000,100001,1001,101,10000001,101000,10100,101,101,00000000000000000,00000000,000000,0000,000,10000001,100001,10001,101,101,.,.,.,.,.,.,.,.,.,.,.,.,.,.,.,.,.,.,.,.,.,.,.,.,.,.,.,.,.,.,.,.,.,.,.,.,.,.,.,.,.,.,.,.,.,.,.,.,.,.
062,KY02,éÖñûésäÏâÆïê,éÖñûäÏâÆïê,4,2,3,,ÇÇ»ÇË,_unai,_unai,-1,u,n,a,-1,i,.,.,.,.,.,.,.,.,.,.,-1,-1,-1,-1,-1,1,1,3,2,0,4,4,0,0,0,1,4,3,1,0,-1,-1,-1,-1,-1,1,1,1,1,0,.,.,.,.,.,.,.,.,.,.,.,.,.,.,.,.,.,.,.,.,.,.,.,.,.,.,.,.,.,.,.,.,.,.,.,.,.,.,.,.,.,.,.,.,.,.,.,.,.,.,00000000000000000,00000000,000000,0000,000,10000001,100001,10100,110,101,10000000000001000,10001000,100001,1001,101,10000001,101000,10100,101,101,00000000000000000,00000000,000000,0000,000,10000001,100001,10001,101,101,.,.,.,.,.,.,.,.,.,.,.,.,.,.,.,.,.,.,.,.,.,.,.,.,.,.,.,.,.,.,.,.,.,.,.,.,.,.,.,.,.,.,.,.,.,.,.,.,.,.
063,MK07,éÖñûésê^ï«,éÖñûê^ï«,4,2,3,,ÇÇ»ÇË,wuna_i,wuna_i,w,u,n,a,-1,i,.,.,.,.,.,.,.,.,.,.,1,7,0,0,0,1,1,3,2,0,4,4,0,0,0,1,4,3,1,0,-1,-1,-1,-1,-1,1,1,1,1,0,.,.,.,.,.,.,.,.,.,.,.,.,.,.,.,.,.,.,.,.,.,.,.,.,.,.,.,.,.,.,.,.,.,.,.,.,.,.,.,.,.,.,.,.,.,.,.,.,.,.,10000000000000001,11000000,100001,1001,101,10000001,100001,10100,110,101,10000000000001000,10001000,100001,1001,101,10000001,101000,10100,101,101,00000000000000000,00000000,000000,0000,000,10000001,100001,10001,101,101,.,.,.,.,.,.,.,.,.,.,.,.,.,.,.,.,.,.,.,.,.,.,.,.,.,.,.,.,.,.,.,.,.,.,.,.,.,.,.,.,.,.,.,.,.,.,.,.,.,.
064,TK04,éÖñûésçëãg,éÖñûçëãg,4,2,3,,ÇÇ»ÇË,una_i,una_i,-1,u,n,a,-1,i,.,.,.,.,.,.,.,.,.,.,-1,-1,-1,-1,-1,1,1,3,2,0,4,4,0,0,0,1,4,3,1,0,-1,-1,-1,-1,-1,1,1,1,1,0,.,.,.,.,.,.,.,.,.,.,.,.,.,.,.,.,.,.,.,.,.,.,.,.,.,.,.,.,.,.,.,.,.,.,.,.,.,.,.,.,.,.,.,.,.,.,.,.,.,.,00000000000000000,00000000,000000,0000,000,10000001,100001,10100,110,101,10000000000001000,10001000,100001,1001,101,10000001,101000,10100,101,101,00000000000000000,00000000,000000,0000,000,10000001,100001,10001,101,101,.,.,.,.,.,.,.,.,.,.,.,.,.,.,.,.,.,.,.,.,.,.,.,.,.,.,.,.,.,.,.,.,.,.,.,.,.,.,.,.,.,.,.,.,.,.,.,.,.,.
065,KN07,éÖñûésåìèÈ,éÖñûåìèÈ,4,2,3,,ÇÇ»ÇË,_une__,_une__,?,u,n,e,-1,e,.,.,.,.,.,.,.,.,.,.,1,1,0,0,1,1,1,3,2,0,4,4,0,0,0,1,5,1,1,0,-1,-1,-1,-1,-1,1,5,1,1,0,.,.,.,.,.,.,.,.,.,.,.,.,.,.,.,.,.,.,.,.,.,.,.,.,.,.,.,.,.,.,.,.,.,.,.,.,.,.,.,.,.,.,.,.,.,.,.,.,.,.,10000000000000001,10000001,100001,1001,110,10000001,100001,10100,110,101,10000000000001000,10001000,100001,1001,101,10000001,110000,10001,101,101,00000000000000000,00000000,000000,0000,000,10000001,110000,10001,101,101,.,.,.,.,.,.,.,.,.,.,.,.,.,.,.,.,.,.,.,.,.,.,.,.,.,.,.,.,.,.,.,.,.,.,.,.,.,.,.,.,.,.,.,.,.,.,.,.,.,.
066,TG17,ñLå©èÈë∫ï€âhñŒ,ñLå©ï€âhñŒ,4,2,3,,ÇÇ»ÇË,_wu_nai,_wu_nai,w,u,n,a,-1,i,.,.,.,.,.,.,.,.,.,.,1,7,0,0,0,1,1,3,2,0,4,4,0,0,0,1,4,3,1,0,-1,-1,-1,-1,-1,1,1,1,1,0,.,.,.,.,.,.,.,.,.,.,.,.,.,.,.,.,.,.,.,.,.,.,.,.,.,.,.,.,.,.,.,.,.,.,.,.,.,.,.,.,.,.,.,.,.,.,.,.,.,.,10000000000000001,11000000,100001,1001,101,10000001,100001,10100,110,101,10000000000001000,10001000,100001,1001,101,10000001,101000,10100,101,101,00000000000000000,00000000,000000,0000,000,10000001,100001,10001,101,101,.,.,.,.,.,.,.,.,.,.,.,.,.,.,.,.,.,.,.,.,.,.,.,.,.,.,.,.,.,.,.,.,.,.,.,.,.,.,.,.,.,.,.,.,.,.,.,.,.,.
067,OR02,ìﬂîeésè¨ò\à¿éüó‰,ìﬂîeà¿éüó‰,4,2,3,,ÇÇ»ÇË,wunai/jinagu_o_de_,wunai,w,u,n,a,-1,i,.,.,.,.,.,.,.,.,.,.,1,7,0,0,0,1,1,3,2,0,4,4,0,0,0,1,4,3,1,0,-1,-1,-1,-1,-1,1,1,1,1,0,.,.,.,.,.,.,.,.,.,.,.,.,.,.,.,.,.,.,.,.,.,.,.,.,.,.,.,.,.,.,.,.,.,.,.,.,.,.,.,.,.,.,.,.,.,.,.,.,.,.,10000000000000001,11000000,100001,1001,101,10000001,100001,10100,110,101,10000000000001000,10001000,100001,1001,101,10000001,101000,10100,101,101,00000000000000000,00000000,000000,0000,000,10000001,100001,10001,101,101,.,.,.,.,.,.,.,.,.,.,.,.,.,.,.,.,.,.,.,.,.,.,.,.,.,.,.,.,.,.,.,.,.,.,.,.,.,.,.,.,.,.,.,.,.,.,.,.,.,.
068,TO02,ìnâ√ï~ë∫à¢îgòA,ìnâ√à¢îgòA,4,2,3,,ÇÇ»ÇË,wu_nai,wu_nai,w,u,n,a,-1,i,.,.,.,.,.,.,.,.,.,.,1,7,0,0,0,1,1,3,2,0,4,4,0,0,0,1,4,3,1,0,-1,-1,-1,-1,-1,1,1,1,1,0,.,.,.,.,.,.,.,.,.,.,.,.,.,.,.,.,.,.,.,.,.,.,.,.,.,.,.,.,.,.,.,.,.,.,.,.,.,.,.,.,.,.,.,.,.,.,.,.,.,.,10000000000000001,11000000,100001,1001,101,10000001,100001,10100,110,101,10000000000001000,10001000,100001,1001,101,10000001,101000,10100,101,101,00000000000000000,00000000,000000,0000,000,10000001,100001,10001,101,101,.,.,.,.,.,.,.,.,.,.,.,.,.,.,.,.,.,.,.,.,.,.,.,.,.,.,.,.,.,.,.,.,.,.,.,.,.,.,.,.,.,.,.,.,.,.,.,.,.,.
069,ZM04,ç¿ä‘ñ°ë∫à¢â√,ç¿ä‘à¢â√,4,2,3,,ÇÇ»ÇË,_wunai,_wunai,w,u,n,a,-1,i,.,.,.,.,.,.,.,.,.,.,1,7,0,0,0,1,1,3,2,0,4,4,0,0,0,1,4,3,1,0,-1,-1,-1,-1,-1,1,1,1,1,0,.,.,.,.,.,.,.,.,.,.,.,.,.,.,.,.,.,.,.,.,.,.,.,.,.,.,.,.,.,.,.,.,.,.,.,.,.,.,.,.,.,.,.,.,.,.,.,.,.,.,10000000000000001,11000000,100001,1001,101,10000001,100001,10100,110,101,10000000000001000,10001000,100001,1001,101,10000001,101000,10100,101,101,00000000000000000,00000000,000000,0000,000,10000001,100001,10001,101,101,.,.,.,.,.,.,.,.,.,.,.,.,.,.,.,.,.,.,.,.,.,.,.,.,.,.,.,.,.,.,.,.,.,.,.,.,.,.,.,.,.,.,.,.,.,.,.,.,.,.
070,AG01,àæçëë∫àæçëïl,àæçëïl,4,2,3,,ÇÇ»ÇË,c_i_nai,c_i_nai,hj,i,n,a,-1,i,.,.,.,.,.,.,.,.,.,.,7,3,0,0,1,1,1,1,1,0,4,4,0,0,0,1,4,3,1,0,-1,-1,-1,-1,-1,1,1,1,1,0,.,.,.,.,.,.,.,.,.,.,.,.,.,.,.,.,.,.,.,.,.,.,.,.,.,.,.,.,.,.,.,.,.,.,.,.,.,.,.,.,.,.,.,.,.,.,.,.,.,.,10000000001000000,10000100,100001,1001,110,10000001,100001,10001,101,101,10000000000001000,10001000,100001,1001,101,10000001,101000,10100,101,101,00000000000000000,00000000,000000,0000,000,10000001,100001,10001,101,101,.,.,.,.,.,.,.,.,.,.,.,.,.,.,.,.,.,.,.,.,.,.,.,.,.,.,.,.,.,.,.,.,.,.,.,.,.,.,.,.,.,.,.,.,.,.,.,.,.,.
071,TN01,ìnñºäÏë∫ìnñºäÏêº,ìnñºäÏêº,4,2,3,,ÇÇ»ÇË,_u_nai,_u_nai,-1,u,n,a,-1,i,.,.,.,.,.,.,.,.,.,.,-1,-1,-1,-1,-1,1,1,3,2,0,4,4,0,0,0,1,4,3,1,0,-1,-1,-1,-1,-1,1,1,1,1,0,.,.,.,.,.,.,.,.,.,.,.,.,.,.,.,.,.,.,.,.,.,.,.,.,.,.,.,.,.,.,.,.,.,.,.,.,.,.,.,.,.,.,.,.,.,.,.,.,.,.,00000000000000000,00000000,000000,0000,000,10000001,100001,10100,110,101,10000000000001000,10001000,100001,1001,101,10000001,101000,10100,101,101,00000000000000000,00000000,000000,0000,000,10000001,100001,10001,101,101,.,.,.,.,.,.,.,.,.,.,.,.,.,.,.,.,.,.,.,.,.,.,.,.,.,.,.,.,.,.,.,.,.,.,.,.,.,.,.,.,.,.,.,.,.,.,.,.,.,.
072,NA04,ãåíáó¢ë∫ê^é”,ãvïƒê^é”,4,2,3,,ÇÇ»ÇË,_una_i,_una_i,?,u,n,a,-1,i,.,.,.,.,.,.,.,.,.,.,1,1,0,0,1,1,1,3,2,0,4,4,0,0,0,1,4,3,1,0,-1,-1,-1,-1,-1,1,1,1,1,0,.,.,.,.,.,.,.,.,.,.,.,.,.,.,.,.,.,.,.,.,.,.,.,.,.,.,.,.,.,.,.,.,.,.,.,.,.,.,.,.,.,.,.,.,.,.,.,.,.,.,10000000000000001,10000001,100001,1001,110,10000001,100001,10100,110,101,10000000000001000,10001000,100001,1001,101,10000001,101000,10100,101,101,00000000000000000,00000000,000000,0000,000,10000001,100001,10001,101,101,.,.,.,.,.,.,.,.,.,.,.,.,.,.,.,.,.,.,.,.,.,.,.,.,.,.,.,.,.,.,.,.,.,.,.,.,.,.,.,.,.,.,.,.,.,.,.,.,.,.
073,KG03,ãåãÔéuêÏë∫åìèÈ,ãvïƒåìèÈ,4,2,3,,ÇÇ»ÇË,_unai,_unai,-1,u,n,a,-1,i,.,.,.,.,.,.,.,.,.,.,-1,-1,-1,-1,-1,1,1,3,2,0,4,4,0,0,0,1,4,3,1,0,-1,-1,-1,-1,-1,1,1,1,1,0,.,.,.,.,.,.,.,.,.,.,.,.,.,.,.,.,.,.,.,.,.,.,.,.,.,.,.,.,.,.,.,.,.,.,.,.,.,.,.,.,.,.,.,.,.,.,.,.,.,.,00000000000000000,00000000,000000,0000,000,10000001,100001,10100,110,101,10000000000001000,10001000,100001,1001,101,10000001,101000,10100,101,101,00000000000000000,00000000,000000,0000,000,10000001,100001,10001,101,101,.,.,.,.,.,.,.,.,.,.,.,.,.,.,.,.,.,.,.,.,.,.,.,.,.,.,.,.,.,.,.,.,.,.,.,.,.,.,.,.,.,.,.,.,.,.,.,.,.,.
074,HR03,ã{å√ìáésírä‘,ã{å√írä‘,-9,-9,-9,,-9,midum_wutu_a,-9,-9,-9,-9,-9,-9,-9,.,.,.,.,.,.,.,.,.,.,-9,-9,-9,-9,-9,-9,-9,-9,-9,-9,-9,-9,-9,-9,-9,-9,-9,-9,-9,-9,-9,-9,-9,-9,-9,-9,-9,-9,-9,-9,.,.,.,.,.,.,.,.,.,.,.,.,.,.,.,.,.,.,.,.,.,.,.,.,.,.,.,.,.,.,.,.,.,.,.,.,.,.,.,.,.,.,.,.,.,.,.,.,.,.,?????????????????,????????,??????,????,???,????????,??????,?????,???,???,?????????????????,????????,??????,????,???,????????,??????,?????,???,???,?????????????????,????????,??????,????,???,????????,??????,?????,???,???,.,.,.,.,.,.,.,.,.,.,.,.,.,.,.,.,.,.,.,.,.,.,.,.,.,.,.,.,.,.,.,.,.,.,.,.,.,.,.,.,.,.,.,.,.,.,.,.,.,.
075,HR05,ã{å√ìáésëÂê_,ã{å√ëÂê_,4,2,3,,ÇÇ»ÇË,puna_,puna_,p,u,n,a,-1,y,.,.,.,.,.,.,.,.,.,.,1,1,0,0,1,1,1,3,2,0,4,4,0,0,0,1,4,3,1,0,-1,-1,-1,-1,-1,1,1,4,1,0,.,.,.,.,.,.,.,.,.,.,.,.,.,.,.,.,.,.,.,.,.,.,.,.,.,.,.,.,.,.,.,.,.,.,.,.,.,.,.,.,.,.,.,.,.,.,.,.,.,.,10000000000000001,10000001,100001,1001,110,10000001,100001,10100,110,101,10000000000001000,10001000,100001,1001,101,10000001,101000,10100,101,101,00000000000000000,00000000,000000,0000,000,10000001,100001,11000,101,101,.,.,.,.,.,.,.,.,.,.,.,.,.,.,.,.,.,.,.,.,.,.,.,.,.,.,.,.,.,.,.,.,.,.,.,.,.,.,.,.,.,.,.,.,.,.,.,.,.,.
076,HR06,ã{å√ìáésïΩó«éÎñì,ã{å√éÎñì,4,2,3,,ÇÇ»ÇË,buna_,buna_,b,u,n,a,-1,y,.,.,.,.,.,.,.,.,.,.,1,1,0,0,0,1,1,3,2,0,4,4,0,0,0,1,4,3,1,0,-1,-1,-1,-1,-1,1,1,4,1,0,.,.,.,.,.,.,.,.,.,.,.,.,.,.,.,.,.,.,.,.,.,.,.,.,.,.,.,.,.,.,.,.,.,.,.,.,.,.,.,.,.,.,.,.,.,.,.,.,.,.,10000000000000001,10000001,100001,1001,101,10000001,100001,10100,110,101,10000000000001000,10001000,100001,1001,101,10000001,101000,10100,101,101,00000000000000000,00000000,000000,0000,000,10000001,100001,11000,101,101,.,.,.,.,.,.,.,.,.,.,.,.,.,.,.,.,.,.,.,.,.,.,.,.,.,.,.,.,.,.,.,.,.,.,.,.,.,.,.,.,.,.,.,.,.,.,.,.,.,.
077,HR12,ã{å√ìáésïΩó«ìåíáè@ç™,ã{å√ìåíáè@,4,2,3,,ÇÇ»ÇË,buna_,buna_,b,u,n,a,-1,y,.,.,.,.,.,.,.,.,.,.,1,1,0,0,0,1,1,3,2,0,4,4,0,0,0,1,4,3,1,0,-1,-1,-1,-1,-1,1,1,4,1,0,.,.,.,.,.,.,.,.,.,.,.,.,.,.,.,.,.,.,.,.,.,.,.,.,.,.,.,.,.,.,.,.,.,.,.,.,.,.,.,.,.,.,.,.,.,.,.,.,.,.,10000000000000001,10000001,100001,1001,101,10000001,100001,10100,110,101,10000000000001000,10001000,100001,1001,101,10000001,101000,10100,101,101,00000000000000000,00000000,000000,0000,000,10000001,100001,11000,101,101,.,.,.,.,.,.,.,.,.,.,.,.,.,.,.,.,.,.,.,.,.,.,.,.,.,.,.,.,.,.,.,.,.,.,.,.,.,.,.,.,.,.,.,.,.,.,.,.,.,.
078,SZ04,ã{å√ìáésâ∫ínó^ìﬂîe,ã{å√ó^ìﬂîe,4,2,3,,ÇÇ»ÇË,buna_,buna_,b,u,n,a,-1,y,.,.,.,.,.,.,.,.,.,.,1,1,0,0,0,1,1,3,2,0,4,4,0,0,0,1,4,3,1,0,-1,-1,-1,-1,-1,1,1,4,1,0,.,.,.,.,.,.,.,.,.,.,.,.,.,.,.,.,.,.,.,.,.,.,.,.,.,.,.,.,.,.,.,.,.,.,.,.,.,.,.,.,.,.,.,.,.,.,.,.,.,.,10000000000000001,10000001,100001,1001,101,10000001,100001,10100,110,101,10000000000001000,10001000,100001,1001,101,10000001,101000,10100,101,101,00000000000000000,00000000,000000,0000,000,10000001,100001,11000,101,101,.,.,.,.,.,.,.,.,.,.,.,.,.,.,.,.,.,.,.,.,.,.,.,.,.,.,.,.,.,.,.,.,.,.,.,.,.,.,.,.,.,.,.,.,.,.,.,.,.,.
079,SG16,ã{å√ìáésè„ñÏã{çë,ã{å√ã{çë,4,2,3,,ÇÇ»ÇË,bu_na_kjo:da_i,bu_na_kjo:da_i,b,u,n,a,-1,y,.,.,.,.,.,.,.,.,.,.,1,1,0,0,0,1,1,3,2,0,4,4,0,0,0,1,4,3,1,0,-1,-1,-1,-1,-1,1,1,4,1,0,.,.,.,.,.,.,.,.,.,.,.,.,.,.,.,.,.,.,.,.,.,.,.,.,.,.,.,.,.,.,.,.,.,.,.,.,.,.,.,.,.,.,.,.,.,.,.,.,.,.,10000000000000001,10000001,100001,1001,101,10000001,100001,10100,110,101,10000000000001000,10001000,100001,1001,101,10000001,101000,10100,101,101,00000000000000000,00000000,000000,0000,000,10000001,100001,11000,101,101,.,.,.,.,.,.,.,.,.,.,.,.,.,.,.,.,.,.,.,.,.,.,.,.,.,.,.,.,.,.,.,.,.,.,.,.,.,.,.,.,.,.,.,.,.,.,.,.,.,.
080,SG04,ã{å√ìáésà…ó«ïîà…ó«ïî,ã{å√à…ó«ïî,4,2,3,,ÇÇ»ÇË,b_na_,b_na_,b,u,n,a,l,-1,.,.,.,.,.,.,.,.,.,.,1,1,0,0,0,1,1,3,2,0,4,4,0,0,0,1,4,3,1,0,7,1,0,0,1,-1,-1,-1,-1,-1,.,.,.,.,.,.,.,.,.,.,.,.,.,.,.,.,.,.,.,.,.,.,.,.,.,.,.,.,.,.,.,.,.,.,.,.,.,.,.,.,.,.,.,.,.,.,.,.,.,.,10000000000000001,10000001,100001,1001,101,10000001,100001,10100,110,101,10000000000001000,10001000,100001,1001,101,10000001,101000,10100,101,101,10000000001000000,10000001,100001,1001,110,00000000,000000,00000,000,000,.,.,.,.,.,.,.,.,.,.,.,.,.,.,.,.,.,.,.,.,.,.,.,.,.,.,.,.,.,.,.,.,.,.,.,.,.,.,.,.,.,.,.,.,.,.,.,.,.,.
081,TR03,ëΩó«ä‘ë∫íáãÿ,ëΩó«ä‘íáãÿ,4,2,3,,ÇÇ»ÇË,buna_/buna_,buna_,b,u,n,a,l,-1,.,.,.,.,.,.,.,.,.,.,1,1,0,0,0,1,1,3,2,0,4,4,0,0,0,1,4,3,1,0,7,1,0,0,1,-1,-1,-1,-1,-1,.,.,.,.,.,.,.,.,.,.,.,.,.,.,.,.,.,.,.,.,.,.,.,.,.,.,.,.,.,.,.,.,.,.,.,.,.,.,.,.,.,.,.,.,.,.,.,.,.,.,10000000000000001,10000001,100001,1001,101,10000001,100001,10100,110,101,10000000000001000,10001000,100001,1001,101,10000001,101000,10100,101,101,10000000001000000,10000001,100001,1001,110,00000000,000000,00000,000,000,.,.,.,.,.,.,.,.,.,.,.,.,.,.,.,.,.,.,.,.,.,.,.,.,.,.,.,.,.,.,.,.,.,.,.,.,.,.,.,.,.,.,.,.,.,.,.,.,.,.
082,OH05,êŒä_ésìoñÏèÈ,êŒä_ìoñÏèÈ,7,3,3,,ÇÇ»ÇË,bunar_,bunar_,b,u,n,a,r,y,.,.,.,.,.,.,.,.,.,.,1,1,0,0,0,1,1,3,2,0,4,4,0,0,0,1,4,3,1,0,4,5,0,0,0,1,1,4,1,0,.,.,.,.,.,.,.,.,.,.,.,.,.,.,.,.,.,.,.,.,.,.,.,.,.,.,.,.,.,.,.,.,.,.,.,.,.,.,.,.,.,.,.,.,.,.,.,.,.,.,10000000000000001,10000001,100001,1001,101,10000001,100001,10100,110,101,10000000000001000,10001000,100001,1001,101,10000001,101000,10100,101,101,10000000000001000,10010000,100001,1001,101,10000001,100001,11000,101,101,.,.,.,.,.,.,.,.,.,.,.,.,.,.,.,.,.,.,.,.,.,.,.,.,.,.,.,.,.,.,.,.,.,.,.,.,.,.,.,.,.,.,.,.,.,.,.,.,.,.
083,OH02,êŒä_ésëÂïl,êŒä_ëÂïl,7,3,3,,ÇÇ»ÇË,buna_r_,buna_r_,b,u,n,a,r,y,.,.,.,.,.,.,.,.,.,.,1,1,0,0,0,1,1,3,2,0,4,4,0,0,0,1,4,3,1,0,4,5,0,0,0,1,1,4,1,0,.,.,.,.,.,.,.,.,.,.,.,.,.,.,.,.,.,.,.,.,.,.,.,.,.,.,.,.,.,.,.,.,.,.,.,.,.,.,.,.,.,.,.,.,.,.,.,.,.,.,10000000000000001,10000001,100001,1001,101,10000001,100001,10100,110,101,10000000000001000,10001000,100001,1001,101,10000001,101000,10100,101,101,10000000000001000,10010000,100001,1001,101,10000001,100001,11000,101,101,.,.,.,.,.,.,.,.,.,.,.,.,.,.,.,.,.,.,.,.,.,.,.,.,.,.,.,.,.,.,.,.,.,.,.,.,.,.,.,.,.,.,.,.,.,.,.,.,.,.
084,MR06,êŒä_ésã{ó«,êŒä_ã{ó«,7,3,3,,ÇÇ»ÇË,bunaru,bunaru,b,u,n,a,r,u,.,.,.,.,.,.,.,.,.,.,1,1,0,0,0,1,1,3,2,0,4,4,0,0,0,1,4,3,1,0,4,5,0,0,0,1,1,3,2,0,.,.,.,.,.,.,.,.,.,.,.,.,.,.,.,.,.,.,.,.,.,.,.,.,.,.,.,.,.,.,.,.,.,.,.,.,.,.,.,.,.,.,.,.,.,.,.,.,.,.,10000000000000001,10000001,100001,1001,101,10000001,100001,10100,110,101,10000000000001000,10001000,100001,1001,101,10000001,101000,10100,101,101,10000000000001000,10010000,100001,1001,101,10000001,100001,10100,110,101,.,.,.,.,.,.,.,.,.,.,.,.,.,.,.,.,.,.,.,.,.,.,.,.,.,.,.,.,.,.,.,.,.,.,.,.,.,.,.,.,.,.,.,.,.,.,.,.,.,.
085,MR02,êŒä_ésïΩãvï€,êŒä_ïΩãvï€,7,3,3,,ÇÇ»ÇË,bu_na_r(_),bu_na_r(_),b,u,n,a,r,y,.,.,.,.,.,.,.,.,.,.,1,1,0,0,0,1,1,3,2,0,4,4,0,0,0,1,4,3,1,0,4,5,0,0,0,1,1,4,1,0,.,.,.,.,.,.,.,.,.,.,.,.,.,.,.,.,.,.,.,.,.,.,.,.,.,.,.,.,.,.,.,.,.,.,.,.,.,.,.,.,.,.,.,.,.,.,.,.,.,.,10000000000000001,10000001,100001,1001,101,10000001,100001,10100,110,101,10000000000001000,10001000,100001,1001,101,10000001,101000,10100,101,101,10000000000001000,10010000,100001,1001,101,10000001,100001,11000,101,101,.,.,.,.,.,.,.,.,.,.,.,.,.,.,.,.,.,.,.,.,.,.,.,.,.,.,.,.,.,.,.,.,.,.,.,.,.,.,.,.,.,.,.,.,.,.,.,.,.,.
086,IG15,êŒä_ésïxñÏ,êŒä_ïxñÏ,7,3,3,,ÇÇ»ÇË,bu_nar_,bu_nar_,b,u,n,a,r,y,.,.,.,.,.,.,.,.,.,.,1,1,0,0,0,1,1,3,2,0,4,4,0,0,0,1,4,3,1,0,4,5,0,0,0,1,1,4,1,0,.,.,.,.,.,.,.,.,.,.,.,.,.,.,.,.,.,.,.,.,.,.,.,.,.,.,.,.,.,.,.,.,.,.,.,.,.,.,.,.,.,.,.,.,.,.,.,.,.,.,10000000000000001,10000001,100001,1001,101,10000001,100001,10100,110,101,10000000000001000,10001000,100001,1001,101,10000001,101000,10100,101,101,10000000000001000,10010000,100001,1001,101,10000001,100001,11000,101,101,.,.,.,.,.,.,.,.,.,.,.,.,.,.,.,.,.,.,.,.,.,.,.,.,.,.,.,.,.,.,.,.,.,.,.,.,.,.,.,.,.,.,.,.,.,.,.,.,.,.
087,IG08,í|ïxí¨í|ïx,í|ïxí|ïx,7,3,3,,ÇÇ»ÇË,bunaru,bunaru,b,u,n,a,r,u,.,.,.,.,.,.,.,.,.,.,1,1,0,0,0,1,1,3,2,0,4,4,0,0,0,1,4,3,1,0,4,5,0,0,0,1,1,3,2,0,.,.,.,.,.,.,.,.,.,.,.,.,.,.,.,.,.,.,.,.,.,.,.,.,.,.,.,.,.,.,.,.,.,.,.,.,.,.,.,.,.,.,.,.,.,.,.,.,.,.,10000000000000001,10000001,100001,1001,101,10000001,100001,10100,110,101,10000000000001000,10001000,100001,1001,101,10000001,101000,10100,101,101,10000000000001000,10010000,100001,1001,101,10000001,100001,10100,110,101,.,.,.,.,.,.,.,.,.,.,.,.,.,.,.,.,.,.,.,.,.,.,.,.,.,.,.,.,.,.,.,.,.,.,.,.,.,.,.,.,.,.,.,.,.,.,.,.,.,.
088,IG10,í|ïxí¨çïìá,í|ïxçïìá,7,3,3,,ÇÇ»ÇË,bunar_,bunar_,b,u,n,a,r,-1,.,.,.,.,.,.,.,.,.,.,1,1,0,0,0,1,1,3,2,0,4,4,0,0,0,1,4,3,1,0,4,5,0,0,0,-1,-1,-1,-1,-1,.,.,.,.,.,.,.,.,.,.,.,.,.,.,.,.,.,.,.,.,.,.,.,.,.,.,.,.,.,.,.,.,.,.,.,.,.,.,.,.,.,.,.,.,.,.,.,.,.,.,10000000000000001,10000001,100001,1001,101,10000001,100001,10100,110,101,10000000000001000,10001000,100001,1001,101,10000001,101000,10100,101,101,10000000000001000,10010000,100001,1001,101,00000000,000000,00000,000,000,.,.,.,.,.,.,.,.,.,.,.,.,.,.,.,.,.,.,.,.,.,.,.,.,.,.,.,.,.,.,.,.,.,.,.,.,.,.,.,.,.,.,.,.,.,.,.,.,.,.
089,IG09,í|ïxí¨è¨ïl,í|ïxè¨ïl,7,3,3,,ÇÇ»ÇË,bu_naru,bu_naru,b,u,n,a,r,u,.,.,.,.,.,.,.,.,.,.,1,1,0,0,0,1,1,3,2,0,4,4,0,0,0,1,4,3,1,0,4,5,0,0,0,1,1,3,2,0,.,.,.,.,.,.,.,.,.,.,.,.,.,.,.,.,.,.,.,.,.,.,.,.,.,.,.,.,.,.,.,.,.,.,.,.,.,.,.,.,.,.,.,.,.,.,.,.,.,.,10000000000000001,10000001,100001,1001,101,10000001,100001,10100,110,101,10000000000001000,10001000,100001,1001,101,10000001,101000,10100,101,101,10000000000001000,10010000,100001,1001,101,10000001,100001,10100,110,101,.,.,.,.,.,.,.,.,.,.,.,.,.,.,.,.,.,.,.,.,.,.,.,.,.,.,.,.,.,.,.,.,.,.,.,.,.,.,.,.,.,.,.,.,.,.,.,.,.,.
090,MR08,í|ïxí¨å√å©,êºï\å√å©,7,3,3,,ÇÇ»ÇË,bunar_,bunar_,b,u,n,a,r,u,.,.,.,.,.,.,.,.,.,.,1,1,0,0,0,1,1,3,2,0,4,4,0,0,0,1,4,3,1,0,4,5,0,0,0,1,1,3,2,0,.,.,.,.,.,.,.,.,.,.,.,.,.,.,.,.,.,.,.,.,.,.,.,.,.,.,.,.,.,.,.,.,.,.,.,.,.,.,.,.,.,.,.,.,.,.,.,.,.,.,10000000000000001,10000001,100001,1001,101,10000001,100001,10100,110,101,10000000000001000,10001000,100001,1001,101,10000001,101000,10100,101,101,10000000000001000,10010000,100001,1001,101,10000001,100001,10100,110,101,.,.,.,.,.,.,.,.,.,.,.,.,.,.,.,.,.,.,.,.,.,.,.,.,.,.,.,.,.,.,.,.,.,.,.,.,.,.,.,.,.,.,.,.,.,.,.,.,.,.
091,OH06,í|ïxí¨ä±óß,êºï\ä±óß,7,3,3,,ÇÇ»ÇË,_buna_ri,_buna_ri,b,u,n,a,r,i,.,.,.,.,.,.,.,.,.,.,1,1,0,0,0,1,1,3,2,0,4,4,0,0,0,1,4,3,1,0,4,5,0,0,0,1,1,1,1,0,.,.,.,.,.,.,.,.,.,.,.,.,.,.,.,.,.,.,.,.,.,.,.,.,.,.,.,.,.,.,.,.,.,.,.,.,.,.,.,.,.,.,.,.,.,.,.,.,.,.,10000000000000001,10000001,100001,1001,101,10000001,100001,10100,110,101,10000000000001000,10001000,100001,1001,101,10000001,101000,10100,101,101,10000000000001000,10010000,100001,1001,101,10000001,100001,10001,101,101,.,.,.,.,.,.,.,.,.,.,.,.,.,.,.,.,.,.,.,.,.,.,.,.,.,.,.,.,.,.,.,.,.,.,.,.,.,.,.,.,.,.,.,.,.,.,.,.,.,.
092,IG12,í|ïxí¨â∫ín,êVèÈâ∫ín,7,3,3,,ÇÇ»ÇË,buna_r_,buna_r_,b,u,n,a,r,y,.,.,.,.,.,.,.,.,.,.,1,1,0,0,0,1,1,3,2,0,4,4,0,0,0,1,4,3,1,0,4,5,0,0,0,1,1,4,1,0,.,.,.,.,.,.,.,.,.,.,.,.,.,.,.,.,.,.,.,.,.,.,.,.,.,.,.,.,.,.,.,.,.,.,.,.,.,.,.,.,.,.,.,.,.,.,.,.,.,.,10000000000000001,10000001,100001,1001,101,10000001,100001,10100,110,101,10000000000001000,10001000,100001,1001,101,10000001,101000,10100,101,101,10000000000001000,10010000,100001,1001,101,10000001,100001,11000,101,101,.,.,.,.,.,.,.,.,.,.,.,.,.,.,.,.,.,.,.,.,.,.,.,.,.,.,.,.,.,.,.,.,.,.,.,.,.,.,.,.,.,.,.,.,.,.,.,.,.,.
093,OH13,í|ïxí¨ñºêŒ,îgè∆ä‘ñºêŒ,7,3,3,,ÇÇ»ÇË,_bunar_,_bunar_,b,u,n,a,r,y,.,.,.,.,.,.,.,.,.,.,1,1,0,0,0,1,1,3,2,0,4,4,0,0,0,1,4,3,1,0,4,5,0,0,0,1,1,4,1,0,.,.,.,.,.,.,.,.,.,.,.,.,.,.,.,.,.,.,.,.,.,.,.,.,.,.,.,.,.,.,.,.,.,.,.,.,.,.,.,.,.,.,.,.,.,.,.,.,.,.,10000000000000001,10000001,100001,1001,101,10000001,100001,10100,110,101,10000000000001000,10001000,100001,1001,101,10000001,101000,10100,101,101,10000000000001000,10010000,100001,1001,101,10000001,100001,11000,101,101,.,.,.,.,.,.,.,.,.,.,.,.,.,.,.,.,.,.,.,.,.,.,.,.,.,.,.,.,.,.,.,.,.,.,.,.,.,.,.,.,.,.,.,.,.,.,.,.,.,.
094,YG01,ó^ìﬂçëí¨ëcî[,ó^ìﬂçëëcî[,4,2,3,,ÇÇ»ÇË,bunai,bunai,b,u,n,a,-1,i,.,.,.,.,.,.,.,.,.,.,1,1,0,0,0,1,1,3,2,0,4,4,0,0,0,1,4,3,1,0,-1,-1,-1,-1,-1,1,1,1,1,0,.,.,.,.,.,.,.,.,.,.,.,.,.,.,.,.,.,.,.,.,.,.,.,.,.,.,.,.,.,.,.,.,.,.,.,.,.,.,.,.,.,.,.,.,.,.,.,.,.,.,10000000000000001,10000001,100001,1001,101,10000001,100001,10100,110,101,10000000000001000,10001000,100001,1001,101,10000001,101000,10100,101,101,00000000000000000,00000000,000000,0000,000,10000001,100001,10001,101,101,.,.,.,.,.,.,.,.,.,.,.,.,.,.,.,.,.,.,.,.,.,.,.,.,.,.,.,.,.,.,.,.,.,.,.,.,.,.,.,.,.,.,.,.,.,.,.,.,.,.
095,YG03,ó^ìﬂçëí¨î‰êÏ,ó^ìﬂçëî‰êÏ,4,2,3,,ÇÇ»ÇË,ÅPbunai,bunai,b,u,n,a,-1,i,.,.,.,.,.,.,.,.,.,.,1,1,0,0,0,1,1,3,2,0,4,4,0,0,0,1,4,3,1,0,-1,-1,-1,-1,-1,1,1,1,1,0,.,.,.,.,.,.,.,.,.,.,.,.,.,.,.,.,.,.,.,.,.,.,.,.,.,.,.,.,.,.,.,.,.,.,.,.,.,.,.,.,.,.,.,.,.,.,.,.,.,.,10000000000000001,10000001,100001,1001,101,10000001,100001,10100,110,101,10000000000001000,10001000,100001,1001,101,10000001,101000,10100,101,101,00000000000000000,00000000,000000,0000,000,10000001,100001,10001,101,101,.,.,.,.,.,.,.,.,.,.,.,.,.,.,.,.,.,.,.,.,.,.,.,.,.,.,.,.,.,.,.,.,.,.,.,.,.,.,.,.,.,.,.,.,.,.,.,.,.,.