20,N-036,ÇÔÇØÇË,,,,,,,,,,,,,,,,,,,,,,,,,1éqâπ,,,,,1ïÍâπ,,,,,2éqâπ,,,,,2ïÍâπ,,,,,3éqâπ,,,,,3ïÍâπ,,,,,4éqâπ,,,,,4ïÍâπ,,,,,5éqâπ,,,,,5ïÍâπ,,,,,6éqâπ,,,,,6ïÍâπ,,,,,7éqâπ,,,,,7ïÍâπ,,,,,8éqâπ,,,,,8ïÍâπ,,,,,1éqâπ,,,,,1ïÍâπ,,,,,2éqâπ,,,,,2ïÍâπ,,,,,3éqâπ,,,,,3ïÍâπ,,,,,4éqâπ,,,,,4ïÍâπ,,,,,5éqâπ,,,,,5ïÍâπ,,,,,6éqâπ,,,,,6ïÍâπ,,,,,7éqâπ,,,,,7ïÍâπ,,,,,8éqâπ,,,,,8ïÍâπ,,,,
í Çµî‘çÜ,ínì_ñºãLçÜ,åªésí¨ë∫ñº,ï\é¶óp,âπÇÃå^,âπêﬂ,ÉÇÅ[Éâ,ÉAÉNÉZÉìÉg,ëcåÍå`,ëSåÍå`,åÍå`,1éqâπ,1ïÍâπ,2éqâπ,2ïÍâπ,3éqâπ,3ïÍâπ,4éqâπ,4ïÍâπ,5éqâπ,5ïÍâπ,6éqâπ,6ïÍâπ,7éqâπ,7ïÍâπ,8éqâπ,8ïÍâπ,à íu,ï˚ñ@,å˚äWÅEâ~êO,çAì™âª,ê∫ë—êUìÆ,í∑Ç≥,å˚ÇÃäJÇ´,ê„ÇÃà íu,êOÇÃèÛë‘,ñ≥ê∫ï@âπ,à íu,ï˚ñ@,å˚äWÅEâ~êO,çAì™âª,ê∫ë—êUìÆ,í∑Ç≥,å˚ÇÃäJÇ´,ê„ÇÃà íu,êOÇÃèÛë‘,ñ≥ê∫ï@âπ,à íu,ï˚ñ@,å˚äWÅEâ~êO,çAì™âª,ê∫ë—êUìÆ,í∑Ç≥,å˚ÇÃäJÇ´,ê„ÇÃà íu,êOÇÃèÛë‘,ñ≥ê∫ï@âπ,à íu,ï˚ñ@,å˚äWÅEâ~êO,çAì™âª,ê∫ë—êUìÆ,í∑Ç≥,å˚ÇÃäJÇ´,ê„ÇÃà íu,êOÇÃèÛë‘,ñ≥ê∫ï@âπ,à íu,ï˚ñ@,å˚äWÅEâ~êO,çAì™âª,ê∫ë—êUìÆ,í∑Ç≥,å˚ÇÃäJÇ´,ê„ÇÃà íu,êOÇÃèÛë‘,ñ≥ê∫ï@âπ,à íu,ï˚ñ@,å˚äWÅEâ~êO,çAì™âª,ê∫ë—êUìÆ,í∑Ç≥,å˚ÇÃäJÇ´,ê„ÇÃà íu,êOÇÃèÛë‘,ñ≥ê∫ï@âπ,à íu,ï˚ñ@,å˚äWÅEâ~êO,çAì™âª,ê∫ë—êUìÆ,í∑Ç≥,å˚ÇÃäJÇ´,ê„ÇÃà íu,êOÇÃèÛë‘,ñ≥ê∫ï@âπ,à íu,ï˚ñ@,å˚äWÅEâ~êO,çAì™âª,ê∫ë—êUìÆ,í∑Ç≥,å˚ÇÃäJÇ´,ê„ÇÃà íu,êOÇÃèÛë‘,ñ≥ê∫ï@âπ,à íu,ï˚ñ@,å˚äWÅEâ~êO,çAì™âª,ê∫ë—êUìÆ,í∑Ç≥,å˚ÇÃäJÇ´,ê„ÇÃà íu,êOÇÃèÛë‘,ñ≥ê∫ï@âπ,à íu,ï˚ñ@,å˚äWÅEâ~êO,çAì™âª,ê∫ë—êUìÆ,í∑Ç≥,å˚ÇÃäJÇ´,ê„ÇÃà íu,êOÇÃèÛë‘,ñ≥ê∫ï@âπ,à íu,ï˚ñ@,å˚äWÅEâ~êO,çAì™âª,ê∫ë—êUìÆ,í∑Ç≥,å˚ÇÃäJÇ´,ê„ÇÃà íu,êOÇÃèÛë‘,ñ≥ê∫ï@âπ,à íu,ï˚ñ@,å˚äWÅEâ~êO,çAì™âª,ê∫ë—êUìÆ,í∑Ç≥,å˚ÇÃäJÇ´,ê„ÇÃà íu,êOÇÃèÛë‘,ñ≥ê∫ï@âπ,à íu,ï˚ñ@,å˚äWÅEâ~êO,çAì™âª,ê∫ë—êUìÆ,í∑Ç≥,å˚ÇÃäJÇ´,ê„ÇÃà íu,êOÇÃèÛë‘,ñ≥ê∫ï@âπ,à íu,ï˚ñ@,å˚äWÅEâ~êO,çAì™âª,ê∫ë—êUìÆ,í∑Ç≥,å˚ÇÃäJÇ´,ê„ÇÃà íu,êOÇÃèÛë‘,ñ≥ê∫ï@âπ,à íu,ï˚ñ@,å˚äWÅEâ~êO,çAì™âª,ê∫ë—êUìÆ,í∑Ç≥,å˚ÇÃäJÇ´,ê„ÇÃà íu,êOÇÃèÛë‘,ñ≥ê∫ï@âπ,à íu,ï˚ñ@,å˚äWÅEâ~êO,çAì™âª,ê∫ë—êUìÆ,í∑Ç≥,å˚ÇÃäJÇ´,ê„ÇÃà íu,êOÇÃèÛë‘,ñ≥ê∫ï@âπ
000,,ëzíËå`,ëzíËå`,7,3,3,,ÇÔÇØÇË,wekeri,wekeri,w,e,k,e,r,i,.,.,.,.,.,.,.,.,.,.,1,7,0,0,0,1,5,1,1,0,8,1,0,0,1,1,5,1,1,0,4,5,0,0,0,1,1,1,1,0,.,.,.,.,.,.,.,.,.,.,.,.,.,.,.,.,.,.,.,.,.,.,.,.,.,.,.,.,.,.,.,.,.,.,.,.,.,.,.,.,.,.,.,.,.,.,.,.,.,.,10000000000000001,11000000,100001,1001,101,10000001,110000,10001,101,101,10000000010000000,10000001,100001,1001,110,10000001,110000,10001,101,101,10000000000001000,10010000,100001,1001,101,10000001,100001,10001,101,101,.,.,.,.,.,.,.,.,.,.,.,.,.,.,.,.,.,.,.,.,.,.,.,.,.,.,.,.,.,.,.,.,.,.,.,.,.,.,.,.,.,.,.,.,.,.,.,.,.,.
001,KA05,ãåä}óòí¨ä}óò,âÇî¸ä}óò,7,3,3,,ÇÔÇØÇË,ji_hi_ri-jihiti,ji_hi_ri,j,i,h,i,r,i,.,.,.,.,.,.,.,.,.,.,7,7,0,0,0,1,1,1,1,0,11,2,0,0,1,1,1,1,1,0,4,5,0,0,0,1,1,1,1,0,.,.,.,.,.,.,.,.,.,.,.,.,.,.,.,.,.,.,.,.,.,.,.,.,.,.,.,.,.,.,.,.,.,.,.,.,.,.,.,.,.,.,.,.,.,.,.,.,.,.,10000000001000000,11000000,100001,1001,101,10000001,100001,10001,101,101,10000010000000000,10000010,100001,1001,110,10000001,100001,10001,101,101,10000000000001000,10010000,100001,1001,101,10000001,100001,10001,101,101,.,.,.,.,.,.,.,.,.,.,.,.,.,.,.,.,.,.,.,.,.,.,.,.,.,.,.,.,.,.,.,.,.,.,.,.,.,.,.,.,.,.,.,.,.,.,.,.,.,.
002,NZ17,ãåñºê£ésã‡ãv,âÇî¸ã‡ãv,7,3,3,,ÇÔÇØÇË,ji_hi_ri,ji_hi_ri,j,i,h,i,r,i,.,.,.,.,.,.,.,.,.,.,7,7,0,0,0,1,1,1,1,0,11,2,0,0,1,1,1,1,1,0,4,5,0,0,0,1,1,1,1,0,.,.,.,.,.,.,.,.,.,.,.,.,.,.,.,.,.,.,.,.,.,.,.,.,.,.,.,.,.,.,.,.,.,.,.,.,.,.,.,.,.,.,.,.,.,.,.,.,.,.,10000000001000000,11000000,100001,1001,101,10000001,100001,10001,101,101,10000010000000000,10000010,100001,1001,110,10000001,100001,10001,101,101,10000000000001000,10010000,100001,1001,101,10000001,100001,10001,101,101,.,.,.,.,.,.,.,.,.,.,.,.,.,.,.,.,.,.,.,.,.,.,.,.,.,.,.,.,.,.,.,.,.,.,.,.,.,.,.,.,.,.,.,.,.,.,.,.,.,.
003,KM05,ó¥ãΩí¨íÜèü,âÇî¸íÜèü,7,3,3,,ÇÔÇØÇË,jihi_ri/ji_hi_ri,jihi_ri,j,i,h,i,r,i,.,.,.,.,.,.,.,.,.,.,7,7,0,0,0,1,1,1,1,0,11,2,0,0,1,1,1,1,1,0,4,5,0,0,0,1,1,1,1,0,.,.,.,.,.,.,.,.,.,.,.,.,.,.,.,.,.,.,.,.,.,.,.,.,.,.,.,.,.,.,.,.,.,.,.,.,.,.,.,.,.,.,.,.,.,.,.,.,.,.,10000000001000000,11000000,100001,1001,101,10000001,100001,10001,101,101,10000010000000000,10000010,100001,1001,110,10000001,100001,10001,101,101,10000000000001000,10010000,100001,1001,101,10000001,100001,10001,101,101,.,.,.,.,.,.,.,.,.,.,.,.,.,.,.,.,.,.,.,.,.,.,.,.,.,.,.,.,.,.,.,.,.,.,.,.,.,.,.,.,.,.,.,.,.,.,.,.,.,.
004,YU04,ëÂòaë∫ëÂòaïl,âÇî¸ëÂòaïl,7,3,3,,ÇÔÇØÇË,_jex_ri,_jex_ri,j,e,h,e2,r,i,.,.,.,.,.,.,.,.,.,.,7,7,0,0,0,1,5,1,1,0,11,2,0,0,1,1,5,2,1,0,4,5,0,0,0,1,1,1,1,0,.,.,.,.,.,.,.,.,.,.,.,.,.,.,.,.,.,.,.,.,.,.,.,.,.,.,.,.,.,.,.,.,.,.,.,.,.,.,.,.,.,.,.,.,.,.,.,.,.,.,10000000001000000,11000000,100001,1001,101,10000001,110000,10001,101,101,10000010000000000,10000010,100001,1001,110,10000001,110000,10010,101,101,10000000000001000,10010000,100001,1001,101,10000001,100001,10001,101,101,.,.,.,.,.,.,.,.,.,.,.,.,.,.,.,.,.,.,.,.,.,.,.,.,.,.,.,.,.,.,.,.,.,.,.,.,.,.,.,.,.,.,.,.,.,.,.,.,.,.
005,SY08,èZópë∫êºíáä‘,âÇî¸êºíáä‘,7,3,3,,ÇÔÇØÇË,je_he_ri,je_he_ri,j,e,h,e,r,i,.,.,.,.,.,.,.,.,.,.,7,7,0,0,0,1,5,1,1,0,11,2,0,0,1,1,5,1,1,0,4,5,0,0,0,1,1,1,1,0,.,.,.,.,.,.,.,.,.,.,.,.,.,.,.,.,.,.,.,.,.,.,.,.,.,.,.,.,.,.,.,.,.,.,.,.,.,.,.,.,.,.,.,.,.,.,.,.,.,.,10000000001000000,11000000,100001,1001,101,10000001,110000,10001,101,101,10000010000000000,10000010,100001,1001,110,10000001,110000,10001,101,101,10000000000001000,10010000,100001,1001,101,10000001,100001,10001,101,101,.,.,.,.,.,.,.,.,.,.,.,.,.,.,.,.,.,.,.,.,.,.,.,.,.,.,.,.,.,.,.,.,.,.,.,.,.,.,.,.,.,.,.,.,.,.,.,.,.,.
006,YU18,âFåüë∫âFåü,âÇî¸âFåü,3,2,2,,ÇÔÇØÇË,je__ri_/(je___ri_),je__ri_,j,e,r,i,-1,-1,.,.,.,.,.,.,.,.,.,.,7,7,0,0,0,1,5,1,1,0,4,5,0,0,0,1,1,1,1,0,-1,-1,-1,-1,-1,-1,-1,-1,-1,-1,.,.,.,.,.,.,.,.,.,.,.,.,.,.,.,.,.,.,.,.,.,.,.,.,.,.,.,.,.,.,.,.,.,.,.,.,.,.,.,.,.,.,.,.,.,.,.,.,.,.,10000000001000000,11000000,100001,1001,101,10000001,110000,10001,101,101,10000000000001000,10010000,100001,1001,101,10000001,100001,10001,101,101,00000000000000000,00000000,000000,0000,000,00000000,000000,00000,000,000,.,.,.,.,.,.,.,.,.,.,.,.,.,.,.,.,.,.,.,.,.,.,.,.,.,.,.,.,.,.,.,.,.,.,.,.,.,.,.,.,.,.,.,.,.,.,.,.,.,.
007,AN05,ê£åÀì‡í¨ä«ì›,ê£åÀä«ì›,7,3,3,,ÇÔÇØÇË,ji__i_r/ji__i_ri,ji__i_r,j,i,hj,i,r,-1,.,.,.,.,.,.,.,.,.,.,7,7,0,0,0,1,1,1,1,0,7,3,0,0,1,1,1,1,1,0,4,5,0,0,0,-1,-1,-1,-1,-1,.,.,.,.,.,.,.,.,.,.,.,.,.,.,.,.,.,.,.,.,.,.,.,.,.,.,.,.,.,.,.,.,.,.,.,.,.,.,.,.,.,.,.,.,.,.,.,.,.,.,10000000001000000,11000000,100001,1001,101,10000001,100001,10001,101,101,10000000001000000,10000100,100001,1001,110,10000001,100001,10001,101,101,10000000000001000,10010000,100001,1001,101,00000000,000000,00000,000,000,.,.,.,.,.,.,.,.,.,.,.,.,.,.,.,.,.,.,.,.,.,.,.,.,.,.,.,.,.,.,.,.,.,.,.,.,.,.,.,.,.,.,.,.,.,.,.,.,.,.
008,AN13,ê£åÀì‡í¨ïêñº,ê£åÀïêñº,7,3,3,,ÇÔÇØÇË,_i_hi_r/_i_hi__r/(_i_hi_r),_i_hi_r,-1,i,h,i,r,-1,.,.,.,.,.,.,.,.,.,.,-1,-1,-1,-1,-1,1,1,1,1,0,11,2,0,0,1,1,1,1,1,0,4,5,0,0,0,-1,-1,-1,-1,-1,.,.,.,.,.,.,.,.,.,.,.,.,.,.,.,.,.,.,.,.,.,.,.,.,.,.,.,.,.,.,.,.,.,.,.,.,.,.,.,.,.,.,.,.,.,.,.,.,.,.,00000000000000000,00000000,000000,0000,000,10000001,100001,10001,101,101,10000010000000000,10000010,100001,1001,110,10000001,100001,10001,101,101,10000000000001000,10010000,100001,1001,101,00000000,000000,00000,000,000,.,.,.,.,.,.,.,.,.,.,.,.,.,.,.,.,.,.,.,.,.,.,.,.,.,.,.,.,.,.,.,.,.,.,.,.,.,.,.,.,.,.,.,.,.,.,.,.,.,.
009,AH14,ê£åÀì‡í¨â√ìS,ê£åÀâ√ìS,7,3,3,,ÇÔÇØÇË,_ji__i_r_,_ji__i_r_,j,i,hj,i,r,i2,.,.,.,.,.,.,.,.,.,.,7,7,0,0,0,1,1,1,1,0,7,3,0,0,1,1,1,1,1,0,4,5,0,0,0,1,1,2,1,0,.,.,.,.,.,.,.,.,.,.,.,.,.,.,.,.,.,.,.,.,.,.,.,.,.,.,.,.,.,.,.,.,.,.,.,.,.,.,.,.,.,.,.,.,.,.,.,.,.,.,10000000001000000,11000000,100001,1001,101,10000001,100001,10001,101,101,10000000001000000,10000100,100001,1001,110,10000001,100001,10001,101,101,10000000000001000,10010000,100001,1001,101,10000001,100001,10010,101,101,.,.,.,.,.,.,.,.,.,.,.,.,.,.,.,.,.,.,.,.,.,.,.,.,.,.,.,.,.,.,.,.,.,.,.,.,.,.,.,.,.,.,.,.,.,.,.,.,.,.
010,AH15,ê£åÀì‡í¨ìnòA,ê£åÀìnòA,7,3,3,,ÇÔÇØÇË,ji_hir,ji_hir,j,i,h,i,r,-1,.,.,.,.,.,.,.,.,.,.,7,7,0,0,0,1,1,1,1,0,11,2,0,0,1,1,1,1,1,0,4,5,0,0,0,-1,-1,-1,-1,-1,.,.,.,.,.,.,.,.,.,.,.,.,.,.,.,.,.,.,.,.,.,.,.,.,.,.,.,.,.,.,.,.,.,.,.,.,.,.,.,.,.,.,.,.,.,.,.,.,.,.,10000000001000000,11000000,100001,1001,101,10000001,100001,10001,101,101,10000010000000000,10000010,100001,1001,110,10000001,100001,10001,101,101,10000000000001000,10010000,100001,1001,101,00000000,000000,00000,000,000,.,.,.,.,.,.,.,.,.,.,.,.,.,.,.,.,.,.,.,.,.,.,.,.,.,.,.,.,.,.,.,.,.,.,.,.,.,.,.,.,.,.,.,.,.,.,.,.,.,.
011,KK01,äÏäEí¨éuåÀâ±,äÏäEéuåÀâ±,5,2,3,,ÇÔÇØÇË,ji_ri,ji_ri,j,i:,-1,i:,r,i,.,.,.,.,.,.,.,.,.,.,7,7,0,0,0,2,1,1,1,0,-1,-1,-1,-1,-1,2,1,1,1,0,4,5,0,0,0,1,1,1,1,0,.,.,.,.,.,.,.,.,.,.,.,.,.,.,.,.,.,.,.,.,.,.,.,.,.,.,.,.,.,.,.,.,.,.,.,.,.,.,.,.,.,.,.,.,.,.,.,.,.,.,10000000001000000,11000000,100001,1001,101,10000010,100001,10001,101,101,00000000000000000,00000000,000000,0000,000,10000010,100001,10001,101,101,10000000000001000,10010000,100001,1001,101,10000001,100001,10001,101,101,.,.,.,.,.,.,.,.,.,.,.,.,.,.,.,.,.,.,.,.,.,.,.,.,.,.,.,.,.,.,.,.,.,.,.,.,.,.,.,.,.,.,.,.,.,.,.,.,.,.
012,KK12,äÏäEí¨à¢ì`,äÏäEà¢ì`,5,2,3,,ÇÔÇØÇË,ji___ri,ji___ri,j,i:,-1,i:,r,i,.,.,.,.,.,.,.,.,.,.,7,7,0,0,0,2,1,1,1,0,-1,-1,-1,-1,-1,2,1,1,1,0,4,5,0,0,0,1,1,1,1,0,.,.,.,.,.,.,.,.,.,.,.,.,.,.,.,.,.,.,.,.,.,.,.,.,.,.,.,.,.,.,.,.,.,.,.,.,.,.,.,.,.,.,.,.,.,.,.,.,.,.,10000000001000000,11000000,100001,1001,101,10000010,100001,10001,101,101,00000000000000000,00000000,000000,0000,000,10000010,100001,10001,101,101,10000000000001000,10010000,100001,1001,101,10000001,100001,10001,101,101,.,.,.,.,.,.,.,.,.,.,.,.,.,.,.,.,.,.,.,.,.,.,.,.,.,.,.,.,.,.,.,.,.,.,.,.,.,.,.,.,.,.,.,.,.,.,.,.,.,.
013,KK22,äÏäEí¨òp,äÏäEòp,5,2,3,,ÇÔÇØÇË,ji___ri,ji___ri,j,i:,-1,i:,r,i,.,.,.,.,.,.,.,.,.,.,7,7,0,0,0,2,1,1,1,0,-1,-1,-1,-1,-1,2,1,1,1,0,4,5,0,0,0,1,1,1,1,0,.,.,.,.,.,.,.,.,.,.,.,.,.,.,.,.,.,.,.,.,.,.,.,.,.,.,.,.,.,.,.,.,.,.,.,.,.,.,.,.,.,.,.,.,.,.,.,.,.,.,10000000001000000,11000000,100001,1001,101,10000010,100001,10001,101,101,00000000000000000,00000000,000000,0000,000,10000010,100001,10001,101,101,10000000000001000,10010000,100001,1001,101,10000001,100001,10001,101,101,.,.,.,.,.,.,.,.,.,.,.,.,.,.,.,.,.,.,.,.,.,.,.,.,.,.,.,.,.,.,.,.,.,.,.,.,.,.,.,.,.,.,.,.,.,.,.,.,.,.
014,NM04,ìVèÈí¨êÛä‘,ìøîVêÛä‘,5,2,3,,ÇÔÇØÇË,_i__r_,_i__r_,j,i:,-1,i:,r,i2,.,.,.,.,.,.,.,.,.,.,7,7,0,0,0,2,1,1,1,0,-1,-1,-1,-1,-1,2,1,1,1,0,4,5,0,0,0,1,1,2,1,0,.,.,.,.,.,.,.,.,.,.,.,.,.,.,.,.,.,.,.,.,.,.,.,.,.,.,.,.,.,.,.,.,.,.,.,.,.,.,.,.,.,.,.,.,.,.,.,.,.,.,10000000001000000,11000000,100001,1001,101,10000010,100001,10001,101,101,00000000000000000,00000000,000000,0000,000,10000010,100001,10001,101,101,10000000000001000,10010000,100001,1001,101,10000001,100001,10010,101,101,.,.,.,.,.,.,.,.,.,.,.,.,.,.,.,.,.,.,.,.,.,.,.,.,.,.,.,.,.,.,.,.,.,.,.,.,.,.,.,.,.,.,.,.,.,.,.,.,.,.
015,TH03,ìøîVìáí¨ãTìø,ìøîVãTìø,5,2,3,,ÇÔÇØÇË,_i___r_,_i___r_,j,i:,-1,i:,r,i2,.,.,.,.,.,.,.,.,.,.,7,7,0,0,0,2,1,1,1,0,-1,-1,-1,-1,-1,2,1,1,1,0,4,5,0,0,0,1,1,2,1,0,.,.,.,.,.,.,.,.,.,.,.,.,.,.,.,.,.,.,.,.,.,.,.,.,.,.,.,.,.,.,.,.,.,.,.,.,.,.,.,.,.,.,.,.,.,.,.,.,.,.,10000000001000000,11000000,100001,1001,101,10000010,100001,10001,101,101,00000000000000000,00000000,000000,0000,000,10000010,100001,10001,101,101,10000000000001000,10010000,100001,1001,101,10000001,100001,10010,101,101,.,.,.,.,.,.,.,.,.,.,.,.,.,.,.,.,.,.,.,.,.,.,.,.,.,.,.,.,.,.,.,.,.,.,.,.,.,.,.,.,.,.,.,.,.,.,.,.,.,.
016,OM03,à…êÂí¨à…êÂ,ìøîVà…êÂ,5,2,3,,ÇÔÇØÇË,ji___ri,ji___ri,j,i:,-1,i:,r,i,.,.,.,.,.,.,.,.,.,.,7,7,0,0,0,2,1,1,1,0,-1,-1,-1,-1,-1,2,1,1,1,0,4,5,0,0,0,1,1,1,1,0,.,.,.,.,.,.,.,.,.,.,.,.,.,.,.,.,.,.,.,.,.,.,.,.,.,.,.,.,.,.,.,.,.,.,.,.,.,.,.,.,.,.,.,.,.,.,.,.,.,.,10000000001000000,11000000,100001,1001,101,10000010,100001,10001,101,101,00000000000000000,00000000,000000,0000,000,10000010,100001,10001,101,101,10000000000001000,10010000,100001,1001,101,10000001,100001,10001,101,101,.,.,.,.,.,.,.,.,.,.,.,.,.,.,.,.,.,.,.,.,.,.,.,.,.,.,.,.,.,.,.,.,.,.,.,.,.,.,.,.,.,.,.,.,.,.,.,.,.,.
017,OK02,òaîëí¨òaîë,â´âiòaîë,2,1,2,,ÇÔÇØÇË,__i_/(_ji_),__i_,j,i:,-1,-1,-1,-1,.,.,.,.,.,.,.,.,.,.,7,7,0,0,0,2,1,1,1,0,-1,-1,-1,-1,-1,-1,-1,-1,-1,-1,-1,-1,-1,-1,-1,-1,-1,-1,-1,-1,.,.,.,.,.,.,.,.,.,.,.,.,.,.,.,.,.,.,.,.,.,.,.,.,.,.,.,.,.,.,.,.,.,.,.,.,.,.,.,.,.,.,.,.,.,.,.,.,.,.,10000000001000000,11000000,100001,1001,101,10000010,100001,10001,101,101,00000000000000000,00000000,000000,0000,000,00000000,000000,00000,000,000,00000000000000000,00000000,000000,0000,000,00000000,000000,00000,000,000,.,.,.,.,.,.,.,.,.,.,.,.,.,.,.,.,.,.,.,.,.,.,.,.,.,.,.,.,.,.,.,.,.,.,.,.,.,.,.,.,.,.,.,.,.,.,.,.,.,.
018,OK06,ímñºí¨ímñº,â´âiímñº,2,1,2,,ÇÔÇØÇË,_ji_,_ji_,j,i:,-1,-1,-1,-1,.,.,.,.,.,.,.,.,.,.,7,7,0,0,0,2,1,1,1,0,-1,-1,-1,-1,-1,-1,-1,-1,-1,-1,-1,-1,-1,-1,-1,-1,-1,-1,-1,-1,.,.,.,.,.,.,.,.,.,.,.,.,.,.,.,.,.,.,.,.,.,.,.,.,.,.,.,.,.,.,.,.,.,.,.,.,.,.,.,.,.,.,.,.,.,.,.,.,.,.,10000000001000000,11000000,100001,1001,101,10000010,100001,10001,101,101,00000000000000000,00000000,000000,0000,000,00000000,000000,00000,000,000,00000000000000000,00000000,000000,0000,000,00000000,000000,00000,000,000,.,.,.,.,.,.,.,.,.,.,.,.,.,.,.,.,.,.,.,.,.,.,.,.,.,.,.,.,.,.,.,.,.,.,.,.,.,.,.,.,.,.,.,.,.,.,.,.,.,.
019,YR01,ó^ò_í¨íÉâ‘,ó^ò_íÉâ‘,5,2,3,,ÇÔÇØÇË,__uibi,__uibi,h,u,-1,i,b,i,.,.,.,.,.,.,.,.,.,.,11,2,0,0,1,1,1,3,2,0,-1,-1,-1,-1,-1,1,1,1,1,0,1,1,0,0,0,1,1,1,1,0,.,.,.,.,.,.,.,.,.,.,.,.,.,.,.,.,.,.,.,.,.,.,.,.,.,.,.,.,.,.,.,.,.,.,.,.,.,.,.,.,.,.,.,.,.,.,.,.,.,.,10000010000000000,10000010,100001,1001,110,10000001,100001,10100,110,101,00000000000000000,00000000,000000,0000,000,10000001,100001,10001,101,101,10000000000000001,10000001,100001,1001,101,10000001,100001,10001,101,101,.,.,.,.,.,.,.,.,.,.,.,.,.,.,.,.,.,.,.,.,.,.,.,.,.,.,.,.,.,.,.,.,.,.,.,.,.,.,.,.,.,.,.,.,.,.,.,.,.,.
020,IH02,à…ïΩâÆë∫â‰äÏâÆ,à…ïΩâ‰äÏâÆ,3,2,2,,ÇÔÇØÇË,_wiki,_wiki,w,i,k,i,-1,-1,.,.,.,.,.,.,.,.,.,.,1,7,0,0,0,1,1,1,1,0,8,1,0,0,1,1,1,1,1,0,-1,-1,-1,-1,-1,-1,-1,-1,-1,-1,.,.,.,.,.,.,.,.,.,.,.,.,.,.,.,.,.,.,.,.,.,.,.,.,.,.,.,.,.,.,.,.,.,.,.,.,.,.,.,.,.,.,.,.,.,.,.,.,.,.,10000000000000001,11000000,100001,1001,101,10000001,100001,10001,101,101,10000000010000000,10000001,100001,1001,110,10000001,100001,10001,101,101,00000000000000000,00000000,000000,0000,000,00000000,000000,00000,000,000,.,.,.,.,.,.,.,.,.,.,.,.,.,.,.,.,.,.,.,.,.,.,.,.,.,.,.,.,.,.,.,.,.,.,.,.,.,.,.,.,.,.,.,.,.,.,.,.,.,.
021,IZ01,à…ê•ñºë∫èîå©,à…ê•èîå©,4,2,3,,ÇÔÇØÇË,_juki_Å^_jiki_Åö,_juki_,j,u,k,i:,-1,-1,.,.,.,.,.,.,.,.,.,.,7,7,0,0,0,1,1,3,2,0,8,1,0,0,1,2,1,1,1,0,-1,-1,-1,-1,-1,-1,-1,-1,-1,-1,.,.,.,.,.,.,.,.,.,.,.,.,.,.,.,.,.,.,.,.,.,.,.,.,.,.,.,.,.,.,.,.,.,.,.,.,.,.,.,.,.,.,.,.,.,.,.,.,.,.,10000000001000000,11000000,100001,1001,101,10000001,100001,10100,110,101,10000000010000000,10000001,100001,1001,110,10000010,100001,10001,101,101,00000000000000000,00000000,000000,0000,000,00000000,000000,00000,000,000,.,.,.,.,.,.,.,.,.,.,.,.,.,.,.,.,.,.,.,.,.,.,.,.,.,.,.,.,.,.,.,.,.,.,.,.,.,.,.,.,.,.,.,.,.,.,.,.,.,.
022,IE02,à…ç]ë∫ìåç]ëO,à…ç]ìåç]ëO,4,2,3,,ÇÔÇØÇË,wi_ki__Å^wi_ki_jiÅö,wi_ki__,w,i,k,i:,-1,-1,.,.,.,.,.,.,.,.,.,.,1,7,0,0,0,1,1,1,1,0,8,1,0,0,1,2,1,1,1,0,-1,-1,-1,-1,-1,-1,-1,-1,-1,-1,.,.,.,.,.,.,.,.,.,.,.,.,.,.,.,.,.,.,.,.,.,.,.,.,.,.,.,.,.,.,.,.,.,.,.,.,.,.,.,.,.,.,.,.,.,.,.,.,.,.,10000000000000001,11000000,100001,1001,101,10000001,100001,10001,101,101,10000000010000000,10000001,100001,1001,110,10000010,100001,10001,101,101,00000000000000000,00000000,000000,0000,000,00000000,000000,00000,000,000,.,.,.,.,.,.,.,.,.,.,.,.,.,.,.,.,.,.,.,.,.,.,.,.,.,.,.,.,.,.,.,.,.,.,.,.,.,.,.,.,.,.,.,.,.,.,.,.,.,.
023,KU14,çëì™ë∫ï”ìyñº,çëì™ï”ìyñº,4,2,3,,ÇÔÇØÇË,_u_k_i_,_u_k_i_,?,u,k,i:,-1,-1,.,.,.,.,.,.,.,.,.,.,1,1,0,0,1,1,1,3,2,0,8,1,0,0,1,2,1,1,1,0,-1,-1,-1,-1,-1,-1,-1,-1,-1,-1,.,.,.,.,.,.,.,.,.,.,.,.,.,.,.,.,.,.,.,.,.,.,.,.,.,.,.,.,.,.,.,.,.,.,.,.,.,.,.,.,.,.,.,.,.,.,.,.,.,.,10000000000000001,10000001,100001,1001,110,10000001,100001,10100,110,101,10000000010000000,10000001,100001,1001,110,10000010,100001,10001,101,101,00000000000000000,00000000,000000,0000,000,00000000,000000,00000,000,000,.,.,.,.,.,.,.,.,.,.,.,.,.,.,.,.,.,.,.,.,.,.,.,.,.,.,.,.,.,.,.,.,.,.,.,.,.,.,.,.,.,.,.,.,.,.,.,.,.,.
024,KU08,çëì™ë∫ï”ñÏäÏ,çëì™ï”ñÏäÏ,4,2,3,,ÇÔÇØÇË,_uki__,_uki__,?,u,k,i:,-1,-1,.,.,.,.,.,.,.,.,.,.,1,1,0,0,1,1,1,3,2,0,8,1,0,0,1,2,1,1,1,0,-1,-1,-1,-1,-1,-1,-1,-1,-1,-1,.,.,.,.,.,.,.,.,.,.,.,.,.,.,.,.,.,.,.,.,.,.,.,.,.,.,.,.,.,.,.,.,.,.,.,.,.,.,.,.,.,.,.,.,.,.,.,.,.,.,10000000000000001,10000001,100001,1001,110,10000001,100001,10100,110,101,10000000010000000,10000001,100001,1001,110,10000010,100001,10001,101,101,00000000000000000,00000000,000000,0000,000,00000000,000000,00000,000,000,.,.,.,.,.,.,.,.,.,.,.,.,.,.,.,.,.,.,.,.,.,.,.,.,.,.,.,.,.,.,.,.,.,.,.,.,.,.,.,.,.,.,.,.,.,.,.,.,.,.
025,OG07,ëÂãXñ°ë∫ç™òHñ¡,ëÂãXç™òHñ¡,4,2,3,,ÇÔÇØÇË,_uki_,_uki_,?,u,k,i:,-1,-1,.,.,.,.,.,.,.,.,.,.,1,1,0,0,1,1,1,3,2,0,8,1,0,0,1,2,1,1,1,0,-1,-1,-1,-1,-1,-1,-1,-1,-1,-1,.,.,.,.,.,.,.,.,.,.,.,.,.,.,.,.,.,.,.,.,.,.,.,.,.,.,.,.,.,.,.,.,.,.,.,.,.,.,.,.,.,.,.,.,.,.,.,.,.,.,10000000000000001,10000001,100001,1001,110,10000001,100001,10100,110,101,10000000010000000,10000001,100001,1001,110,10000010,100001,10001,101,101,00000000000000000,00000000,000000,0000,000,00000000,000000,00000,000,000,.,.,.,.,.,.,.,.,.,.,.,.,.,.,.,.,.,.,.,.,.,.,.,.,.,.,.,.,.,.,.,.,.,.,.,.,.,.,.,.,.,.,.,.,.,.,.,.,.,.
026,NN12,ç°ãAêmë∫ó^ìﬂó‰,ç°ãAó^ìﬂó‰,4,2,3,,ÇÔÇØÇË,ji_k_i_,ji_k_i_,j,i,k,i:,-1,-1,.,.,.,.,.,.,.,.,.,.,7,7,0,0,0,1,1,1,1,0,8,1,0,0,1,2,1,1,1,0,-1,-1,-1,-1,-1,-1,-1,-1,-1,-1,.,.,.,.,.,.,.,.,.,.,.,.,.,.,.,.,.,.,.,.,.,.,.,.,.,.,.,.,.,.,.,.,.,.,.,.,.,.,.,.,.,.,.,.,.,.,.,.,.,.,10000000001000000,11000000,100001,1001,101,10000001,100001,10001,101,101,10000000010000000,10000001,100001,1001,110,10000010,100001,10001,101,101,00000000000000000,00000000,000000,0000,000,00000000,000000,00000,000,000,.,.,.,.,.,.,.,.,.,.,.,.,.,.,.,.,.,.,.,.,.,.,.,.,.,.,.,.,.,.,.,.,.,.,.,.,.,.,.,.,.,.,.,.,.,.,.,.,.,.
027,MB02,ñ{ïîí¨îıê£,ñ{ïîîıê£,4,2,3,,ÇÔÇØÇË,_ik_i_,_ik_i_,?,i,k,i:,-1,-1,.,.,.,.,.,.,.,.,.,.,1,1,0,0,1,1,1,1,1,0,8,1,0,0,1,2,1,1,1,0,-1,-1,-1,-1,-1,-1,-1,-1,-1,-1,.,.,.,.,.,.,.,.,.,.,.,.,.,.,.,.,.,.,.,.,.,.,.,.,.,.,.,.,.,.,.,.,.,.,.,.,.,.,.,.,.,.,.,.,.,.,.,.,.,.,10000000000000001,10000001,100001,1001,110,10000001,100001,10001,101,101,10000000010000000,10000001,100001,1001,110,10000010,100001,10001,101,101,00000000000000000,00000000,000000,0000,000,00000000,000000,00000,000,000,.,.,.,.,.,.,.,.,.,.,.,.,.,.,.,.,.,.,.,.,.,.,.,.,.,.,.,.,.,.,.,.,.,.,.,.,.,.,.,.,.,.,.,.,.,.,.,.,.,.
028,MB06,ñ{ïîí¨ïlå≥,ñ{ïîïlå≥,4,2,3,,ÇÔÇØÇË,__iki_,__iki_,j,i,k,i:,-1,-1,.,.,.,.,.,.,.,.,.,.,7,7,0,0,0,1,1,1,1,0,8,1,0,0,1,2,1,1,1,0,-1,-1,-1,-1,-1,-1,-1,-1,-1,-1,.,.,.,.,.,.,.,.,.,.,.,.,.,.,.,.,.,.,.,.,.,.,.,.,.,.,.,.,.,.,.,.,.,.,.,.,.,.,.,.,.,.,.,.,.,.,.,.,.,.,10000000001000000,11000000,100001,1001,101,10000001,100001,10001,101,101,10000000010000000,10000001,100001,1001,110,10000010,100001,10001,101,101,00000000000000000,00000000,000000,0000,000,00000000,000000,00000,000,000,.,.,.,.,.,.,.,.,.,.,.,.,.,.,.,.,.,.,.,.,.,.,.,.,.,.,.,.,.,.,.,.,.,.,.,.,.,.,.,.,.,.,.,.,.,.,.,.,.,.
029,HJ08,ñºåÏésêÏè„,ñºåÏêÏè„,4,2,3,,ÇÔÇØÇË,wu_k_i(_)Å`wuk_ki_Åö,wu_k_i(_),w,u,k,i,-1,-1,.,.,.,.,.,.,.,.,.,.,1,7,0,0,0,1,1,3,2,0,8,1,0,0,1,1,1,1,1,0,-1,-1,-1,-1,-1,-1,-1,-1,-1,-1,.,.,.,.,.,.,.,.,.,.,.,.,.,.,.,.,.,.,.,.,.,.,.,.,.,.,.,.,.,.,.,.,.,.,.,.,.,.,.,.,.,.,.,.,.,.,.,.,.,.,10000000000000001,11000000,100001,1001,101,10000001,100001,10100,110,101,10000000010000000,10000001,100001,1001,110,10000001,100001,10001,101,101,00000000000000000,00000000,000000,0000,000,00000000,000000,00000,000,000,.,.,.,.,.,.,.,.,.,.,.,.,.,.,.,.,.,.,.,.,.,.,.,.,.,.,.,.,.,.,.,.,.,.,.,.,.,.,.,.,.,.,.,.,.,.,.,.,.,.
030,NG06,ñºåÏésñºåÏ,ñºåÏëÂåì,4,2,3,,ÇÔÇØÇË,ji_k_i_,ji_k_i_,j,i,k,i:,-1,-1,.,.,.,.,.,.,.,.,.,.,7,7,0,0,0,1,1,1,1,0,8,1,0,0,1,2,1,1,1,0,-1,-1,-1,-1,-1,-1,-1,-1,-1,-1,.,.,.,.,.,.,.,.,.,.,.,.,.,.,.,.,.,.,.,.,.,.,.,.,.,.,.,.,.,.,.,.,.,.,.,.,.,.,.,.,.,.,.,.,.,.,.,.,.,.,10000000001000000,11000000,100001,1001,101,10000001,100001,10001,101,101,10000000010000000,10000001,100001,1001,110,10000010,100001,10001,101,101,00000000000000000,00000000,000000,0000,000,00000000,000000,00000,000,000,.,.,.,.,.,.,.,.,.,.,.,.,.,.,.,.,.,.,.,.,.,.,.,.,.,.,.,.,.,.,.,.,.,.,.,.,.,.,.,.,.,.,.,.,.,.,.,.,.,.
031,ON04,â∂î[ë∫â∂î[,â∂î[â∂î[,4,2,3,,ÇÔÇØÇË,_wiki_,_wiki_,w,i,k,i:,-1,-1,.,.,.,.,.,.,.,.,.,.,1,7,0,0,0,1,1,1,1,0,8,1,0,0,1,2,1,1,1,0,-1,-1,-1,-1,-1,-1,-1,-1,-1,-1,.,.,.,.,.,.,.,.,.,.,.,.,.,.,.,.,.,.,.,.,.,.,.,.,.,.,.,.,.,.,.,.,.,.,.,.,.,.,.,.,.,.,.,.,.,.,.,.,.,.,10000000000000001,11000000,100001,1001,101,10000001,100001,10001,101,101,10000000010000000,10000001,100001,1001,110,10000010,100001,10001,101,101,00000000000000000,00000000,000000,0000,000,00000000,000000,00000,000,000,.,.,.,.,.,.,.,.,.,.,.,.,.,.,.,.,.,.,.,.,.,.,.,.,.,.,.,.,.,.,.,.,.,.,.,.,.,.,.,.,.,.,.,.,.,.,.,.,.,.
032,KI06,ã‡ïêí¨ã‡ïê,ã‡ïêã‡ïê,6,2,4,,ÇÔÇØÇË,wi__ki__,wi__ki__,w,i:,k,i:,-1,-1,.,.,.,.,.,.,.,.,.,.,1,7,0,0,0,2,1,1,1,0,8,1,0,0,1,2,1,1,1,0,-1,-1,-1,-1,-1,-1,-1,-1,-1,-1,.,.,.,.,.,.,.,.,.,.,.,.,.,.,.,.,.,.,.,.,.,.,.,.,.,.,.,.,.,.,.,.,.,.,.,.,.,.,.,.,.,.,.,.,.,.,.,.,.,.,10000000000000001,11000000,100001,1001,101,10000010,100001,10001,101,101,10000000010000000,10000001,100001,1001,110,10000010,100001,10001,101,101,00000000000000000,00000000,000000,0000,000,00000000,000000,00000,000,000,.,.,.,.,.,.,.,.,.,.,.,.,.,.,.,.,.,.,.,.,.,.,.,.,.,.,.,.,.,.,.,.,.,.,.,.,.,.,.,.,.,.,.,.,.,.,.,.,.,.
033,YT15,ì«íJë∫å√åò,ì«íJå√åò,4,2,3,,ÇÔÇØÇË,wiki_:,wiki_:,w,i,k,i:,-1,-1,.,.,.,.,.,.,.,.,.,.,1,7,0,0,0,1,1,1,1,0,8,1,0,0,1,2,1,1,1,0,-1,-1,-1,-1,-1,-1,-1,-1,-1,-1,.,.,.,.,.,.,.,.,.,.,.,.,.,.,.,.,.,.,.,.,.,.,.,.,.,.,.,.,.,.,.,.,.,.,.,.,.,.,.,.,.,.,.,.,.,.,.,.,.,.,10000000000000001,11000000,100001,1001,101,10000001,100001,10001,101,101,10000000010000000,10000001,100001,1001,110,10000010,100001,10001,101,101,00000000000000000,00000000,000000,0000,000,00000000,000000,00000,000,000,.,.,.,.,.,.,.,.,.,.,.,.,.,.,.,.,.,.,.,.,.,.,.,.,.,.,.,.,.,.,.,.,.,.,.,.,.,.,.,.,.,.,.,.,.,.,.,.,.,.
034,MS01,ãåêŒêÏésêŒêÏ,êŒêÏêŒêÏ,4,2,3,,ÇÔÇØÇË,ji_ki:,ji_ki:,j,i,k,i:,-1,-1,.,.,.,.,.,.,.,.,.,.,7,7,0,0,0,1,1,1,1,0,8,1,0,0,1,2,1,1,1,0,-1,-1,-1,-1,-1,-1,-1,-1,-1,-1,.,.,.,.,.,.,.,.,.,.,.,.,.,.,.,.,.,.,.,.,.,.,.,.,.,.,.,.,.,.,.,.,.,.,.,.,.,.,.,.,.,.,.,.,.,.,.,.,.,.,10000000001000000,11000000,100001,1001,101,10000001,100001,10001,101,101,10000000010000000,10000001,100001,1001,110,10000010,100001,10001,101,101,00000000000000000,00000000,000000,0000,000,00000000,000000,00000,000,000,.,.,.,.,.,.,.,.,.,.,.,.,.,.,.,.,.,.,.,.,.,.,.,.,.,.,.,.,.,.,.,.,.,.,.,.,.,.,.,.,.,.,.,.,.,.,.,.,.,.
035,GK07,â´ìÍéså”âÆ,â´ìÍå”âÆ,6,2,4,,ÇÔÇØÇË,wi__ki_,wi__ki_,w,i:,k,i:,-1,-1,.,.,.,.,.,.,.,.,.,.,1,7,0,0,0,2,1,1,1,0,8,1,0,0,1,2,1,1,1,0,-1,-1,-1,-1,-1,-1,-1,-1,-1,-1,.,.,.,.,.,.,.,.,.,.,.,.,.,.,.,.,.,.,.,.,.,.,.,.,.,.,.,.,.,.,.,.,.,.,.,.,.,.,.,.,.,.,.,.,.,.,.,.,.,.,10000000000000001,11000000,100001,1001,101,10000010,100001,10001,101,101,10000000010000000,10000001,100001,1001,110,10000010,100001,10001,101,101,00000000000000000,00000000,000000,0000,000,00000000,000000,00000,000,000,.,.,.,.,.,.,.,.,.,.,.,.,.,.,.,.,.,.,.,.,.,.,.,.,.,.,.,.,.,.,.,.,.,.,.,.,.,.,.,.,.,.,.,.,.,.,.,.,.,.
036,GS08,ãåãÔéuêÏésãÔéuêÏ,Ç§ÇÈãÔéuêÏ,6,2,4,,ÇÔÇØÇË,ji:_ki:,ji:_ki:,j,i:,k,i:,-1,-1,.,.,.,.,.,.,.,.,.,.,7,7,0,0,0,2,1,1,1,0,8,1,0,0,1,2,1,1,1,0,-1,-1,-1,-1,-1,-1,-1,-1,-1,-1,.,.,.,.,.,.,.,.,.,.,.,.,.,.,.,.,.,.,.,.,.,.,.,.,.,.,.,.,.,.,.,.,.,.,.,.,.,.,.,.,.,.,.,.,.,.,.,.,.,.,10000000001000000,11000000,100001,1001,101,10000010,100001,10001,101,101,10000000010000000,10000001,100001,1001,110,10000010,100001,10001,101,101,00000000000000000,00000000,000000,0000,000,00000000,000000,00000,000,000,.,.,.,.,.,.,.,.,.,.,.,.,.,.,.,.,.,.,.,.,.,.,.,.,.,.,.,.,.,.,.,.,.,.,.,.,.,.,.,.,.,.,.,.,.,.,.,.,.,.
037,YN02,ãåèüòAí¨ó^ìﬂèÈ,Ç§ÇÈó^ìﬂèÈ,3,2,2,,ÇÔÇØÇË,__iki-_jiki,__iki,?,i,k,i,-1,-1,.,.,.,.,.,.,.,.,.,.,1,1,0,0,1,1,1,1,1,0,8,1,0,0,1,1,1,1,1,0,-1,-1,-1,-1,-1,-1,-1,-1,-1,-1,.,.,.,.,.,.,.,.,.,.,.,.,.,.,.,.,.,.,.,.,.,.,.,.,.,.,.,.,.,.,.,.,.,.,.,.,.,.,.,.,.,.,.,.,.,.,.,.,.,.,10000000000000001,10000001,100001,1001,110,10000001,100001,10001,101,101,10000000010000000,10000001,100001,1001,110,10000001,100001,10001,101,101,00000000000000000,00000000,000000,0000,000,00000000,000000,00000,000,000,.,.,.,.,.,.,.,.,.,.,.,.,.,.,.,.,.,.,.,.,.,.,.,.,.,.,.,.,.,.,.,.,.,.,.,.,.,.,.,.,.,.,.,.,.,.,.,.,.,.
038,YN09,ãåèüòAí¨ïΩà¿ç¿,Ç§ÇÈïΩà¿ç¿,3,2,2,,ÇÔÇØÇË,_ji__ki,_ji__ki,j,i,k,i,-1,-1,.,.,.,.,.,.,.,.,.,.,7,7,0,0,0,1,1,1,1,0,8,1,0,0,1,1,1,1,1,0,-1,-1,-1,-1,-1,-1,-1,-1,-1,-1,.,.,.,.,.,.,.,.,.,.,.,.,.,.,.,.,.,.,.,.,.,.,.,.,.,.,.,.,.,.,.,.,.,.,.,.,.,.,.,.,.,.,.,.,.,.,.,.,.,.,10000000001000000,11000000,100001,1001,101,10000001,100001,10001,101,101,10000000010000000,10000001,100001,1001,110,10000001,100001,10001,101,101,00000000000000000,00000000,000000,0000,000,00000000,000000,00000,000,000,.,.,.,.,.,.,.,.,.,.,.,.,.,.,.,.,.,.,.,.,.,.,.,.,.,.,.,.,.,.,.,.,.,.,.,.,.,.,.,.,.,.,.,.,.,.,.,.,.,.
039,CT12,ñkíJí¨ñkíJ,ñkíJñkíJ,4,2,3,,ÇÔÇØÇË,ji_ki__,ji_ki__,j,i,k,i:,-1,-1,.,.,.,.,.,.,.,.,.,.,7,7,0,0,0,1,1,1,1,0,8,1,0,0,1,2,1,1,1,0,-1,-1,-1,-1,-1,-1,-1,-1,-1,-1,.,.,.,.,.,.,.,.,.,.,.,.,.,.,.,.,.,.,.,.,.,.,.,.,.,.,.,.,.,.,.,.,.,.,.,.,.,.,.,.,.,.,.,.,.,.,.,.,.,.,10000000001000000,11000000,100001,1001,101,10000001,100001,10001,101,101,10000000010000000,10000001,100001,1001,110,10000010,100001,10001,101,101,00000000000000000,00000000,000000,0000,000,00000000,000000,00000,000,000,.,.,.,.,.,.,.,.,.,.,.,.,.,.,.,.,.,.,.,.,.,.,.,.,.,.,.,.,.,.,.,.,.,.,.,.,.,.,.,.,.,.,.,.,.,.,.,.,.,.
040,NK17,íÜèÈë∫âÆãX,ñkíÜâÆãX,4,2,3,,ÇÔÇØÇË,jiki__,jiki__,j,i,k,i:,-1,-1,.,.,.,.,.,.,.,.,.,.,7,7,0,0,0,1,1,1,1,0,8,1,0,0,1,2,1,1,1,0,-1,-1,-1,-1,-1,-1,-1,-1,-1,-1,.,.,.,.,.,.,.,.,.,.,.,.,.,.,.,.,.,.,.,.,.,.,.,.,.,.,.,.,.,.,.,.,.,.,.,.,.,.,.,.,.,.,.,.,.,.,.,.,.,.,10000000001000000,11000000,100001,1001,101,10000001,100001,10001,101,101,10000000010000000,10000001,100001,1001,110,10000010,100001,10001,101,101,00000000000000000,00000000,000000,0000,000,00000000,000000,00000,000,000,.,.,.,.,.,.,.,.,.,.,.,.,.,.,.,.,.,.,.,.,.,.,.,.,.,.,.,.,.,.,.,.,.,.,.,.,.,.,.,.,.,.,.,.,.,.,.,.,.,.
041,GW01,ãXñÏòpésïÅìVä‘,ãXòpïÅìVä‘,6,2,4,,ÇÔÇØÇË,ji__ki_,ji__ki_,j,i:,k,i:,-1,-1,.,.,.,.,.,.,.,.,.,.,7,7,0,0,0,2,1,1,1,0,8,1,0,0,1,2,1,1,1,0,-1,-1,-1,-1,-1,-1,-1,-1,-1,-1,.,.,.,.,.,.,.,.,.,.,.,.,.,.,.,.,.,.,.,.,.,.,.,.,.,.,.,.,.,.,.,.,.,.,.,.,.,.,.,.,.,.,.,.,.,.,.,.,.,.,10000000001000000,11000000,100001,1001,101,10000010,100001,10001,101,101,10000000010000000,10000001,100001,1001,110,10000010,100001,10001,101,101,00000000000000000,00000000,000000,0000,000,00000000,000000,00000,000,000,.,.,.,.,.,.,.,.,.,.,.,.,.,.,.,.,.,.,.,.,.,.,.,.,.,.,.,.,.,.,.,.,.,.,.,.,.,.,.,.,.,.,.,.,.,.,.,.,.,.
042,GW06,ãXñÏòpésëÂéR,ãXòpëÂéR,6,2,4,,ÇÔÇØÇË,wi__ki_,wi__ki_,w,i:,k,i:,-1,-1,.,.,.,.,.,.,.,.,.,.,1,7,0,0,0,2,1,1,1,0,8,1,0,0,1,2,1,1,1,0,-1,-1,-1,-1,-1,-1,-1,-1,-1,-1,.,.,.,.,.,.,.,.,.,.,.,.,.,.,.,.,.,.,.,.,.,.,.,.,.,.,.,.,.,.,.,.,.,.,.,.,.,.,.,.,.,.,.,.,.,.,.,.,.,.,10000000000000001,11000000,100001,1001,101,10000010,100001,10001,101,101,10000000010000000,10000001,100001,1001,110,10000010,100001,10001,101,101,00000000000000000,00000000,000000,0000,000,00000000,000000,00000,000,000,.,.,.,.,.,.,.,.,.,.,.,.,.,.,.,.,.,.,.,.,.,.,.,.,.,.,.,.,.,.,.,.,.,.,.,.,.,.,.,.,.,.,.,.,.,.,.,.,.,.
043,US06,âYìYésà¿îgíÉ,âYìYà¿îgíÉ,4,2,3,,ÇÔÇØÇË,wiki__,wiki__,w,i,k,i:,-1,-1,.,.,.,.,.,.,.,.,.,.,1,7,0,0,0,1,1,1,1,0,8,1,0,0,1,2,1,1,1,0,-1,-1,-1,-1,-1,-1,-1,-1,-1,-1,.,.,.,.,.,.,.,.,.,.,.,.,.,.,.,.,.,.,.,.,.,.,.,.,.,.,.,.,.,.,.,.,.,.,.,.,.,.,.,.,.,.,.,.,.,.,.,.,.,.,10000000000000001,11000000,100001,1001,101,10000001,100001,10001,101,101,10000000010000000,10000001,100001,1001,110,10000010,100001,10001,101,101,00000000000000000,00000000,000000,0000,000,00000000,000000,00000,000,000,.,.,.,.,.,.,.,.,.,.,.,.,.,.,.,.,.,.,.,.,.,.,.,.,.,.,.,.,.,.,.,.,.,.,.,.,.,.,.,.,.,.,.,.,.,.,.,.,.,.
044,NH10,êºå¥í¨è¨îgí√,êºå¥è¨îgí√,4,2,3,,ÇÔÇØÇË,wi_ki_,wi_ki_,w,i,k,i:,-1,-1,.,.,.,.,.,.,.,.,.,.,1,7,0,0,0,1,1,1,1,0,8,1,0,0,1,2,1,1,1,0,-1,-1,-1,-1,-1,-1,-1,-1,-1,-1,.,.,.,.,.,.,.,.,.,.,.,.,.,.,.,.,.,.,.,.,.,.,.,.,.,.,.,.,.,.,.,.,.,.,.,.,.,.,.,.,.,.,.,.,.,.,.,.,.,.,10000000000000001,11000000,100001,1001,101,10000001,100001,10001,101,101,10000000010000000,10000001,100001,1001,110,10000010,100001,10001,101,101,00000000000000000,00000000,000000,0000,000,00000000,000000,00000,000,000,.,.,.,.,.,.,.,.,.,.,.,.,.,.,.,.,.,.,.,.,.,.,.,.,.,.,.,.,.,.,.,.,.,.,.,.,.,.,.,.,.,.,.,.,.,.,.,.,.,.
045,NK25,èüòAí¨í√åò,Ç§ÇÈí√åò,4,2,3,,ÇÔÇØÇË,_jik(_)i_,_jik(_)i_,j,i,k,i:,-1,-1,.,.,.,.,.,.,.,.,.,.,7,7,0,0,0,1,1,1,1,0,8,1,0,0,1,2,1,1,1,0,-1,-1,-1,-1,-1,-1,-1,-1,-1,-1,.,.,.,.,.,.,.,.,.,.,.,.,.,.,.,.,.,.,.,.,.,.,.,.,.,.,.,.,.,.,.,.,.,.,.,.,.,.,.,.,.,.,.,.,.,.,.,.,.,.,10000000001000000,11000000,100001,1001,101,10000001,100001,10001,101,101,10000000010000000,10000001,100001,1001,110,10000010,100001,10001,101,101,00000000000000000,00000000,000000,0000,000,00000000,000000,00000,000,000,.,.,.,.,.,.,.,.,.,.,.,.,.,.,.,.,.,.,.,.,.,.,.,.,.,.,.,.,.,.,.,.,.,.,.,.,.,.,.,.,.,.,.,.,.,.,.,.,.,.
046,MW03,ìﬂîeéséÒó¢ìñë†émë∞,ìﬂîeìñë†ém,4,2,3,,ÇÔÇØÇË,_wiki_:,_wiki_:,w,i,k,i:,-1,-1,.,.,.,.,.,.,.,.,.,.,1,7,0,0,0,1,1,1,1,0,8,1,0,0,1,2,1,1,1,0,-1,-1,-1,-1,-1,-1,-1,-1,-1,-1,.,.,.,.,.,.,.,.,.,.,.,.,.,.,.,.,.,.,.,.,.,.,.,.,.,.,.,.,.,.,.,.,.,.,.,.,.,.,.,.,.,.,.,.,.,.,.,.,.,.,10000000000000001,11000000,100001,1001,101,10000001,100001,10001,101,101,10000000010000000,10000001,100001,1001,110,10000010,100001,10001,101,101,00000000000000000,00000000,000000,0000,000,00000000,000000,00000,000,000,.,.,.,.,.,.,.,.,.,.,.,.,.,.,.,.,.,.,.,.,.,.,.,.,.,.,.,.,.,.,.,.,.,.,.,.,.,.,.,.,.,.,.,.,.,.,.,.,.,.
047,MW04,ìﬂîeéséÒó¢ìñë†,ìﬂîeìñë†ïΩ,4,2,3,,ÇÔÇØÇË,_wiki_:,_wiki_:,w,i,k,i:,-1,-1,.,.,.,.,.,.,.,.,.,.,1,7,0,0,0,1,1,1,1,0,8,1,0,0,1,2,1,1,1,0,-1,-1,-1,-1,-1,-1,-1,-1,-1,-1,.,.,.,.,.,.,.,.,.,.,.,.,.,.,.,.,.,.,.,.,.,.,.,.,.,.,.,.,.,.,.,.,.,.,.,.,.,.,.,.,.,.,.,.,.,.,.,.,.,.,10000000000000001,11000000,100001,1001,101,10000001,100001,10001,101,101,10000000010000000,10000001,100001,1001,110,10000010,100001,10001,101,101,00000000000000000,00000000,000000,0000,000,00000000,000000,00000,000,000,.,.,.,.,.,.,.,.,.,.,.,.,.,.,.,.,.,.,.,.,.,.,.,.,.,.,.,.,.,.,.,.,.,.,.,.,.,.,.,.,.,.,.,.,.,.,.,.,.,.
048,MW12,ìﬂîeésêÚçËémë∞,ìﬂîeêÚçËém,4,2,3,,ÇÔÇØÇË,wiki:,wiki:,w,i,k,i:,-1,-1,.,.,.,.,.,.,.,.,.,.,1,7,0,0,0,1,1,1,1,0,8,1,0,0,1,2,1,1,1,0,-1,-1,-1,-1,-1,-1,-1,-1,-1,-1,.,.,.,.,.,.,.,.,.,.,.,.,.,.,.,.,.,.,.,.,.,.,.,.,.,.,.,.,.,.,.,.,.,.,.,.,.,.,.,.,.,.,.,.,.,.,.,.,.,.,10000000000000001,11000000,100001,1001,101,10000001,100001,10001,101,101,10000000010000000,10000001,100001,1001,110,10000010,100001,10001,101,101,00000000000000000,00000000,000000,0000,000,00000000,000000,00000,000,000,.,.,.,.,.,.,.,.,.,.,.,.,.,.,.,.,.,.,.,.,.,.,.,.,.,.,.,.,.,.,.,.,.,.,.,.,.,.,.,.,.,.,.,.,.,.,.,.,.,.
049,MW13,ìﬂîeésêÚçË,ìﬂîeêÚçËïΩ,4,2,3,,ÇÔÇØÇË,wiki:,wiki:,w,i,k,i:,-1,-1,.,.,.,.,.,.,.,.,.,.,1,7,0,0,0,1,1,1,1,0,8,1,0,0,1,2,1,1,1,0,-1,-1,-1,-1,-1,-1,-1,-1,-1,-1,.,.,.,.,.,.,.,.,.,.,.,.,.,.,.,.,.,.,.,.,.,.,.,.,.,.,.,.,.,.,.,.,.,.,.,.,.,.,.,.,.,.,.,.,.,.,.,.,.,.,10000000000000001,11000000,100001,1001,101,10000001,100001,10001,101,101,10000000010000000,10000001,100001,1001,110,10000010,100001,10001,101,101,00000000000000000,00000000,000000,0000,000,00000000,000000,00000,000,000,.,.,.,.,.,.,.,.,.,.,.,.,.,.,.,.,.,.,.,.,.,.,.,.,.,.,.,.,.,.,.,.,.,.,.,.,.,.,.,.,.,.,.,.,.,.,.,.,.,.
050,MW09,ìﬂîeésà¿ó¢,ìﬂîeà¿ó¢,4,2,3,,ÇÔÇØÇË,wi_ki:,wi_ki:,w,i,k,i:,-1,-1,.,.,.,.,.,.,.,.,.,.,1,7,0,0,0,1,1,1,1,0,8,1,0,0,1,2,1,1,1,0,-1,-1,-1,-1,-1,-1,-1,-1,-1,-1,.,.,.,.,.,.,.,.,.,.,.,.,.,.,.,.,.,.,.,.,.,.,.,.,.,.,.,.,.,.,.,.,.,.,.,.,.,.,.,.,.,.,.,.,.,.,.,.,.,.,10000000000000001,11000000,100001,1001,101,10000001,100001,10001,101,101,10000000010000000,10000001,100001,1001,110,10000010,100001,10001,101,101,00000000000000000,00000000,000000,0000,000,00000000,000000,00000,000,000,.,.,.,.,.,.,.,.,.,.,.,.,.,.,.,.,.,.,.,.,.,.,.,.,.,.,.,.,.,.,.,.,.,.,.,.,.,.,.,.,.,.,.,.,.,.,.,.,.,.
051,HB04,ìÏïóå¥í¨åìèÈ,ìÏïóåìèÈ,4,2,3,,ÇÔÇØÇË,jiki_:,jiki_:,j,i,k,i:,-1,-1,.,.,.,.,.,.,.,.,.,.,7,7,0,0,0,1,1,1,1,0,8,1,0,0,1,2,1,1,1,0,-1,-1,-1,-1,-1,-1,-1,-1,-1,-1,.,.,.,.,.,.,.,.,.,.,.,.,.,.,.,.,.,.,.,.,.,.,.,.,.,.,.,.,.,.,.,.,.,.,.,.,.,.,.,.,.,.,.,.,.,.,.,.,.,.,10000000001000000,11000000,100001,1001,101,10000001,100001,10001,101,101,10000000010000000,10000001,100001,1001,110,10000010,100001,10001,101,101,00000000000000000,00000000,000000,0000,000,00000000,000000,00000,000,000,.,.,.,.,.,.,.,.,.,.,.,.,.,.,.,.,.,.,.,.,.,.,.,.,.,.,.,.,.,.,.,.,.,.,.,.,.,.,.,.,.,.,.,.,.,.,.,.,.,.
052,OZ02,ó^ìﬂå¥í¨ó^ìﬂå¥,ó^ìﬂó^ìﬂå¥,4,2,3,,ÇÔÇØÇË,wi_ki:,wi_ki:,w,i,k,i:,-1,-1,.,.,.,.,.,.,.,.,.,.,1,7,0,0,0,1,1,1,1,0,8,1,0,0,1,2,1,1,1,0,-1,-1,-1,-1,-1,-1,-1,-1,-1,-1,.,.,.,.,.,.,.,.,.,.,.,.,.,.,.,.,.,.,.,.,.,.,.,.,.,.,.,.,.,.,.,.,.,.,.,.,.,.,.,.,.,.,.,.,.,.,.,.,.,.,10000000000000001,11000000,100001,1001,101,10000001,100001,10001,101,101,10000000010000000,10000001,100001,1001,110,10000010,100001,10001,101,101,00000000000000000,00000000,000000,0000,000,00000000,000000,00000,000,000,.,.,.,.,.,.,.,.,.,.,.,.,.,.,.,.,.,.,.,.,.,.,.,.,.,.,.,.,.,.,.,.,.,.,.,.,.,.,.,.,.,.,.,.,.,.,.,.,.,.
053,OZ05,ãåëÂó¢ë∫å√åò2,ìÏèÈå√åò2,4,2,3,,ÇÔÇØÇË,wiki:,wiki:,w,i,k,i:,-1,-1,.,.,.,.,.,.,.,.,.,.,1,7,0,0,0,1,1,1,1,0,8,1,0,0,1,2,1,1,1,0,-1,-1,-1,-1,-1,-1,-1,-1,-1,-1,.,.,.,.,.,.,.,.,.,.,.,.,.,.,.,.,.,.,.,.,.,.,.,.,.,.,.,.,.,.,.,.,.,.,.,.,.,.,.,.,.,.,.,.,.,.,.,.,.,.,10000000000000001,11000000,100001,1001,101,10000001,100001,10001,101,101,10000000010000000,10000001,100001,1001,110,10000010,100001,10001,101,101,00000000000000000,00000000,000000,0000,000,00000000,000000,00000,000,000,.,.,.,.,.,.,.,.,.,.,.,.,.,.,.,.,.,.,.,.,.,.,.,.,.,.,.,.,.,.,.,.,.,.,.,.,.,.,.,.,.,.,.,.,.,.,.,.,.,.
054,SS05,ãåç≤ï~í¨ç≤ï~,ìÏèÈç≤ï~,4,2,3,,ÇÔÇØÇË,wi_ki:,wi_ki:,w,i,k,i:,-1,-1,.,.,.,.,.,.,.,.,.,.,1,7,0,0,0,1,1,1,1,0,8,1,0,0,1,2,1,1,1,0,-1,-1,-1,-1,-1,-1,-1,-1,-1,-1,.,.,.,.,.,.,.,.,.,.,.,.,.,.,.,.,.,.,.,.,.,.,.,.,.,.,.,.,.,.,.,.,.,.,.,.,.,.,.,.,.,.,.,.,.,.,.,.,.,.,10000000000000001,11000000,100001,1001,101,10000001,100001,10001,101,101,10000000010000000,10000001,100001,1001,110,10000010,100001,10001,101,101,00000000000000000,00000000,000000,0000,000,00000000,000000,00000,000,000,.,.,.,.,.,.,.,.,.,.,.,.,.,.,.,.,.,.,.,.,.,.,.,.,.,.,.,.,.,.,.,.,.,.,.,.,.,.,.,.,.,.,.,.,.,.,.,.,.,.
055,CN05,ãåímîOë∫ímîO,ìÏèÈímîO,4,2,3,,ÇÔÇØÇË,wi_ki:,wi_ki:,w,i,k,i:,-1,-1,.,.,.,.,.,.,.,.,.,.,1,7,0,0,0,1,1,1,1,0,8,1,0,0,1,2,1,1,1,0,-1,-1,-1,-1,-1,-1,-1,-1,-1,-1,.,.,.,.,.,.,.,.,.,.,.,.,.,.,.,.,.,.,.,.,.,.,.,.,.,.,.,.,.,.,.,.,.,.,.,.,.,.,.,.,.,.,.,.,.,.,.,.,.,.,10000000000000001,11000000,100001,1001,101,10000001,100001,10001,101,101,10000000010000000,10000001,100001,1001,110,10000010,100001,10001,101,101,00000000000000000,00000000,000000,0000,000,00000000,000000,00000,000,000,.,.,.,.,.,.,.,.,.,.,.,.,.,.,.,.,.,.,.,.,.,.,.,.,.,.,.,.,.,.,.,.,.,.,.,.,.,.,.,.,.,.,.,.,.,.,.,.,.,.
056,CN08,ãåímîOë∫ãvçÇ,ìÏèÈãvçÇ,4,2,3,,ÇÔÇØÇË,_jiki:,jiki:,j,i,k,i:,-1,-1,.,.,.,.,.,.,.,.,.,.,7,7,0,0,0,1,1,1,1,0,8,1,0,0,1,2,1,1,1,0,-1,-1,-1,-1,-1,-1,-1,-1,-1,-1,.,.,.,.,.,.,.,.,.,.,.,.,.,.,.,.,.,.,.,.,.,.,.,.,.,.,.,.,.,.,.,.,.,.,.,.,.,.,.,.,.,.,.,.,.,.,.,.,.,.,10000000001000000,11000000,100001,1001,101,10000001,100001,10001,101,101,10000000010000000,10000001,100001,1001,110,10000010,100001,10001,101,101,00000000000000000,00000000,000000,0000,000,00000000,000000,00000,000,000,.,.,.,.,.,.,.,.,.,.,.,.,.,.,.,.,.,.,.,.,.,.,.,.,.,.,.,.,.,.,.,.,.,.,.,.,.,.,.,.,.,.,.,.,.,.,.,.,.,.
057,TM03,ãåã èÈë∫ã èÈ,ìÏèÈã èÈ,4,2,3,,ÇÔÇØÇË,wi_ki_,wi_ki_,w,i,k,i:,-1,-1,.,.,.,.,.,.,.,.,.,.,1,7,0,0,0,1,1,1,1,0,8,1,0,0,1,2,1,1,1,0,-1,-1,-1,-1,-1,-1,-1,-1,-1,-1,.,.,.,.,.,.,.,.,.,.,.,.,.,.,.,.,.,.,.,.,.,.,.,.,.,.,.,.,.,.,.,.,.,.,.,.,.,.,.,.,.,.,.,.,.,.,.,.,.,.,10000000000000001,11000000,100001,1001,101,10000001,100001,10001,101,101,10000000010000000,10000001,100001,1001,110,10000010,100001,10001,101,101,00000000000000000,00000000,000000,0000,000,00000000,000000,00000,000,000,.,.,.,.,.,.,.,.,.,.,.,.,.,.,.,.,.,.,.,.,.,.,.,.,.,.,.,.,.,.,.,.,.,.,.,.,.,.,.,.,.,.,.,.,.,.,.,.,.,.
058,TM07,ãåã èÈë∫éÖêî,ìÏèÈéÖêî,4,2,3,,ÇÔÇØÇË,wiki__,wiki__,w,i,k,i:,-1,-1,.,.,.,.,.,.,.,.,.,.,1,7,0,0,0,1,1,1,1,0,8,1,0,0,1,2,1,1,1,0,-1,-1,-1,-1,-1,-1,-1,-1,-1,-1,.,.,.,.,.,.,.,.,.,.,.,.,.,.,.,.,.,.,.,.,.,.,.,.,.,.,.,.,.,.,.,.,.,.,.,.,.,.,.,.,.,.,.,.,.,.,.,.,.,.,10000000000000001,11000000,100001,1001,101,10000001,100001,10001,101,101,10000000010000000,10000001,100001,1001,110,10000010,100001,10001,101,101,00000000000000000,00000000,000000,0000,000,00000000,000000,00000,000,000,.,.,.,.,.,.,.,.,.,.,.,.,.,.,.,.,.,.,.,.,.,.,.,.,.,.,.,.,.,.,.,.,.,.,.,.,.,.,.,.,.,.,.,.,.,.,.,.,.,.
059,GC02,ãåãÔéuì™ë∫ãÔéuì™,î™èdãÔéuì™,4,2,3,,ÇÔÇØÇË,wi_ki__,wi_ki__,w,i,k,i:,-1,-1,.,.,.,.,.,.,.,.,.,.,1,7,0,0,0,1,1,1,1,0,8,1,0,0,1,2,1,1,1,0,-1,-1,-1,-1,-1,-1,-1,-1,-1,-1,.,.,.,.,.,.,.,.,.,.,.,.,.,.,.,.,.,.,.,.,.,.,.,.,.,.,.,.,.,.,.,.,.,.,.,.,.,.,.,.,.,.,.,.,.,.,.,.,.,.,10000000000000001,11000000,100001,1001,101,10000001,100001,10001,101,101,10000000010000000,10000001,100001,1001,110,10000010,100001,10001,101,101,00000000000000000,00000000,000000,0000,000,00000000,000000,00000,000,000,.,.,.,.,.,.,.,.,.,.,.,.,.,.,.,.,.,.,.,.,.,.,.,.,.,.,.,.,.,.,.,.,.,.,.,.,.,.,.,.,.,.,.,.,.,.,.,.,.,.
060,KD02,ãåìåïóïΩí¨óFäÒ,î™èdóFäÒ,4,2,3,,ÇÔÇØÇË,wiki__,wiki__,w,i,k,i:,-1,-1,.,.,.,.,.,.,.,.,.,.,1,7,0,0,0,1,1,1,1,0,8,1,0,0,1,2,1,1,1,0,-1,-1,-1,-1,-1,-1,-1,-1,-1,-1,.,.,.,.,.,.,.,.,.,.,.,.,.,.,.,.,.,.,.,.,.,.,.,.,.,.,.,.,.,.,.,.,.,.,.,.,.,.,.,.,.,.,.,.,.,.,.,.,.,.,10000000000000001,11000000,100001,1001,101,10000001,100001,10001,101,101,10000000010000000,10000001,100001,1001,110,10000010,100001,10001,101,101,00000000000000000,00000000,000000,0000,000,00000000,000000,00000,000,000,.,.,.,.,.,.,.,.,.,.,.,.,.,.,.,.,.,.,.,.,.,.,.,.,.,.,.,.,.,.,.,.,.,.,.,.,.,.,.,.,.,.,.,.,.,.,.,.,.,.
061,MN03,éÖñûésïƒê{,éÖñûïƒê{,4,2,3,,ÇÔÇØÇË,hiki__,hiki__,h,i,k,i:,-1,-1,.,.,.,.,.,.,.,.,.,.,11,2,0,0,1,1,1,1,1,0,8,1,0,0,1,2,1,1,1,0,-1,-1,-1,-1,-1,-1,-1,-1,-1,-1,.,.,.,.,.,.,.,.,.,.,.,.,.,.,.,.,.,.,.,.,.,.,.,.,.,.,.,.,.,.,.,.,.,.,.,.,.,.,.,.,.,.,.,.,.,.,.,.,.,.,10000010000000000,10000010,100001,1001,110,10000001,100001,10001,101,101,10000000010000000,10000001,100001,1001,110,10000010,100001,10001,101,101,00000000000000000,00000000,000000,0000,000,00000000,000000,00000,000,000,.,.,.,.,.,.,.,.,.,.,.,.,.,.,.,.,.,.,.,.,.,.,.,.,.,.,.,.,.,.,.,.,.,.,.,.,.,.,.,.,.,.,.,.,.,.,.,.,.,.
062,KY02,éÖñûésäÏâÆïê,éÖñûäÏâÆïê,4,2,3,,ÇÔÇØÇË,wiki_,wiki_,w,i,k,i:,-1,-1,.,.,.,.,.,.,.,.,.,.,1,7,0,0,0,1,1,1,1,0,8,1,0,0,1,2,1,1,1,0,-1,-1,-1,-1,-1,-1,-1,-1,-1,-1,.,.,.,.,.,.,.,.,.,.,.,.,.,.,.,.,.,.,.,.,.,.,.,.,.,.,.,.,.,.,.,.,.,.,.,.,.,.,.,.,.,.,.,.,.,.,.,.,.,.,10000000000000001,11000000,100001,1001,101,10000001,100001,10001,101,101,10000000010000000,10000001,100001,1001,110,10000010,100001,10001,101,101,00000000000000000,00000000,000000,0000,000,00000000,000000,00000,000,000,.,.,.,.,.,.,.,.,.,.,.,.,.,.,.,.,.,.,.,.,.,.,.,.,.,.,.,.,.,.,.,.,.,.,.,.,.,.,.,.,.,.,.,.,.,.,.,.,.,.
063,MK07,éÖñûésê^ï«,éÖñûê^ï«,4,2,3,,ÇÔÇØÇË,wi_ki_,wi_ki_,w,i,k,i:,-1,-1,.,.,.,.,.,.,.,.,.,.,1,7,0,0,0,1,1,1,1,0,8,1,0,0,1,2,1,1,1,0,-1,-1,-1,-1,-1,-1,-1,-1,-1,-1,.,.,.,.,.,.,.,.,.,.,.,.,.,.,.,.,.,.,.,.,.,.,.,.,.,.,.,.,.,.,.,.,.,.,.,.,.,.,.,.,.,.,.,.,.,.,.,.,.,.,10000000000000001,11000000,100001,1001,101,10000001,100001,10001,101,101,10000000010000000,10000001,100001,1001,110,10000010,100001,10001,101,101,00000000000000000,00000000,000000,0000,000,00000000,000000,00000,000,000,.,.,.,.,.,.,.,.,.,.,.,.,.,.,.,.,.,.,.,.,.,.,.,.,.,.,.,.,.,.,.,.,.,.,.,.,.,.,.,.,.,.,.,.,.,.,.,.,.,.
064,TK04,éÖñûésçëãg,éÖñûçëãg,4,2,3,,ÇÔÇØÇË,wiki__,wiki__,w,i,k,i:,-1,-1,.,.,.,.,.,.,.,.,.,.,1,7,0,0,0,1,1,1,1,0,8,1,0,0,1,2,1,1,1,0,-1,-1,-1,-1,-1,-1,-1,-1,-1,-1,.,.,.,.,.,.,.,.,.,.,.,.,.,.,.,.,.,.,.,.,.,.,.,.,.,.,.,.,.,.,.,.,.,.,.,.,.,.,.,.,.,.,.,.,.,.,.,.,.,.,10000000000000001,11000000,100001,1001,101,10000001,100001,10001,101,101,10000000010000000,10000001,100001,1001,110,10000010,100001,10001,101,101,00000000000000000,00000000,000000,0000,000,00000000,000000,00000,000,000,.,.,.,.,.,.,.,.,.,.,.,.,.,.,.,.,.,.,.,.,.,.,.,.,.,.,.,.,.,.,.,.,.,.,.,.,.,.,.,.,.,.,.,.,.,.,.,.,.,.
065,KN07,éÖñûésåìèÈ,éÖñûåìèÈ,4,2,3,,ÇÔÇØÇË,wi_ki_,wi_ki_,w,i,k,i:,-1,-1,.,.,.,.,.,.,.,.,.,.,1,7,0,0,0,1,1,1,1,0,8,1,0,0,1,2,1,1,1,0,-1,-1,-1,-1,-1,-1,-1,-1,-1,-1,.,.,.,.,.,.,.,.,.,.,.,.,.,.,.,.,.,.,.,.,.,.,.,.,.,.,.,.,.,.,.,.,.,.,.,.,.,.,.,.,.,.,.,.,.,.,.,.,.,.,10000000000000001,11000000,100001,1001,101,10000001,100001,10001,101,101,10000000010000000,10000001,100001,1001,110,10000010,100001,10001,101,101,00000000000000000,00000000,000000,0000,000,00000000,000000,00000,000,000,.,.,.,.,.,.,.,.,.,.,.,.,.,.,.,.,.,.,.,.,.,.,.,.,.,.,.,.,.,.,.,.,.,.,.,.,.,.,.,.,.,.,.,.,.,.,.,.,.,.
066,TG17,ñLå©èÈë∫ï€âhñŒ,ñLå©ï€âhñŒ,4,2,3,,ÇÔÇØÇË,_wi_ki_,_wi_ki_,w,i,k,i:,-1,-1,.,.,.,.,.,.,.,.,.,.,1,7,0,0,0,1,1,1,1,0,8,1,0,0,1,2,1,1,1,0,-1,-1,-1,-1,-1,-1,-1,-1,-1,-1,.,.,.,.,.,.,.,.,.,.,.,.,.,.,.,.,.,.,.,.,.,.,.,.,.,.,.,.,.,.,.,.,.,.,.,.,.,.,.,.,.,.,.,.,.,.,.,.,.,.,10000000000000001,11000000,100001,1001,101,10000001,100001,10001,101,101,10000000010000000,10000001,100001,1001,110,10000010,100001,10001,101,101,00000000000000000,00000000,000000,0000,000,00000000,000000,00000,000,000,.,.,.,.,.,.,.,.,.,.,.,.,.,.,.,.,.,.,.,.,.,.,.,.,.,.,.,.,.,.,.,.,.,.,.,.,.,.,.,.,.,.,.,.,.,.,.,.,.,.
067,OR02,ìﬂîeésè¨ò\à¿éüó‰,ìﬂîeà¿éüó‰,4,2,3,,ÇÔÇØÇË,wiki__/jikiga_o_de_,wiki__,w,i,k,i:,-1,-1,.,.,.,.,.,.,.,.,.,.,1,7,0,0,0,1,1,1,1,0,8,1,0,0,1,2,1,1,1,0,-1,-1,-1,-1,-1,-1,-1,-1,-1,-1,.,.,.,.,.,.,.,.,.,.,.,.,.,.,.,.,.,.,.,.,.,.,.,.,.,.,.,.,.,.,.,.,.,.,.,.,.,.,.,.,.,.,.,.,.,.,.,.,.,.,10000000000000001,11000000,100001,1001,101,10000001,100001,10001,101,101,10000000010000000,10000001,100001,1001,110,10000010,100001,10001,101,101,00000000000000000,00000000,000000,0000,000,00000000,000000,00000,000,000,.,.,.,.,.,.,.,.,.,.,.,.,.,.,.,.,.,.,.,.,.,.,.,.,.,.,.,.,.,.,.,.,.,.,.,.,.,.,.,.,.,.,.,.,.,.,.,.,.,.
068,TO02,ìnâ√ï~ë∫à¢îgòA,ìnâ√à¢îgòA,4,2,3,,ÇÔÇØÇË,wiki__,wiki__,w,i,k,i:,-1,-1,.,.,.,.,.,.,.,.,.,.,1,7,0,0,0,1,1,1,1,0,8,1,0,0,1,2,1,1,1,0,-1,-1,-1,-1,-1,-1,-1,-1,-1,-1,.,.,.,.,.,.,.,.,.,.,.,.,.,.,.,.,.,.,.,.,.,.,.,.,.,.,.,.,.,.,.,.,.,.,.,.,.,.,.,.,.,.,.,.,.,.,.,.,.,.,10000000000000001,11000000,100001,1001,101,10000001,100001,10001,101,101,10000000010000000,10000001,100001,1001,110,10000010,100001,10001,101,101,00000000000000000,00000000,000000,0000,000,00000000,000000,00000,000,000,.,.,.,.,.,.,.,.,.,.,.,.,.,.,.,.,.,.,.,.,.,.,.,.,.,.,.,.,.,.,.,.,.,.,.,.,.,.,.,.,.,.,.,.,.,.,.,.,.,.
069,ZM04,ç¿ä‘ñ°ë∫à¢â√,ç¿ä‘à¢â√,4,2,3,,ÇÔÇØÇË,_wiki_,_wiki_,w,i,k,i:,-1,-1,.,.,.,.,.,.,.,.,.,.,1,7,0,0,0,1,1,1,1,0,8,1,0,0,1,2,1,1,1,0,-1,-1,-1,-1,-1,-1,-1,-1,-1,-1,.,.,.,.,.,.,.,.,.,.,.,.,.,.,.,.,.,.,.,.,.,.,.,.,.,.,.,.,.,.,.,.,.,.,.,.,.,.,.,.,.,.,.,.,.,.,.,.,.,.,10000000000000001,11000000,100001,1001,101,10000001,100001,10001,101,101,10000000010000000,10000001,100001,1001,110,10000010,100001,10001,101,101,00000000000000000,00000000,000000,0000,000,00000000,000000,00000,000,000,.,.,.,.,.,.,.,.,.,.,.,.,.,.,.,.,.,.,.,.,.,.,.,.,.,.,.,.,.,.,.,.,.,.,.,.,.,.,.,.,.,.,.,.,.,.,.,.,.,.
070,AG01,àæçëë∫àæçëïl,àæçëïl,4,2,3,,ÇÔÇØÇË,c_i_ki_,c_i_ki_,hj,i,k,i:,-1,-1,.,.,.,.,.,.,.,.,.,.,7,3,0,0,1,1,1,1,1,0,8,1,0,0,1,2,1,1,1,0,-1,-1,-1,-1,-1,-1,-1,-1,-1,-1,.,.,.,.,.,.,.,.,.,.,.,.,.,.,.,.,.,.,.,.,.,.,.,.,.,.,.,.,.,.,.,.,.,.,.,.,.,.,.,.,.,.,.,.,.,.,.,.,.,.,10000000001000000,10000100,100001,1001,110,10000001,100001,10001,101,101,10000000010000000,10000001,100001,1001,110,10000010,100001,10001,101,101,00000000000000000,00000000,000000,0000,000,00000000,000000,00000,000,000,.,.,.,.,.,.,.,.,.,.,.,.,.,.,.,.,.,.,.,.,.,.,.,.,.,.,.,.,.,.,.,.,.,.,.,.,.,.,.,.,.,.,.,.,.,.,.,.,.,.
071,TN01,ìnñºäÏë∫ìnñºäÏêº,ìnñºäÏêº,4,2,3,,ÇÔÇØÇË,wi_ki_,wi_ki_,w,i,k,i:,-1,-1,.,.,.,.,.,.,.,.,.,.,1,7,0,0,0,1,1,1,1,0,8,1,0,0,1,2,1,1,1,0,-1,-1,-1,-1,-1,-1,-1,-1,-1,-1,.,.,.,.,.,.,.,.,.,.,.,.,.,.,.,.,.,.,.,.,.,.,.,.,.,.,.,.,.,.,.,.,.,.,.,.,.,.,.,.,.,.,.,.,.,.,.,.,.,.,10000000000000001,11000000,100001,1001,101,10000001,100001,10001,101,101,10000000010000000,10000001,100001,1001,110,10000010,100001,10001,101,101,00000000000000000,00000000,000000,0000,000,00000000,000000,00000,000,000,.,.,.,.,.,.,.,.,.,.,.,.,.,.,.,.,.,.,.,.,.,.,.,.,.,.,.,.,.,.,.,.,.,.,.,.,.,.,.,.,.,.,.,.,.,.,.,.,.,.
072,NA04,ãåíáó¢ë∫ê^é”,ãvïƒê^é”,4,2,3,,ÇÔÇØÇË,wi_ki__,wi_ki__,w,i,k,i:,-1,-1,.,.,.,.,.,.,.,.,.,.,1,7,0,0,0,1,1,1,1,0,8,1,0,0,1,2,1,1,1,0,-1,-1,-1,-1,-1,-1,-1,-1,-1,-1,.,.,.,.,.,.,.,.,.,.,.,.,.,.,.,.,.,.,.,.,.,.,.,.,.,.,.,.,.,.,.,.,.,.,.,.,.,.,.,.,.,.,.,.,.,.,.,.,.,.,10000000000000001,11000000,100001,1001,101,10000001,100001,10001,101,101,10000000010000000,10000001,100001,1001,110,10000010,100001,10001,101,101,00000000000000000,00000000,000000,0000,000,00000000,000000,00000,000,000,.,.,.,.,.,.,.,.,.,.,.,.,.,.,.,.,.,.,.,.,.,.,.,.,.,.,.,.,.,.,.,.,.,.,.,.,.,.,.,.,.,.,.,.,.,.,.,.,.,.
073,KG03,ãåãÔéuêÏë∫åìèÈ,ãvïƒåìèÈ,4,2,3,,ÇÔÇØÇË,_wiki_,_wiki_,w,i,k,i:,-1,-1,.,.,.,.,.,.,.,.,.,.,1,7,0,0,0,1,1,1,1,0,8,1,0,0,1,2,1,1,1,0,-1,-1,-1,-1,-1,-1,-1,-1,-1,-1,.,.,.,.,.,.,.,.,.,.,.,.,.,.,.,.,.,.,.,.,.,.,.,.,.,.,.,.,.,.,.,.,.,.,.,.,.,.,.,.,.,.,.,.,.,.,.,.,.,.,10000000000000001,11000000,100001,1001,101,10000001,100001,10001,101,101,10000000010000000,10000001,100001,1001,110,10000010,100001,10001,101,101,00000000000000000,00000000,000000,0000,000,00000000,000000,00000,000,000,.,.,.,.,.,.,.,.,.,.,.,.,.,.,.,.,.,.,.,.,.,.,.,.,.,.,.,.,.,.,.,.,.,.,.,.,.,.,.,.,.,.,.,.,.,.,.,.,.,.
074,HR03,ã{å√ìáésírä‘,ã{å√írä‘,-9,-9,-9,,NR,biki_wutu_a,biki_wutu_a,-9,-9,-9,-9,-9,-9,.,.,.,.,.,.,.,.,.,.,-9,-9,-9,-9,-9,-9,-9,-9,-9,-9,-9,-9,-9,-9,-9,-9,-9,-9,-9,-9,-9,-9,-9,-9,-9,-9,-9,-9,-9,-9,.,.,.,.,.,.,.,.,.,.,.,.,.,.,.,.,.,.,.,.,.,.,.,.,.,.,.,.,.,.,.,.,.,.,.,.,.,.,.,.,.,.,.,.,.,.,.,.,.,.,?????????????????,????????,??????,????,???,????????,??????,?????,???,???,?????????????????,????????,??????,????,???,????????,??????,?????,???,???,?????????????????,????????,??????,????,???,????????,??????,?????,???,???,.,.,.,.,.,.,.,.,.,.,.,.,.,.,.,.,.,.,.,.,.,.,.,.,.,.,.,.,.,.,.,.,.,.,.,.,.,.,.,.,.,.,.,.,.,.,.,.,.,.
075,HR05,ã{å√ìáésëÂê_,ã{å√ëÂê_,4,2,3,,ÇÔÇØÇË,pi_ki_,pi_ki_,p,i,k,i,-1,y,.,.,.,.,.,.,.,.,.,.,1,1,0,0,1,1,1,1,1,0,8,1,0,0,1,1,1,1,1,0,-1,-1,-1,-1,-1,1,1,4,1,0,.,.,.,.,.,.,.,.,.,.,.,.,.,.,.,.,.,.,.,.,.,.,.,.,.,.,.,.,.,.,.,.,.,.,.,.,.,.,.,.,.,.,.,.,.,.,.,.,.,.,10000000000000001,10000001,100001,1001,110,10000001,100001,10001,101,101,10000000010000000,10000001,100001,1001,110,10000001,100001,10001,101,101,00000000000000000,00000000,000000,0000,000,10000001,100001,11000,101,101,.,.,.,.,.,.,.,.,.,.,.,.,.,.,.,.,.,.,.,.,.,.,.,.,.,.,.,.,.,.,.,.,.,.,.,.,.,.,.,.,.,.,.,.,.,.,.,.,.,.
076,HR06,ã{å√ìáésïΩó«éÎñì,ã{å√éÎñì,4,2,3,,ÇÔÇØÇË,b_k__,b_k__,b,i,k,i,-1,y,.,.,.,.,.,.,.,.,.,.,1,1,0,0,0,1,1,1,1,0,8,1,0,0,1,1,1,1,1,0,-1,-1,-1,-1,-1,1,1,4,1,0,.,.,.,.,.,.,.,.,.,.,.,.,.,.,.,.,.,.,.,.,.,.,.,.,.,.,.,.,.,.,.,.,.,.,.,.,.,.,.,.,.,.,.,.,.,.,.,.,.,.,10000000000000001,10000001,100001,1001,101,10000001,100001,10001,101,101,10000000010000000,10000001,100001,1001,110,10000001,100001,10001,101,101,00000000000000000,00000000,000000,0000,000,10000001,100001,11000,101,101,.,.,.,.,.,.,.,.,.,.,.,.,.,.,.,.,.,.,.,.,.,.,.,.,.,.,.,.,.,.,.,.,.,.,.,.,.,.,.,.,.,.,.,.,.,.,.,.,.,.
077,HR12,ã{å√ìáésïΩó«ìåíáè@ç™,ã{å√ìåíáè@,4,2,3,,ÇÔÇØÇË,biki_,biki_,b,i,k,i,-1,y,.,.,.,.,.,.,.,.,.,.,1,1,0,0,0,1,1,1,1,0,8,1,0,0,1,1,1,1,1,0,-1,-1,-1,-1,-1,1,1,4,1,0,.,.,.,.,.,.,.,.,.,.,.,.,.,.,.,.,.,.,.,.,.,.,.,.,.,.,.,.,.,.,.,.,.,.,.,.,.,.,.,.,.,.,.,.,.,.,.,.,.,.,10000000000000001,10000001,100001,1001,101,10000001,100001,10001,101,101,10000000010000000,10000001,100001,1001,110,10000001,100001,10001,101,101,00000000000000000,00000000,000000,0000,000,10000001,100001,11000,101,101,.,.,.,.,.,.,.,.,.,.,.,.,.,.,.,.,.,.,.,.,.,.,.,.,.,.,.,.,.,.,.,.,.,.,.,.,.,.,.,.,.,.,.,.,.,.,.,.,.,.
078,SZ04,ã{å√ìáésâ∫ínó^ìﬂîe,ã{å√ó^ìﬂîe,4,2,3,,ÇÔÇØÇË,biki:z,biki:z,b,i,k,i:,z,-1,.,.,.,.,.,.,.,.,.,.,1,1,0,0,0,1,1,1,1,0,8,1,0,0,1,2,1,1,1,0,4,3,0,0,0,-1,-1,-1,-1,-1,.,.,.,.,.,.,.,.,.,.,.,.,.,.,.,.,.,.,.,.,.,.,.,.,.,.,.,.,.,.,.,.,.,.,.,.,.,.,.,.,.,.,.,.,.,.,.,.,.,.,10000000000000001,10000001,100001,1001,101,10000001,100001,10001,101,101,10000000010000000,10000001,100001,1001,110,10000010,100001,10001,101,101,10000000000001000,10000100,100001,1001,101,00000000,000000,00000,000,000,.,.,.,.,.,.,.,.,.,.,.,.,.,.,.,.,.,.,.,.,.,.,.,.,.,.,.,.,.,.,.,.,.,.,.,.,.,.,.,.,.,.,.,.,.,.,.,.,.,.
079,SG16,ã{å√ìáésè„ñÏã{çë,ã{å√ã{çë,4,2,3,,ÇÔÇØÇË,biki_z_,biki_z_,b,i,k,i,-1,y,.,.,.,.,.,.,.,.,.,.,1,1,0,0,0,1,1,1,1,0,8,1,0,0,1,1,1,1,1,0,-1,-1,-1,-1,-1,1,1,4,1,0,.,.,.,.,.,.,.,.,.,.,.,.,.,.,.,.,.,.,.,.,.,.,.,.,.,.,.,.,.,.,.,.,.,.,.,.,.,.,.,.,.,.,.,.,.,.,.,.,.,.,10000000000000001,10000001,100001,1001,101,10000001,100001,10001,101,101,10000000010000000,10000001,100001,1001,110,10000001,100001,10001,101,101,00000000000000000,00000000,000000,0000,000,10000001,100001,11000,101,101,.,.,.,.,.,.,.,.,.,.,.,.,.,.,.,.,.,.,.,.,.,.,.,.,.,.,.,.,.,.,.,.,.,.,.,.,.,.,.,.,.,.,.,.,.,.,.,.,.,.
080,SG04,ã{å√ìáésà…ó«ïîà…ó«ïî,ã{å√à…ó«ïî,4,2,3,,ÇÔÇØÇË,bikiz_,bikiz_,b,i,k,i,z,-1,.,.,.,.,.,.,.,.,.,.,1,1,0,0,0,1,1,1,1,0,8,1,0,0,1,1,1,1,1,0,4,3,0,0,0,-1,-1,-1,-1,-1,.,.,.,.,.,.,.,.,.,.,.,.,.,.,.,.,.,.,.,.,.,.,.,.,.,.,.,.,.,.,.,.,.,.,.,.,.,.,.,.,.,.,.,.,.,.,.,.,.,.,10000000000000001,10000001,100001,1001,101,10000001,100001,10001,101,101,10000000010000000,10000001,100001,1001,110,10000001,100001,10001,101,101,10000000000001000,10000100,100001,1001,101,00000000,000000,00000,000,000,.,.,.,.,.,.,.,.,.,.,.,.,.,.,.,.,.,.,.,.,.,.,.,.,.,.,.,.,.,.,.,.,.,.,.,.,.,.,.,.,.,.,.,.,.,.,.,.,.,.
081,TR03,ëΩó«ä‘ë∫íáãÿ,ëΩó«ä‘íáãÿ,4,2,3,,ÇÔÇØÇË,biki_/biki_,biki_,b,i,k,i,l,-1,.,.,.,.,.,.,.,.,.,.,1,1,0,0,0,1,1,1,1,0,8,1,0,0,1,1,1,1,1,0,7,1,0,0,1,-1,-1,-1,-1,-1,.,.,.,.,.,.,.,.,.,.,.,.,.,.,.,.,.,.,.,.,.,.,.,.,.,.,.,.,.,.,.,.,.,.,.,.,.,.,.,.,.,.,.,.,.,.,.,.,.,.,10000000000000001,10000001,100001,1001,101,10000001,100001,10001,101,101,10000000010000000,10000001,100001,1001,110,10000001,100001,10001,101,101,10000000001000000,10000001,100001,1001,110,00000000,000000,00000,000,000,.,.,.,.,.,.,.,.,.,.,.,.,.,.,.,.,.,.,.,.,.,.,.,.,.,.,.,.,.,.,.,.,.,.,.,.,.,.,.,.,.,.,.,.,.,.,.,.,.,.
082,OH05,êŒä_ésìoñÏèÈ,êŒä_ìoñÏèÈ,7,3,3,,ÇÔÇØÇË,bi_ir_,bi_ir_,b,i,g,i,r,y,.,.,.,.,.,.,.,.,.,.,1,1,0,0,0,1,1,1,1,0,8,1,0,0,0,1,1,1,1,0,4,5,0,0,0,1,1,4,1,0,.,.,.,.,.,.,.,.,.,.,.,.,.,.,.,.,.,.,.,.,.,.,.,.,.,.,.,.,.,.,.,.,.,.,.,.,.,.,.,.,.,.,.,.,.,.,.,.,.,.,10000000000000001,10000001,100001,1001,101,10000001,100001,10001,101,101,10000000010000000,10000001,100001,1001,101,10000001,100001,10001,101,101,10000000000001000,10010000,100001,1001,101,10000001,100001,11000,101,101,.,.,.,.,.,.,.,.,.,.,.,.,.,.,.,.,.,.,.,.,.,.,.,.,.,.,.,.,.,.,.,.,.,.,.,.,.,.,.,.,.,.,.,.,.,.,.,.,.,.
083,OH02,êŒä_ésëÂïl,êŒä_ëÂïl,7,3,3,,ÇÔÇØÇË,b__i_r_,b__i_r_,b,y,g,i,r,y,.,.,.,.,.,.,.,.,.,.,1,1,0,0,0,1,1,4,1,0,8,1,0,0,0,1,1,1,1,0,4,5,0,0,0,1,1,4,1,0,.,.,.,.,.,.,.,.,.,.,.,.,.,.,.,.,.,.,.,.,.,.,.,.,.,.,.,.,.,.,.,.,.,.,.,.,.,.,.,.,.,.,.,.,.,.,.,.,.,.,10000000000000001,10000001,100001,1001,101,10000001,100001,11000,101,101,10000000010000000,10000001,100001,1001,101,10000001,100001,10001,101,101,10000000000001000,10010000,100001,1001,101,10000001,100001,11000,101,101,.,.,.,.,.,.,.,.,.,.,.,.,.,.,.,.,.,.,.,.,.,.,.,.,.,.,.,.,.,.,.,.,.,.,.,.,.,.,.,.,.,.,.,.,.,.,.,.,.,.
084,MR06,êŒä_ésã{ó«,êŒä_ã{ó«,7,3,3,,ÇÔÇØÇË,bi_iru,bi_iru,b,i,g,i,r,u,.,.,.,.,.,.,.,.,.,.,1,1,0,0,0,1,1,1,1,0,8,1,0,0,0,1,1,1,1,0,4,5,0,0,0,1,1,3,2,0,.,.,.,.,.,.,.,.,.,.,.,.,.,.,.,.,.,.,.,.,.,.,.,.,.,.,.,.,.,.,.,.,.,.,.,.,.,.,.,.,.,.,.,.,.,.,.,.,.,.,10000000000000001,10000001,100001,1001,101,10000001,100001,10001,101,101,10000000010000000,10000001,100001,1001,101,10000001,100001,10001,101,101,10000000000001000,10010000,100001,1001,101,10000001,100001,10100,110,101,.,.,.,.,.,.,.,.,.,.,.,.,.,.,.,.,.,.,.,.,.,.,.,.,.,.,.,.,.,.,.,.,.,.,.,.,.,.,.,.,.,.,.,.,.,.,.,.,.,.
085,MR02,êŒä_ésïΩãvï€,êŒä_ïΩãvï€,7,3,3,,ÇÔÇØÇË,bi__i_r_,bi__i_r_,b,i,g,i,r,y,.,.,.,.,.,.,.,.,.,.,1,1,0,0,0,1,1,1,1,0,8,1,0,0,0,1,1,1,1,0,4,5,0,0,0,1,1,4,1,0,.,.,.,.,.,.,.,.,.,.,.,.,.,.,.,.,.,.,.,.,.,.,.,.,.,.,.,.,.,.,.,.,.,.,.,.,.,.,.,.,.,.,.,.,.,.,.,.,.,.,10000000000000001,10000001,100001,1001,101,10000001,100001,10001,101,101,10000000010000000,10000001,100001,1001,101,10000001,100001,10001,101,101,10000000000001000,10010000,100001,1001,101,10000001,100001,11000,101,101,.,.,.,.,.,.,.,.,.,.,.,.,.,.,.,.,.,.,.,.,.,.,.,.,.,.,.,.,.,.,.,.,.,.,.,.,.,.,.,.,.,.,.,.,.,.,.,.,.,.
086,IG15,êŒä_ésïxñÏ,êŒä_ïxñÏ,7,3,3,,ÇÔÇØÇË,bi_i_r_,bi_i_r_,b,i,g,i,r,y,.,.,.,.,.,.,.,.,.,.,1,1,0,0,0,1,1,1,1,0,8,1,0,0,0,1,1,1,1,0,4,5,0,0,0,1,1,4,1,0,.,.,.,.,.,.,.,.,.,.,.,.,.,.,.,.,.,.,.,.,.,.,.,.,.,.,.,.,.,.,.,.,.,.,.,.,.,.,.,.,.,.,.,.,.,.,.,.,.,.,10000000000000001,10000001,100001,1001,101,10000001,100001,10001,101,101,10000000010000000,10000001,100001,1001,101,10000001,100001,10001,101,101,10000000000001000,10010000,100001,1001,101,10000001,100001,11000,101,101,.,.,.,.,.,.,.,.,.,.,.,.,.,.,.,.,.,.,.,.,.,.,.,.,.,.,.,.,.,.,.,.,.,.,.,.,.,.,.,.,.,.,.,.,.,.,.,.,.,.
087,IG08,í|ïxí¨í|ïx,í|ïxí|ïx,5,2,3,,ÇÔÇØÇË,bi_ru,bi_ru,b,i:,-1,i:,r,u,.,.,.,.,.,.,.,.,.,.,1,1,0,0,0,2,1,1,1,0,-1,-1,-1,-1,-1,2,1,1,1,0,4,5,0,0,0,1,1,3,2,0,.,.,.,.,.,.,.,.,.,.,.,.,.,.,.,.,.,.,.,.,.,.,.,.,.,.,.,.,.,.,.,.,.,.,.,.,.,.,.,.,.,.,.,.,.,.,.,.,.,.,10000000000000001,10000001,100001,1001,101,10000010,100001,10001,101,101,00000000000000000,00000000,000000,0000,000,10000010,100001,10001,101,101,10000000000001000,10010000,100001,1001,101,10000001,100001,10100,110,101,.,.,.,.,.,.,.,.,.,.,.,.,.,.,.,.,.,.,.,.,.,.,.,.,.,.,.,.,.,.,.,.,.,.,.,.,.,.,.,.,.,.,.,.,.,.,.,.,.,.
088,IG10,í|ïxí¨çïìá,í|ïxçïìá,7,3,3,,ÇÔÇØÇË,bikir_,bikir_,b,i,k,i,r,-1,.,.,.,.,.,.,.,.,.,.,1,1,0,0,0,1,1,1,1,0,8,1,0,0,1,1,1,1,1,0,4,5,0,0,0,-1,-1,-1,-1,-1,.,.,.,.,.,.,.,.,.,.,.,.,.,.,.,.,.,.,.,.,.,.,.,.,.,.,.,.,.,.,.,.,.,.,.,.,.,.,.,.,.,.,.,.,.,.,.,.,.,.,10000000000000001,10000001,100001,1001,101,10000001,100001,10001,101,101,10000000010000000,10000001,100001,1001,110,10000001,100001,10001,101,101,10000000000001000,10010000,100001,1001,101,00000000,000000,00000,000,000,.,.,.,.,.,.,.,.,.,.,.,.,.,.,.,.,.,.,.,.,.,.,.,.,.,.,.,.,.,.,.,.,.,.,.,.,.,.,.,.,.,.,.,.,.,.,.,.,.,.
089,IG09,í|ïxí¨è¨ïl,í|ïxè¨ïl,7,3,3,,ÇÔÇØÇË,biki_ri,biki_ri,b,i,k,i,r,i,.,.,.,.,.,.,.,.,.,.,1,1,0,0,0,1,1,1,1,0,8,1,0,0,1,1,1,1,1,0,4,5,0,0,0,1,1,1,1,0,.,.,.,.,.,.,.,.,.,.,.,.,.,.,.,.,.,.,.,.,.,.,.,.,.,.,.,.,.,.,.,.,.,.,.,.,.,.,.,.,.,.,.,.,.,.,.,.,.,.,10000000000000001,10000001,100001,1001,101,10000001,100001,10001,101,101,10000000010000000,10000001,100001,1001,110,10000001,100001,10001,101,101,10000000000001000,10010000,100001,1001,101,10000001,100001,10001,101,101,.,.,.,.,.,.,.,.,.,.,.,.,.,.,.,.,.,.,.,.,.,.,.,.,.,.,.,.,.,.,.,.,.,.,.,.,.,.,.,.,.,.,.,.,.,.,.,.,.,.
090,MR08,í|ïxí¨å√å©,êºï\å√å©,7,3,3,,ÇÔÇØÇË,bi_ir_-bi_ir_,bi_ir_,b,i,g,i,r,u,.,.,.,.,.,.,.,.,.,.,1,1,0,0,0,1,1,1,1,0,8,1,0,0,0,1,1,1,1,0,4,5,0,0,0,1,1,3,2,0,.,.,.,.,.,.,.,.,.,.,.,.,.,.,.,.,.,.,.,.,.,.,.,.,.,.,.,.,.,.,.,.,.,.,.,.,.,.,.,.,.,.,.,.,.,.,.,.,.,.,10000000000000001,10000001,100001,1001,101,10000001,100001,10001,101,101,10000000010000000,10000001,100001,1001,101,10000001,100001,10001,101,101,10000000000001000,10010000,100001,1001,101,10000001,100001,10100,110,101,.,.,.,.,.,.,.,.,.,.,.,.,.,.,.,.,.,.,.,.,.,.,.,.,.,.,.,.,.,.,.,.,.,.,.,.,.,.,.,.,.,.,.,.,.,.,.,.,.,.
091,OH06,í|ïxí¨ä±óß,êºï\ä±óß,7,3,3,,ÇÔÇØÇË,bi__iri,bi__iri,b,i,hj,i,r,i,.,.,.,.,.,.,.,.,.,.,1,1,0,0,0,1,1,1,1,0,7,3,0,0,1,1,1,1,1,0,4,5,0,0,0,1,1,1,1,0,.,.,.,.,.,.,.,.,.,.,.,.,.,.,.,.,.,.,.,.,.,.,.,.,.,.,.,.,.,.,.,.,.,.,.,.,.,.,.,.,.,.,.,.,.,.,.,.,.,.,10000000000000001,10000001,100001,1001,101,10000001,100001,10001,101,101,10000000001000000,10000100,100001,1001,110,10000001,100001,10001,101,101,10000000000001000,10010000,100001,1001,101,10000001,100001,10001,101,101,.,.,.,.,.,.,.,.,.,.,.,.,.,.,.,.,.,.,.,.,.,.,.,.,.,.,.,.,.,.,.,.,.,.,.,.,.,.,.,.,.,.,.,.,.,.,.,.,.,.
092,IG12,í|ïxí¨â∫ín,êVèÈâ∫ín,7,3,3,,ÇÔÇØÇË,bi_i_r_,bi_i_r_,b,i,hj,i,r,y,.,.,.,.,.,.,.,.,.,.,1,1,0,0,0,1,1,1,1,0,7,3,0,0,1,1,1,1,1,0,4,5,0,0,0,1,1,4,1,0,.,.,.,.,.,.,.,.,.,.,.,.,.,.,.,.,.,.,.,.,.,.,.,.,.,.,.,.,.,.,.,.,.,.,.,.,.,.,.,.,.,.,.,.,.,.,.,.,.,.,10000000000000001,10000001,100001,1001,101,10000001,100001,10001,101,101,10000000001000000,10000100,100001,1001,110,10000001,100001,10001,101,101,10000000000001000,10010000,100001,1001,101,10000001,100001,11000,101,101,.,.,.,.,.,.,.,.,.,.,.,.,.,.,.,.,.,.,.,.,.,.,.,.,.,.,.,.,.,.,.,.,.,.,.,.,.,.,.,.,.,.,.,.,.,.,.,.,.,.
093,OH13,í|ïxí¨ñºêŒ,îgè∆ä‘ñºêŒ,7,3,3,,ÇÔÇØÇË,_bi_ir_,_bi_ir_,b,i,g,i,r,y,.,.,.,.,.,.,.,.,.,.,1,1,0,0,0,1,1,1,1,0,8,1,0,0,0,1,1,1,1,0,4,5,0,0,0,1,1,4,1,0,.,.,.,.,.,.,.,.,.,.,.,.,.,.,.,.,.,.,.,.,.,.,.,.,.,.,.,.,.,.,.,.,.,.,.,.,.,.,.,.,.,.,.,.,.,.,.,.,.,.,10000000000000001,10000001,100001,1001,101,10000001,100001,10001,101,101,10000000010000000,10000001,100001,1001,101,10000001,100001,10001,101,101,10000000000001000,10010000,100001,1001,101,10000001,100001,11000,101,101,.,.,.,.,.,.,.,.,.,.,.,.,.,.,.,.,.,.,.,.,.,.,.,.,.,.,.,.,.,.,.,.,.,.,.,.,.,.,.,.,.,.,.,.,.,.,.,.,.,.
094,YG01,ó^ìﬂçëí¨ëcî[,ó^ìﬂçëëcî[,3,2,2,,ÇÔÇØÇË,bi_i,bi_i,b,i,g,i,-1,-1,.,.,.,.,.,.,.,.,.,.,1,1,0,0,0,1,1,1,1,0,8,1,0,0,0,1,1,1,1,0,-1,-1,-1,-1,-1,-1,-1,-1,-1,-1,.,.,.,.,.,.,.,.,.,.,.,.,.,.,.,.,.,.,.,.,.,.,.,.,.,.,.,.,.,.,.,.,.,.,.,.,.,.,.,.,.,.,.,.,.,.,.,.,.,.,10000000000000001,10000001,100001,1001,101,10000001,100001,10001,101,101,10000000010000000,10000001,100001,1001,101,10000001,100001,10001,101,101,00000000000000000,00000000,000000,0000,000,00000000,000000,00000,000,000,.,.,.,.,.,.,.,.,.,.,.,.,.,.,.,.,.,.,.,.,.,.,.,.,.,.,.,.,.,.,.,.,.,.,.,.,.,.,.,.,.,.,.,.,.,.,.,.,.,.
095,YG03,ó^ìﬂçëí¨î‰êÏ,ó^ìﬂçëî‰êÏ,3,2,2,,ÇÔÇØÇË,ÅQbi_i,bi_i,b,i,g,i,-1,-1,.,.,.,.,.,.,.,.,.,.,1,1,0,0,0,1,1,1,1,0,8,1,0,0,0,1,1,1,1,0,-1,-1,-1,-1,-1,-1,-1,-1,-1,-1,.,.,.,.,.,.,.,.,.,.,.,.,.,.,.,.,.,.,.,.,.,.,.,.,.,.,.,.,.,.,.,.,.,.,.,.,.,.,.,.,.,.,.,.,.,.,.,.,.,.,10000000000000001,10000001,100001,1001,101,10000001,100001,10001,101,101,10000000010000000,10000001,100001,1001,101,10000001,100001,10001,101,101,00000000000000000,00000000,000000,0000,000,00000000,000000,00000,000,000,.,.,.,.,.,.,.,.,.,.,.,.,.,.,.,.,.,.,.,.,.,.,.,.,.,.,.,.,.,.,.,.,.,.,.,.,.,.,.,.,.,.,.,.,.,.,.,.,.,.