15,N-023,êl,,,,,,,,,,,,,,,,,,,,,,,,,1éqâπ,,,,,1ïÍâπ,,,,,2éqâπ,,,,,2ïÍâπ,,,,,3éqâπ,,,,,3ïÍâπ,,,,,4éqâπ,,,,,4ïÍâπ,,,,,5éqâπ,,,,,5ïÍâπ,,,,,6éqâπ,,,,,6ïÍâπ,,,,,7éqâπ,,,,,7ïÍâπ,,,,,8éqâπ,,,,,8ïÍâπ,,,,,1éqâπ,,,,,1ïÍâπ,,,,,2éqâπ,,,,,2ïÍâπ,,,,,3éqâπ,,,,,3ïÍâπ,,,,,4éqâπ,,,,,4ïÍâπ,,,,,5éqâπ,,,,,5ïÍâπ,,,,,6éqâπ,,,,,6ïÍâπ,,,,,7éqâπ,,,,,7ïÍâπ,,,,,8éqâπ,,,,,8ïÍâπ,,,,
í Çµî‘çÜ,ínì_ñºãLçÜ,åªésí¨ë∫ñº,ï\é¶óp,âπÇÃå^,âπêﬂ,ÉÇÅ[Éâ,ÉAÉNÉZÉìÉg,ëzíËå`,ëSåÍå`,åÍå`,1éqâπ,1ïÍâπ,2éqâπ,2ïÍâπ,3éqâπ,3ïÍâπ,4éqâπ,4ïÍâπ,5éqâπ,5ïÍâπ,6éqâπ,6ïÍâπ,7éqâπ,7ïÍâπ,8éqâπ,8ïÍâπ,à íu,ï˚ñ@,å˚äWÅEâ~êO,çAì™âª,ê∫ë—êUìÆ,í∑Ç≥,å˚ÇÃäJÇ´,ê„ÇÃà íu,êOÇÃèÛë‘,ñ≥ê∫ï@âπ,à íu,ï˚ñ@,å˚äWÅEâ~êO,çAì™âª,ê∫ë—êUìÆ,í∑Ç≥,å˚ÇÃäJÇ´,ê„ÇÃà íu,êOÇÃèÛë‘,ñ≥ê∫ï@âπ,à íu,ï˚ñ@,å˚äWÅEâ~êO,çAì™âª,ê∫ë—êUìÆ,í∑Ç≥,å˚ÇÃäJÇ´,ê„ÇÃà íu,êOÇÃèÛë‘,ñ≥ê∫ï@âπ,à íu,ï˚ñ@,å˚äWÅEâ~êO,çAì™âª,ê∫ë—êUìÆ,í∑Ç≥,å˚ÇÃäJÇ´,ê„ÇÃà íu,êOÇÃèÛë‘,ñ≥ê∫ï@âπ,à íu,ï˚ñ@,å˚äWÅEâ~êO,çAì™âª,ê∫ë—êUìÆ,í∑Ç≥,å˚ÇÃäJÇ´,ê„ÇÃà íu,êOÇÃèÛë‘,ñ≥ê∫ï@âπ,à íu,ï˚ñ@,å˚äWÅEâ~êO,çAì™âª,ê∫ë—êUìÆ,í∑Ç≥,å˚ÇÃäJÇ´,ê„ÇÃà íu,êOÇÃèÛë‘,ñ≥ê∫ï@âπ,à íu,ï˚ñ@,å˚äWÅEâ~êO,çAì™âª,ê∫ë—êUìÆ,í∑Ç≥,å˚ÇÃäJÇ´,ê„ÇÃà íu,êOÇÃèÛë‘,ñ≥ê∫ï@âπ,à íu,ï˚ñ@,å˚äWÅEâ~êO,çAì™âª,ê∫ë—êUìÆ,í∑Ç≥,å˚ÇÃäJÇ´,ê„ÇÃà íu,êOÇÃèÛë‘,ñ≥ê∫ï@âπ,à íu,ï˚ñ@,å˚äWÅEâ~êO,çAì™âª,ê∫ë—êUìÆ,í∑Ç≥,å˚ÇÃäJÇ´,ê„ÇÃà íu,êOÇÃèÛë‘,ñ≥ê∫ï@âπ,à íu,ï˚ñ@,å˚äWÅEâ~êO,çAì™âª,ê∫ë—êUìÆ,í∑Ç≥,å˚ÇÃäJÇ´,ê„ÇÃà íu,êOÇÃèÛë‘,ñ≥ê∫ï@âπ,à íu,ï˚ñ@,å˚äWÅEâ~êO,çAì™âª,ê∫ë—êUìÆ,í∑Ç≥,å˚ÇÃäJÇ´,ê„ÇÃà íu,êOÇÃèÛë‘,ñ≥ê∫ï@âπ,à íu,ï˚ñ@,å˚äWÅEâ~êO,çAì™âª,ê∫ë—êUìÆ,í∑Ç≥,å˚ÇÃäJÇ´,ê„ÇÃà íu,êOÇÃèÛë‘,ñ≥ê∫ï@âπ,à íu,ï˚ñ@,å˚äWÅEâ~êO,çAì™âª,ê∫ë—êUìÆ,í∑Ç≥,å˚ÇÃäJÇ´,ê„ÇÃà íu,êOÇÃèÛë‘,ñ≥ê∫ï@âπ,à íu,ï˚ñ@,å˚äWÅEâ~êO,çAì™âª,ê∫ë—êUìÆ,í∑Ç≥,å˚ÇÃäJÇ´,ê„ÇÃà íu,êOÇÃèÛë‘,ñ≥ê∫ï@âπ,à íu,ï˚ñ@,å˚äWÅEâ~êO,çAì™âª,ê∫ë—êUìÆ,í∑Ç≥,å˚ÇÃäJÇ´,ê„ÇÃà íu,êOÇÃèÛë‘,ñ≥ê∫ï@âπ,à íu,ï˚ñ@,å˚äWÅEâ~êO,çAì™âª,ê∫ë—êUìÆ,í∑Ç≥,å˚ÇÃäJÇ´,ê„ÇÃà íu,êOÇÃèÛë‘,ñ≥ê∫ï@âπ
000,,ëzíËå`,ëzíËå`,3,2,2,,ÇƒÇæ,teda,teda,t,e,d,a,.,.,.,.,.,.,.,.,.,.,.,.,4,1,0,0,1,1,5,1,1,0,4,1,0,0,0,1,4,3,1,0,.,.,.,.,.,.,.,.,.,.,.,.,.,.,.,.,.,.,.,.,.,.,.,.,.,.,.,.,.,.,.,.,.,.,.,.,.,.,.,.,.,.,.,.,.,.,.,.,.,.,.,.,.,.,.,.,.,.,.,.,10000000000001000,10000001,100001,1001,110,10000001,110000,10001,101,101,10000000000001000,10000001,100001,1001,101,10000001,101000,10100,101,101,.,.,.,.,.,.,.,.,.,.,.,.,.,.,.,.,.,.,.,.,.,.,.,.,.,.,.,.,.,.,.,.,.,.,.,.,.,.,.,.,.,.,.,.,.,.,.,.,.,.,.,.,.,.,.,.,.,.,.,.
001,KA05,ãåä}óòí¨ä}óò,âÇî¸ä}óò,4,2,3,,ÇƒÇæ,t__da__/t__da,thIdaN,th,i2,d,an,.,.,.,.,.,.,.,.,.,.,.,.,4,1,0,1,1,1,1,2,1,0,4,1,0,0,0,4,4,3,1,0,.,.,.,.,.,.,.,.,.,.,.,.,.,.,.,.,.,.,.,.,.,.,.,.,.,.,.,.,.,.,.,.,.,.,.,.,.,.,.,.,.,.,.,.,.,.,.,.,.,.,.,.,.,.,.,.,.,.,.,.,10000000000001000,10000001,100001,1010,110,10000001,100001,10010,101,101,10000000000001000,10000001,100001,1001,101,10001000,101000,10100,101,101,.,.,.,.,.,.,.,.,.,.,.,.,.,.,.,.,.,.,.,.,.,.,.,.,.,.,.,.,.,.,.,.,.,.,.,.,.,.,.,.,.,.,.,.,.,.,.,.,.,.,.,.,.,.,.,.,.,.,.,.
002,NZ17,ãåñºê£ésã‡ãv,âÇî¸ã‡ãv,3,2,2,,ÇƒÇæ,t___da/t___dagana__i,thIda/thIdaganaSi,th,i2,d,a,.,.,.,.,.,.,.,.,.,.,.,.,4,1,0,1,1,1,1,2,1,0,4,1,0,0,0,1,4,3,1,0,.,.,.,.,.,.,.,.,.,.,.,.,.,.,.,.,.,.,.,.,.,.,.,.,.,.,.,.,.,.,.,.,.,.,.,.,.,.,.,.,.,.,.,.,.,.,.,.,.,.,.,.,.,.,.,.,.,.,.,.,10000000000001000,10000001,100001,1010,110,10000001,100001,10010,101,101,10000000000001000,10000001,100001,1001,101,10000001,101000,10100,101,101,.,.,.,.,.,.,.,.,.,.,.,.,.,.,.,.,.,.,.,.,.,.,.,.,.,.,.,.,.,.,.,.,.,.,.,.,.,.,.,.,.,.,.,.,.,.,.,.,.,.,.,.,.,.,.,.,.,.,.,.
003,KM05,ó¥ãΩí¨íÜèü,âÇî¸íÜèü,3,2,2,,ÇƒÇæ,t___ra,thIra,th,i2,r,a,.,.,.,.,.,.,.,.,.,.,.,.,4,1,0,1,1,1,1,2,1,0,4,5,0,0,0,1,4,3,1,0,.,.,.,.,.,.,.,.,.,.,.,.,.,.,.,.,.,.,.,.,.,.,.,.,.,.,.,.,.,.,.,.,.,.,.,.,.,.,.,.,.,.,.,.,.,.,.,.,.,.,.,.,.,.,.,.,.,.,.,.,10000000000001000,10000001,100001,1010,110,10000001,100001,10010,101,101,10000000000001000,10010000,100001,1001,101,10000001,101000,10100,101,101,.,.,.,.,.,.,.,.,.,.,.,.,.,.,.,.,.,.,.,.,.,.,.,.,.,.,.,.,.,.,.,.,.,.,.,.,.,.,.,.,.,.,.,.,.,.,.,.,.,.,.,.,.,.,.,.,.,.,.,.
004,YU04,ëÂòaë∫ëÂòaïl,âÇî¸ëÂòaïl,3,2,2,,ÇƒÇæ,_t__da,thEda,th,e2,d,a,.,.,.,.,.,.,.,.,.,.,.,.,4,1,0,1,1,1,5,2,1,0,4,1,0,0,0,1,4,3,1,0,.,.,.,.,.,.,.,.,.,.,.,.,.,.,.,.,.,.,.,.,.,.,.,.,.,.,.,.,.,.,.,.,.,.,.,.,.,.,.,.,.,.,.,.,.,.,.,.,.,.,.,.,.,.,.,.,.,.,.,.,10000000000001000,10000001,100001,1010,110,10000001,110000,10010,101,101,10000000000001000,10000001,100001,1001,101,10000001,101000,10100,101,101,.,.,.,.,.,.,.,.,.,.,.,.,.,.,.,.,.,.,.,.,.,.,.,.,.,.,.,.,.,.,.,.,.,.,.,.,.,.,.,.,.,.,.,.,.,.,.,.,.,.,.,.,.,.,.,.,.,.,.,.
005,SY08,èZópë∫êºíáä‘,âÇî¸êºíáä‘,3,2,2,,ÇƒÇæ,_t_da,thIda,th,i2,d,a,.,.,.,.,.,.,.,.,.,.,.,.,4,1,0,1,1,1,1,2,1,0,4,1,0,0,0,1,4,3,1,0,.,.,.,.,.,.,.,.,.,.,.,.,.,.,.,.,.,.,.,.,.,.,.,.,.,.,.,.,.,.,.,.,.,.,.,.,.,.,.,.,.,.,.,.,.,.,.,.,.,.,.,.,.,.,.,.,.,.,.,.,10000000000001000,10000001,100001,1010,110,10000001,100001,10010,101,101,10000000000001000,10000001,100001,1001,101,10000001,101000,10100,101,101,.,.,.,.,.,.,.,.,.,.,.,.,.,.,.,.,.,.,.,.,.,.,.,.,.,.,.,.,.,.,.,.,.,.,.,.,.,.,.,.,.,.,.,.,.,.,.,.,.,.,.,.,.,.,.,.,.,.,.,.
006,YU18,âFåüë∫âFåü,âÇî¸âFåü,4,2,3,,ÇƒÇæ,_t__da_/(_t__da_),thIda:,th,i2,d,a:,.,.,.,.,.,.,.,.,.,.,.,.,4,1,0,1,1,1,1,2,1,0,4,1,0,0,0,2,4,3,1,0,.,.,.,.,.,.,.,.,.,.,.,.,.,.,.,.,.,.,.,.,.,.,.,.,.,.,.,.,.,.,.,.,.,.,.,.,.,.,.,.,.,.,.,.,.,.,.,.,.,.,.,.,.,.,.,.,.,.,.,.,10000000000001000,10000001,100001,1010,110,10000001,100001,10010,101,101,10000000000001000,10000001,100001,1001,101,10000010,101000,10100,101,101,.,.,.,.,.,.,.,.,.,.,.,.,.,.,.,.,.,.,.,.,.,.,.,.,.,.,.,.,.,.,.,.,.,.,.,.,.,.,.,.,.,.,.,.,.,.,.,.,.,.,.,.,.,.,.,.,.,.,.,.
007,AN05,ê£åÀì‡í¨ä«ì›,ê£åÀä«ì›,3,2,2,,ÇƒÇæ,t__da__,thIda,th,i2,d,a,.,.,.,.,.,.,.,.,.,.,.,.,4,1,0,1,1,1,1,2,1,0,4,1,0,0,0,1,4,3,1,0,.,.,.,.,.,.,.,.,.,.,.,.,.,.,.,.,.,.,.,.,.,.,.,.,.,.,.,.,.,.,.,.,.,.,.,.,.,.,.,.,.,.,.,.,.,.,.,.,.,.,.,.,.,.,.,.,.,.,.,.,10000000000001000,10000001,100001,1010,110,10000001,100001,10010,101,101,10000000000001000,10000001,100001,1001,101,10000001,101000,10100,101,101,.,.,.,.,.,.,.,.,.,.,.,.,.,.,.,.,.,.,.,.,.,.,.,.,.,.,.,.,.,.,.,.,.,.,.,.,.,.,.,.,.,.,.,.,.,.,.,.,.,.,.,.,.,.,.,.,.,.,.,.
008,AN13,ê£åÀì‡í¨ïêñº,ê£åÀïêñº,3,2,2,,ÇƒÇæ,t___da_,thIda,th,i2,d,a,.,.,.,.,.,.,.,.,.,.,.,.,4,1,0,1,1,1,1,2,1,0,4,1,0,0,0,1,4,3,1,0,.,.,.,.,.,.,.,.,.,.,.,.,.,.,.,.,.,.,.,.,.,.,.,.,.,.,.,.,.,.,.,.,.,.,.,.,.,.,.,.,.,.,.,.,.,.,.,.,.,.,.,.,.,.,.,.,.,.,.,.,10000000000001000,10000001,100001,1010,110,10000001,100001,10010,101,101,10000000000001000,10000001,100001,1001,101,10000001,101000,10100,101,101,.,.,.,.,.,.,.,.,.,.,.,.,.,.,.,.,.,.,.,.,.,.,.,.,.,.,.,.,.,.,.,.,.,.,.,.,.,.,.,.,.,.,.,.,.,.,.,.,.,.,.,.,.,.,.,.,.,.,.,.
009,AH14,ê£åÀì‡í¨â√ìS,ê£åÀâ√ìS,3,2,2,,ÇƒÇæ,_t___da,thIda,th,i2,d,a,.,.,.,.,.,.,.,.,.,.,.,.,4,1,0,1,1,1,1,2,1,0,4,1,0,0,0,1,4,3,1,0,.,.,.,.,.,.,.,.,.,.,.,.,.,.,.,.,.,.,.,.,.,.,.,.,.,.,.,.,.,.,.,.,.,.,.,.,.,.,.,.,.,.,.,.,.,.,.,.,.,.,.,.,.,.,.,.,.,.,.,.,10000000000001000,10000001,100001,1010,110,10000001,100001,10010,101,101,10000000000001000,10000001,100001,1001,101,10000001,101000,10100,101,101,.,.,.,.,.,.,.,.,.,.,.,.,.,.,.,.,.,.,.,.,.,.,.,.,.,.,.,.,.,.,.,.,.,.,.,.,.,.,.,.,.,.,.,.,.,.,.,.,.,.,.,.,.,.,.,.,.,.,.,.
010,AH15,ê£åÀì‡í¨ìnòA,ê£åÀìnòA,3,2,2,,ÇƒÇæ,t___da_,thIda,th,i2,d,a,.,.,.,.,.,.,.,.,.,.,.,.,4,1,0,1,1,1,1,2,1,0,4,1,0,0,0,1,4,3,1,0,.,.,.,.,.,.,.,.,.,.,.,.,.,.,.,.,.,.,.,.,.,.,.,.,.,.,.,.,.,.,.,.,.,.,.,.,.,.,.,.,.,.,.,.,.,.,.,.,.,.,.,.,.,.,.,.,.,.,.,.,10000000000001000,10000001,100001,1010,110,10000001,100001,10010,101,101,10000000000001000,10000001,100001,1001,101,10000001,101000,10100,101,101,.,.,.,.,.,.,.,.,.,.,.,.,.,.,.,.,.,.,.,.,.,.,.,.,.,.,.,.,.,.,.,.,.,.,.,.,.,.,.,.,.,.,.,.,.,.,.,.,.,.,.,.,.,.,.,.,.,.,.,.
011,KK01,äÏäEí¨éuåÀâ±,äÏäEéuåÀâ±,3,2,2,,ÇƒÇæ,t_i_da,thida,th,i,d,a,.,.,.,.,.,.,.,.,.,.,.,.,4,1,0,1,1,1,1,1,1,0,4,1,0,0,0,1,4,3,1,0,.,.,.,.,.,.,.,.,.,.,.,.,.,.,.,.,.,.,.,.,.,.,.,.,.,.,.,.,.,.,.,.,.,.,.,.,.,.,.,.,.,.,.,.,.,.,.,.,.,.,.,.,.,.,.,.,.,.,.,.,10000000000001000,10000001,100001,1010,110,10000001,100001,10001,101,101,10000000000001000,10000001,100001,1001,101,10000001,101000,10100,101,101,.,.,.,.,.,.,.,.,.,.,.,.,.,.,.,.,.,.,.,.,.,.,.,.,.,.,.,.,.,.,.,.,.,.,.,.,.,.,.,.,.,.,.,.,.,.,.,.,.,.,.,.,.,.,.,.,.,.,.,.
012,KK12,äÏäEí¨à¢ì`,äÏäEà¢ì`,3,2,2,,ÇƒÇæ,t_i_da,thida,th,i,d,a,.,.,.,.,.,.,.,.,.,.,.,.,4,1,0,1,1,1,1,1,1,0,4,1,0,0,0,1,4,3,1,0,.,.,.,.,.,.,.,.,.,.,.,.,.,.,.,.,.,.,.,.,.,.,.,.,.,.,.,.,.,.,.,.,.,.,.,.,.,.,.,.,.,.,.,.,.,.,.,.,.,.,.,.,.,.,.,.,.,.,.,.,10000000000001000,10000001,100001,1010,110,10000001,100001,10001,101,101,10000000000001000,10000001,100001,1001,101,10000001,101000,10100,101,101,.,.,.,.,.,.,.,.,.,.,.,.,.,.,.,.,.,.,.,.,.,.,.,.,.,.,.,.,.,.,.,.,.,.,.,.,.,.,.,.,.,.,.,.,.,.,.,.,.,.,.,.,.,.,.,.,.,.,.,.
013,KK22,äÏäEí¨òp,äÏäEòp,3,2,2,,ÇƒÇæ,t_i_da,thida,th,i,d,a,.,.,.,.,.,.,.,.,.,.,.,.,4,1,0,1,1,1,1,1,1,0,4,1,0,0,0,1,4,3,1,0,.,.,.,.,.,.,.,.,.,.,.,.,.,.,.,.,.,.,.,.,.,.,.,.,.,.,.,.,.,.,.,.,.,.,.,.,.,.,.,.,.,.,.,.,.,.,.,.,.,.,.,.,.,.,.,.,.,.,.,.,10000000000001000,10000001,100001,1010,110,10000001,100001,10001,101,101,10000000000001000,10000001,100001,1001,101,10000001,101000,10100,101,101,.,.,.,.,.,.,.,.,.,.,.,.,.,.,.,.,.,.,.,.,.,.,.,.,.,.,.,.,.,.,.,.,.,.,.,.,.,.,.,.,.,.,.,.,.,.,.,.,.,.,.,.,.,.,.,.,.,.,.,.
014,NM04,ìVèÈí¨êÛä‘,ìøîVêÛä‘,3,2,2,,ÇƒÇæ,t___da,tI:da,t,i2:,d,a,.,.,.,.,.,.,.,.,.,.,.,.,4,1,0,0,1,2,1,2,1,0,4,1,0,0,0,1,4,3,1,0,.,.,.,.,.,.,.,.,.,.,.,.,.,.,.,.,.,.,.,.,.,.,.,.,.,.,.,.,.,.,.,.,.,.,.,.,.,.,.,.,.,.,.,.,.,.,.,.,.,.,.,.,.,.,.,.,.,.,.,.,10000000000001000,10000001,100001,1001,110,10000010,100001,10010,101,101,10000000000001000,10000001,100001,1001,101,10000001,101000,10100,101,101,.,.,.,.,.,.,.,.,.,.,.,.,.,.,.,.,.,.,.,.,.,.,.,.,.,.,.,.,.,.,.,.,.,.,.,.,.,.,.,.,.,.,.,.,.,.,.,.,.,.,.,.,.,.,.,.,.,.,.,.
015,TH03,ìøîVìáí¨ãTìø,ìøîVãTìø,3,2,2,,ÇƒÇæ,t__ra,tIra,t,i2,r,a,.,.,.,.,.,.,.,.,.,.,.,.,4,1,0,0,1,1,1,2,1,0,4,5,0,0,0,1,4,3,1,0,.,.,.,.,.,.,.,.,.,.,.,.,.,.,.,.,.,.,.,.,.,.,.,.,.,.,.,.,.,.,.,.,.,.,.,.,.,.,.,.,.,.,.,.,.,.,.,.,.,.,.,.,.,.,.,.,.,.,.,.,10000000000001000,10000001,100001,1001,110,10000001,100001,10010,101,101,10000000000001000,10010000,100001,1001,101,10000001,101000,10100,101,101,.,.,.,.,.,.,.,.,.,.,.,.,.,.,.,.,.,.,.,.,.,.,.,.,.,.,.,.,.,.,.,.,.,.,.,.,.,.,.,.,.,.,.,.,.,.,.,.,.,.,.,.,.,.,.,.,.,.,.,.
016,OM03,à…êÂí¨à…êÂ,ìøîVà…êÂ,3,2,2,,ÇƒÇæ,t__da,tIda,t,i2,d,a,.,.,.,.,.,.,.,.,.,.,.,.,4,1,0,0,1,1,1,2,1,0,4,1,0,0,0,1,4,3,1,0,.,.,.,.,.,.,.,.,.,.,.,.,.,.,.,.,.,.,.,.,.,.,.,.,.,.,.,.,.,.,.,.,.,.,.,.,.,.,.,.,.,.,.,.,.,.,.,.,.,.,.,.,.,.,.,.,.,.,.,.,10000000000001000,10000001,100001,1001,110,10000001,100001,10010,101,101,10000000000001000,10000001,100001,1001,101,10000001,101000,10100,101,101,.,.,.,.,.,.,.,.,.,.,.,.,.,.,.,.,.,.,.,.,.,.,.,.,.,.,.,.,.,.,.,.,.,.,.,.,.,.,.,.,.,.,.,.,.,.,.,.,.,.,.,.,.,.,.,.,.,.,.,.
017,OK02,òaîëí¨òaîë,â´âiòaîë,3,2,2,,ÇƒÇæ,_ti_da,thida,th,i,d,a,.,.,.,.,.,.,.,.,.,.,.,.,4,1,0,1,1,1,1,1,1,0,4,1,0,0,0,1,4,3,1,0,.,.,.,.,.,.,.,.,.,.,.,.,.,.,.,.,.,.,.,.,.,.,.,.,.,.,.,.,.,.,.,.,.,.,.,.,.,.,.,.,.,.,.,.,.,.,.,.,.,.,.,.,.,.,.,.,.,.,.,.,10000000000001000,10000001,100001,1010,110,10000001,100001,10001,101,101,10000000000001000,10000001,100001,1001,101,10000001,101000,10100,101,101,.,.,.,.,.,.,.,.,.,.,.,.,.,.,.,.,.,.,.,.,.,.,.,.,.,.,.,.,.,.,.,.,.,.,.,.,.,.,.,.,.,.,.,.,.,.,.,.,.,.,.,.,.,.,.,.,.,.,.,.
018,OK06,ímñºí¨ímñº,â´âiímñº,3,2,2,,ÇƒÇæ,t_i_da,thida,th,i,d,a,.,.,.,.,.,.,.,.,.,.,.,.,4,1,0,1,1,1,1,1,1,0,4,1,0,0,0,1,4,3,1,0,.,.,.,.,.,.,.,.,.,.,.,.,.,.,.,.,.,.,.,.,.,.,.,.,.,.,.,.,.,.,.,.,.,.,.,.,.,.,.,.,.,.,.,.,.,.,.,.,.,.,.,.,.,.,.,.,.,.,.,.,10000000000001000,10000001,100001,1010,110,10000001,100001,10001,101,101,10000000000001000,10000001,100001,1001,101,10000001,101000,10100,101,101,.,.,.,.,.,.,.,.,.,.,.,.,.,.,.,.,.,.,.,.,.,.,.,.,.,.,.,.,.,.,.,.,.,.,.,.,.,.,.,.,.,.,.,.,.,.,.,.,.,.,.,.,.,.,.,.,.,.,.,.
019,YR01,ó^ò_í¨íÉâ‘,ó^ò_íÉâ‘,3,2,2,,ÇƒÇæ,_tida,tida,t,i,d,a,.,.,.,.,.,.,.,.,.,.,.,.,4,1,0,0,1,1,1,1,1,0,4,1,0,0,0,1,4,3,1,0,.,.,.,.,.,.,.,.,.,.,.,.,.,.,.,.,.,.,.,.,.,.,.,.,.,.,.,.,.,.,.,.,.,.,.,.,.,.,.,.,.,.,.,.,.,.,.,.,.,.,.,.,.,.,.,.,.,.,.,.,10000000000001000,10000001,100001,1001,110,10000001,100001,10001,101,101,10000000000001000,10000001,100001,1001,101,10000001,101000,10100,101,101,.,.,.,.,.,.,.,.,.,.,.,.,.,.,.,.,.,.,.,.,.,.,.,.,.,.,.,.,.,.,.,.,.,.,.,.,.,.,.,.,.,.,.,.,.,.,.,.,.,.,.,.,.,.,.,.,.,.,.,.
020,IH02,à…ïΩâÆë∫â‰äÏâÆ,à…ïΩâ‰äÏâÆ,5,2,3,,ÇƒÇæ,ti__ra,ti:ra,t,i:,r,a,.,.,.,.,.,.,.,.,.,.,.,.,4,1,0,0,1,2,1,1,1,0,4,5,0,0,0,1,4,3,1,0,.,.,.,.,.,.,.,.,.,.,.,.,.,.,.,.,.,.,.,.,.,.,.,.,.,.,.,.,.,.,.,.,.,.,.,.,.,.,.,.,.,.,.,.,.,.,.,.,.,.,.,.,.,.,.,.,.,.,.,.,10000000000001000,10000001,100001,1001,110,10000010,100001,10001,101,101,10000000000001000,10010000,100001,1001,101,10000001,101000,10100,101,101,.,.,.,.,.,.,.,.,.,.,.,.,.,.,.,.,.,.,.,.,.,.,.,.,.,.,.,.,.,.,.,.,.,.,.,.,.,.,.,.,.,.,.,.,.,.,.,.,.,.,.,.,.,.,.,.,.,.,.,.
021,IZ01,à…ê•ñºë∫èîå©,à…ê•èîå©,5,2,3,,ÇƒÇæ,ti__da,ti:da,t,i:,d,a,.,.,.,.,.,.,.,.,.,.,.,.,4,1,0,0,1,2,1,1,1,0,4,1,0,0,0,1,4,3,1,0,.,.,.,.,.,.,.,.,.,.,.,.,.,.,.,.,.,.,.,.,.,.,.,.,.,.,.,.,.,.,.,.,.,.,.,.,.,.,.,.,.,.,.,.,.,.,.,.,.,.,.,.,.,.,.,.,.,.,.,.,10000000000001000,10000001,100001,1001,110,10000010,100001,10001,101,101,10000000000001000,10000001,100001,1001,101,10000001,101000,10100,101,101,.,.,.,.,.,.,.,.,.,.,.,.,.,.,.,.,.,.,.,.,.,.,.,.,.,.,.,.,.,.,.,.,.,.,.,.,.,.,.,.,.,.,.,.,.,.,.,.,.,.,.,.,.,.,.,.,.,.,.,.
022,IE02,à…ç]ë∫ìåç]ëO,à…ç]ìåç]ëO,5,2,3,,ÇƒÇæ,t_i_da,tida,t,i,d,a,.,.,.,.,.,.,.,.,.,.,.,.,4,1,0,0,1,1,1,1,1,0,4,1,0,0,0,1,4,3,1,0,.,.,.,.,.,.,.,.,.,.,.,.,.,.,.,.,.,.,.,.,.,.,.,.,.,.,.,.,.,.,.,.,.,.,.,.,.,.,.,.,.,.,.,.,.,.,.,.,.,.,.,.,.,.,.,.,.,.,.,.,10000000000001000,10000001,100001,1001,110,10000001,100001,10001,101,101,10000000000001000,10000001,100001,1001,101,10000001,101000,10100,101,101,.,.,.,.,.,.,.,.,.,.,.,.,.,.,.,.,.,.,.,.,.,.,.,.,.,.,.,.,.,.,.,.,.,.,.,.,.,.,.,.,.,.,.,.,.,.,.,.,.,.,.,.,.,.,.,.,.,.,.,.
023,KU14,çëì™ë∫ï”ìyñº,çëì™ï”ìyñº,3,2,2,,ÇƒÇæ,t_ira,thira,th,i,r,a,.,.,.,.,.,.,.,.,.,.,.,.,4,1,0,1,1,1,1,1,1,0,4,5,0,0,0,1,4,3,1,0,.,.,.,.,.,.,.,.,.,.,.,.,.,.,.,.,.,.,.,.,.,.,.,.,.,.,.,.,.,.,.,.,.,.,.,.,.,.,.,.,.,.,.,.,.,.,.,.,.,.,.,.,.,.,.,.,.,.,.,.,10000000000001000,10000001,100001,1010,110,10000001,100001,10001,101,101,10000000000001000,10010000,100001,1001,101,10000001,101000,10100,101,101,.,.,.,.,.,.,.,.,.,.,.,.,.,.,.,.,.,.,.,.,.,.,.,.,.,.,.,.,.,.,.,.,.,.,.,.,.,.,.,.,.,.,.,.,.,.,.,.,.,.,.,.,.,.,.,.,.,.,.,.
024,KU08,çëì™ë∫ï”ñÏäÏ,çëì™ï”ñÏäÏ,-9,-9,-9,,-9,-9,-9,-9,-9,-9,-9,.,.,.,.,.,.,.,.,.,.,.,.,-9,-9,-9,-9,-9,-9,-9,-9,-9,-9,-9,-9,-9,-9,-9,-9,-9,-9,-9,-9,.,.,.,.,.,.,.,.,.,.,.,.,.,.,.,.,.,.,.,.,.,.,.,.,.,.,.,.,.,.,.,.,.,.,.,.,.,.,.,.,.,.,.,.,.,.,.,.,.,.,.,.,.,.,.,.,.,.,.,.,?????????????????,????????,??????,????,???,????????,??????,?????,???,???,?????????????????,????????,??????,????,???,????????,??????,?????,???,???,.,.,.,.,.,.,.,.,.,.,.,.,.,.,.,.,.,.,.,.,.,.,.,.,.,.,.,.,.,.,.,.,.,.,.,.,.,.,.,.,.,.,.,.,.,.,.,.,.,.,.,.,.,.,.,.,.,.,.,.
025,OG07,ëÂãXñ°ë∫ç™òHñ¡,ëÂãXç™òHñ¡,3,2,2,,ÇƒÇæ,tira,tira,t,i,r,a,.,.,.,.,.,.,.,.,.,.,.,.,4,1,0,0,1,1,1,1,1,0,4,5,0,0,0,1,4,3,1,0,.,.,.,.,.,.,.,.,.,.,.,.,.,.,.,.,.,.,.,.,.,.,.,.,.,.,.,.,.,.,.,.,.,.,.,.,.,.,.,.,.,.,.,.,.,.,.,.,.,.,.,.,.,.,.,.,.,.,.,.,10000000000001000,10000001,100001,1001,110,10000001,100001,10001,101,101,10000000000001000,10010000,100001,1001,101,10000001,101000,10100,101,101,.,.,.,.,.,.,.,.,.,.,.,.,.,.,.,.,.,.,.,.,.,.,.,.,.,.,.,.,.,.,.,.,.,.,.,.,.,.,.,.,.,.,.,.,.,.,.,.,.,.,.,.,.,.,.,.,.,.,.,.
026,NN12,ç°ãAêmë∫ó^ìﬂó‰,ç°ãAó^ìﬂó‰,4,2,3,,ÇƒÇæ,t_i_da_,thida:,th,i,d,a:,.,.,.,.,.,.,.,.,.,.,.,.,4,1,0,1,1,1,1,1,1,0,4,1,0,0,0,2,4,3,1,0,.,.,.,.,.,.,.,.,.,.,.,.,.,.,.,.,.,.,.,.,.,.,.,.,.,.,.,.,.,.,.,.,.,.,.,.,.,.,.,.,.,.,.,.,.,.,.,.,.,.,.,.,.,.,.,.,.,.,.,.,10000000000001000,10000001,100001,1010,110,10000001,100001,10001,101,101,10000000000001000,10000001,100001,1001,101,10000010,101000,10100,101,101,.,.,.,.,.,.,.,.,.,.,.,.,.,.,.,.,.,.,.,.,.,.,.,.,.,.,.,.,.,.,.,.,.,.,.,.,.,.,.,.,.,.,.,.,.,.,.,.,.,.,.,.,.,.,.,.,.,.,.,.
027,MB02,ñ{ïîí¨îıê£,ñ{ïîîıê£,3,2,2,,ÇƒÇæ,_t_ira,thira,th,i,r,a,.,.,.,.,.,.,.,.,.,.,.,.,4,1,0,1,1,1,1,1,1,0,4,5,0,0,0,1,4,3,1,0,.,.,.,.,.,.,.,.,.,.,.,.,.,.,.,.,.,.,.,.,.,.,.,.,.,.,.,.,.,.,.,.,.,.,.,.,.,.,.,.,.,.,.,.,.,.,.,.,.,.,.,.,.,.,.,.,.,.,.,.,10000000000001000,10000001,100001,1010,110,10000001,100001,10001,101,101,10000000000001000,10010000,100001,1001,101,10000001,101000,10100,101,101,.,.,.,.,.,.,.,.,.,.,.,.,.,.,.,.,.,.,.,.,.,.,.,.,.,.,.,.,.,.,.,.,.,.,.,.,.,.,.,.,.,.,.,.,.,.,.,.,.,.,.,.,.,.,.,.,.,.,.,.
028,MB06,ñ{ïîí¨ïlå≥,ñ{ïîïlå≥,3,2,2,,ÇƒÇæ,_t_ira,tira,t,i,r,a,.,.,.,.,.,.,.,.,.,.,.,.,4,1,0,0,1,1,1,1,1,0,4,5,0,0,0,1,4,3,1,0,.,.,.,.,.,.,.,.,.,.,.,.,.,.,.,.,.,.,.,.,.,.,.,.,.,.,.,.,.,.,.,.,.,.,.,.,.,.,.,.,.,.,.,.,.,.,.,.,.,.,.,.,.,.,.,.,.,.,.,.,10000000000001000,10000001,100001,1001,110,10000001,100001,10001,101,101,10000000000001000,10010000,100001,1001,101,10000001,101000,10100,101,101,.,.,.,.,.,.,.,.,.,.,.,.,.,.,.,.,.,.,.,.,.,.,.,.,.,.,.,.,.,.,.,.,.,.,.,.,.,.,.,.,.,.,.,.,.,.,.,.,.,.,.,.,.,.,.,.,.,.,.,.
029,HJ08,ñºåÏésêÏè„,ñºåÏêÏè„,4,2,3,,ÇƒÇæ,t_ida_,thida:,th,i,d,a:,.,.,.,.,.,.,.,.,.,.,.,.,4,1,0,1,1,1,1,1,1,0,4,1,0,0,0,2,4,3,1,0,.,.,.,.,.,.,.,.,.,.,.,.,.,.,.,.,.,.,.,.,.,.,.,.,.,.,.,.,.,.,.,.,.,.,.,.,.,.,.,.,.,.,.,.,.,.,.,.,.,.,.,.,.,.,.,.,.,.,.,.,10000000000001000,10000001,100001,1010,110,10000001,100001,10001,101,101,10000000000001000,10000001,100001,1001,101,10000010,101000,10100,101,101,.,.,.,.,.,.,.,.,.,.,.,.,.,.,.,.,.,.,.,.,.,.,.,.,.,.,.,.,.,.,.,.,.,.,.,.,.,.,.,.,.,.,.,.,.,.,.,.,.,.,.,.,.,.,.,.,.,.,.,.
030,NG06,ñºåÏésñºåÏ,ñºåÏëÂåì,3,2,2,,ÇƒÇæ,t_i_da,thida,th,i,d,a,.,.,.,.,.,.,.,.,.,.,.,.,4,1,0,1,1,1,1,1,1,0,4,1,0,0,0,1,4,3,1,0,.,.,.,.,.,.,.,.,.,.,.,.,.,.,.,.,.,.,.,.,.,.,.,.,.,.,.,.,.,.,.,.,.,.,.,.,.,.,.,.,.,.,.,.,.,.,.,.,.,.,.,.,.,.,.,.,.,.,.,.,10000000000001000,10000001,100001,1010,110,10000001,100001,10001,101,101,10000000000001000,10000001,100001,1001,101,10000001,101000,10100,101,101,.,.,.,.,.,.,.,.,.,.,.,.,.,.,.,.,.,.,.,.,.,.,.,.,.,.,.,.,.,.,.,.,.,.,.,.,.,.,.,.,.,.,.,.,.,.,.,.,.,.,.,.,.,.,.,.,.,.,.,.
031,ON04,â∂î[ë∫â∂î[,â∂î[â∂î[,5,2,3,,ÇƒÇæ,t_i__da,thi:da,th,i:,d,a,.,.,.,.,.,.,.,.,.,.,.,.,4,1,0,1,1,2,1,1,1,0,4,1,0,0,0,1,4,3,1,0,.,.,.,.,.,.,.,.,.,.,.,.,.,.,.,.,.,.,.,.,.,.,.,.,.,.,.,.,.,.,.,.,.,.,.,.,.,.,.,.,.,.,.,.,.,.,.,.,.,.,.,.,.,.,.,.,.,.,.,.,10000000000001000,10000001,100001,1010,110,10000010,100001,10001,101,101,10000000000001000,10000001,100001,1001,101,10000001,101000,10100,101,101,.,.,.,.,.,.,.,.,.,.,.,.,.,.,.,.,.,.,.,.,.,.,.,.,.,.,.,.,.,.,.,.,.,.,.,.,.,.,.,.,.,.,.,.,.,.,.,.,.,.,.,.,.,.,.,.,.,.,.,.
032,KI06,ã‡ïêí¨ã‡ïê,ã‡ïêã‡ïê,3,2,2,,ÇƒÇæ,t_i_da,tida,t,i,d,a,.,.,.,.,.,.,.,.,.,.,.,.,4,1,0,0,1,1,1,1,1,0,4,1,0,0,0,1,4,3,1,0,.,.,.,.,.,.,.,.,.,.,.,.,.,.,.,.,.,.,.,.,.,.,.,.,.,.,.,.,.,.,.,.,.,.,.,.,.,.,.,.,.,.,.,.,.,.,.,.,.,.,.,.,.,.,.,.,.,.,.,.,10000000000001000,10000001,100001,1001,110,10000001,100001,10001,101,101,10000000000001000,10000001,100001,1001,101,10000001,101000,10100,101,101,.,.,.,.,.,.,.,.,.,.,.,.,.,.,.,.,.,.,.,.,.,.,.,.,.,.,.,.,.,.,.,.,.,.,.,.,.,.,.,.,.,.,.,.,.,.,.,.,.,.,.,.,.,.,.,.,.,.,.,.
033,YT15,ì«íJë∫å√åò,ì«íJå√åò,5,2,3,,ÇƒÇæ,ti__ra,ti:ra,t,i:,r,a,.,.,.,.,.,.,.,.,.,.,.,.,4,1,0,0,1,2,1,1,1,0,4,5,0,0,0,1,4,3,1,0,.,.,.,.,.,.,.,.,.,.,.,.,.,.,.,.,.,.,.,.,.,.,.,.,.,.,.,.,.,.,.,.,.,.,.,.,.,.,.,.,.,.,.,.,.,.,.,.,.,.,.,.,.,.,.,.,.,.,.,.,10000000000001000,10000001,100001,1001,110,10000010,100001,10001,101,101,10000000000001000,10010000,100001,1001,101,10000001,101000,10100,101,101,.,.,.,.,.,.,.,.,.,.,.,.,.,.,.,.,.,.,.,.,.,.,.,.,.,.,.,.,.,.,.,.,.,.,.,.,.,.,.,.,.,.,.,.,.,.,.,.,.,.,.,.,.,.,.,.,.,.,.,.
034,MS01,ãåêŒêÏésêŒêÏ,êŒêÏêŒêÏ,5,2,3,,ÇƒÇæ,_ti_ra,ti:ra,t,i:,r,a,.,.,.,.,.,.,.,.,.,.,.,.,4,1,0,0,1,2,1,1,1,0,4,5,0,0,0,1,4,3,1,0,.,.,.,.,.,.,.,.,.,.,.,.,.,.,.,.,.,.,.,.,.,.,.,.,.,.,.,.,.,.,.,.,.,.,.,.,.,.,.,.,.,.,.,.,.,.,.,.,.,.,.,.,.,.,.,.,.,.,.,.,10000000000001000,10000001,100001,1001,110,10000010,100001,10001,101,101,10000000000001000,10010000,100001,1001,101,10000001,101000,10100,101,101,.,.,.,.,.,.,.,.,.,.,.,.,.,.,.,.,.,.,.,.,.,.,.,.,.,.,.,.,.,.,.,.,.,.,.,.,.,.,.,.,.,.,.,.,.,.,.,.,.,.,.,.,.,.,.,.,.,.,.,.
035,GK07,â´ìÍéså”âÆ,â´ìÍå”âÆ,5,2,3,,ÇƒÇæ,ti:_da,ti:da,t,i:,d,a,.,.,.,.,.,.,.,.,.,.,.,.,4,1,0,0,1,2,1,1,1,0,4,1,0,0,0,1,4,3,1,0,.,.,.,.,.,.,.,.,.,.,.,.,.,.,.,.,.,.,.,.,.,.,.,.,.,.,.,.,.,.,.,.,.,.,.,.,.,.,.,.,.,.,.,.,.,.,.,.,.,.,.,.,.,.,.,.,.,.,.,.,10000000000001000,10000001,100001,1001,110,10000010,100001,10001,101,101,10000000000001000,10000001,100001,1001,101,10000001,101000,10100,101,101,.,.,.,.,.,.,.,.,.,.,.,.,.,.,.,.,.,.,.,.,.,.,.,.,.,.,.,.,.,.,.,.,.,.,.,.,.,.,.,.,.,.,.,.,.,.,.,.,.,.,.,.,.,.,.,.,.,.,.,.
036,GS08,ãåãÔéuêÏésãÔéuêÏ,Ç§ÇÈãÔéuêÏ,5,2,3,,ÇƒÇæ,ti:_da,ti:da,t,i:,d,a,.,.,.,.,.,.,.,.,.,.,.,.,4,1,0,0,1,2,1,1,1,0,4,1,0,0,0,1,4,3,1,0,.,.,.,.,.,.,.,.,.,.,.,.,.,.,.,.,.,.,.,.,.,.,.,.,.,.,.,.,.,.,.,.,.,.,.,.,.,.,.,.,.,.,.,.,.,.,.,.,.,.,.,.,.,.,.,.,.,.,.,.,10000000000001000,10000001,100001,1001,110,10000010,100001,10001,101,101,10000000000001000,10000001,100001,1001,101,10000001,101000,10100,101,101,.,.,.,.,.,.,.,.,.,.,.,.,.,.,.,.,.,.,.,.,.,.,.,.,.,.,.,.,.,.,.,.,.,.,.,.,.,.,.,.,.,.,.,.,.,.,.,.,.,.,.,.,.,.,.,.,.,.,.,.
037,YN02,ãåèüòAí¨ó^ìﬂèÈ,Ç§ÇÈó^ìﬂèÈ,5,2,3,,ÇƒÇæ,ti__da,ti:da,t,i:,d,a,.,.,.,.,.,.,.,.,.,.,.,.,4,1,0,0,1,2,1,1,1,0,4,1,0,0,0,1,4,3,1,0,.,.,.,.,.,.,.,.,.,.,.,.,.,.,.,.,.,.,.,.,.,.,.,.,.,.,.,.,.,.,.,.,.,.,.,.,.,.,.,.,.,.,.,.,.,.,.,.,.,.,.,.,.,.,.,.,.,.,.,.,10000000000001000,10000001,100001,1001,110,10000010,100001,10001,101,101,10000000000001000,10000001,100001,1001,101,10000001,101000,10100,101,101,.,.,.,.,.,.,.,.,.,.,.,.,.,.,.,.,.,.,.,.,.,.,.,.,.,.,.,.,.,.,.,.,.,.,.,.,.,.,.,.,.,.,.,.,.,.,.,.,.,.,.,.,.,.,.,.,.,.,.,.
038,YN09,ãåèüòAí¨ïΩà¿ç¿,Ç§ÇÈïΩà¿ç¿,5,2,3,,ÇƒÇæ,ti__da,ti_da,t,i,d,a,.,.,.,.,.,.,.,.,.,.,.,.,4,1,0,0,1,1,1,1,1,0,4,1,0,0,0,1,4,3,1,0,.,.,.,.,.,.,.,.,.,.,.,.,.,.,.,.,.,.,.,.,.,.,.,.,.,.,.,.,.,.,.,.,.,.,.,.,.,.,.,.,.,.,.,.,.,.,.,.,.,.,.,.,.,.,.,.,.,.,.,.,10000000000001000,10000001,100001,1001,110,10000001,100001,10001,101,101,10000000000001000,10000001,100001,1001,101,10000001,101000,10100,101,101,.,.,.,.,.,.,.,.,.,.,.,.,.,.,.,.,.,.,.,.,.,.,.,.,.,.,.,.,.,.,.,.,.,.,.,.,.,.,.,.,.,.,.,.,.,.,.,.,.,.,.,.,.,.,.,.,.,.,.,.
039,CT12,ñkíJí¨ñkíJ,ñkíJñkíJ,5,2,3,,ÇƒÇæ,ti_ra,ti:ra,t,i:,r,a,.,.,.,.,.,.,.,.,.,.,.,.,4,1,0,0,1,2,1,1,1,0,4,5,0,0,0,1,4,3,1,0,.,.,.,.,.,.,.,.,.,.,.,.,.,.,.,.,.,.,.,.,.,.,.,.,.,.,.,.,.,.,.,.,.,.,.,.,.,.,.,.,.,.,.,.,.,.,.,.,.,.,.,.,.,.,.,.,.,.,.,.,10000000000001000,10000001,100001,1001,110,10000010,100001,10001,101,101,10000000000001000,10010000,100001,1001,101,10000001,101000,10100,101,101,.,.,.,.,.,.,.,.,.,.,.,.,.,.,.,.,.,.,.,.,.,.,.,.,.,.,.,.,.,.,.,.,.,.,.,.,.,.,.,.,.,.,.,.,.,.,.,.,.,.,.,.,.,.,.,.,.,.,.,.
040,NK17,íÜèÈë∫âÆãX,ñkíÜâÆãX,5,2,3,,ÇƒÇæ,_ti_da,ti:da,t,i:,d,a,.,.,.,.,.,.,.,.,.,.,.,.,4,1,0,0,1,2,1,1,1,0,4,1,0,0,0,1,4,3,1,0,.,.,.,.,.,.,.,.,.,.,.,.,.,.,.,.,.,.,.,.,.,.,.,.,.,.,.,.,.,.,.,.,.,.,.,.,.,.,.,.,.,.,.,.,.,.,.,.,.,.,.,.,.,.,.,.,.,.,.,.,10000000000001000,10000001,100001,1001,110,10000010,100001,10001,101,101,10000000000001000,10000001,100001,1001,101,10000001,101000,10100,101,101,.,.,.,.,.,.,.,.,.,.,.,.,.,.,.,.,.,.,.,.,.,.,.,.,.,.,.,.,.,.,.,.,.,.,.,.,.,.,.,.,.,.,.,.,.,.,.,.,.,.,.,.,.,.,.,.,.,.,.,.
041,GW01,ãXñÏòpésïÅìVä‘,ãXòpïÅìVä‘,5,2,3,,ÇƒÇæ,_ti__a,ti:ra,t,i:,r,a,.,.,.,.,.,.,.,.,.,.,.,.,4,1,0,0,1,2,1,1,1,0,4,5,0,0,0,1,4,3,1,0,.,.,.,.,.,.,.,.,.,.,.,.,.,.,.,.,.,.,.,.,.,.,.,.,.,.,.,.,.,.,.,.,.,.,.,.,.,.,.,.,.,.,.,.,.,.,.,.,.,.,.,.,.,.,.,.,.,.,.,.,10000000000001000,10000001,100001,1001,110,10000010,100001,10001,101,101,10000000000001000,10010000,100001,1001,101,10000001,101000,10100,101,101,.,.,.,.,.,.,.,.,.,.,.,.,.,.,.,.,.,.,.,.,.,.,.,.,.,.,.,.,.,.,.,.,.,.,.,.,.,.,.,.,.,.,.,.,.,.,.,.,.,.,.,.,.,.,.,.,.,.,.,.
042,GW06,ãXñÏòpésëÂéR,ãXòpëÂéR,5,2,3,,ÇƒÇæ,ti__ra,ti:ra,t,i:,r,a,.,.,.,.,.,.,.,.,.,.,.,.,4,1,0,0,1,2,1,1,1,0,4,5,0,0,0,1,4,3,1,0,.,.,.,.,.,.,.,.,.,.,.,.,.,.,.,.,.,.,.,.,.,.,.,.,.,.,.,.,.,.,.,.,.,.,.,.,.,.,.,.,.,.,.,.,.,.,.,.,.,.,.,.,.,.,.,.,.,.,.,.,10000000000001000,10000001,100001,1001,110,10000010,100001,10001,101,101,10000000000001000,10010000,100001,1001,101,10000001,101000,10100,101,101,.,.,.,.,.,.,.,.,.,.,.,.,.,.,.,.,.,.,.,.,.,.,.,.,.,.,.,.,.,.,.,.,.,.,.,.,.,.,.,.,.,.,.,.,.,.,.,.,.,.,.,.,.,.,.,.,.,.,.,.
043,US06,âYìYésà¿îgíÉ,âYìYà¿îgíÉ,5,2,3,,ÇƒÇæ,ti__da,ti:da,t,i:,d,a,.,.,.,.,.,.,.,.,.,.,.,.,4,1,0,0,1,2,1,1,1,0,4,1,0,0,0,1,4,3,1,0,.,.,.,.,.,.,.,.,.,.,.,.,.,.,.,.,.,.,.,.,.,.,.,.,.,.,.,.,.,.,.,.,.,.,.,.,.,.,.,.,.,.,.,.,.,.,.,.,.,.,.,.,.,.,.,.,.,.,.,.,10000000000001000,10000001,100001,1001,110,10000010,100001,10001,101,101,10000000000001000,10000001,100001,1001,101,10000001,101000,10100,101,101,.,.,.,.,.,.,.,.,.,.,.,.,.,.,.,.,.,.,.,.,.,.,.,.,.,.,.,.,.,.,.,.,.,.,.,.,.,.,.,.,.,.,.,.,.,.,.,.,.,.,.,.,.,.,.,.,.,.,.,.
044,NH10,êºå¥í¨è¨îgí√,êºå¥è¨îgí√,5,2,3,,ÇƒÇæ,_ti_da,ti:da,t,i:,d,a,.,.,.,.,.,.,.,.,.,.,.,.,4,1,0,0,1,2,1,1,1,0,4,1,0,0,0,1,4,3,1,0,.,.,.,.,.,.,.,.,.,.,.,.,.,.,.,.,.,.,.,.,.,.,.,.,.,.,.,.,.,.,.,.,.,.,.,.,.,.,.,.,.,.,.,.,.,.,.,.,.,.,.,.,.,.,.,.,.,.,.,.,10000000000001000,10000001,100001,1001,110,10000010,100001,10001,101,101,10000000000001000,10000001,100001,1001,101,10000001,101000,10100,101,101,.,.,.,.,.,.,.,.,.,.,.,.,.,.,.,.,.,.,.,.,.,.,.,.,.,.,.,.,.,.,.,.,.,.,.,.,.,.,.,.,.,.,.,.,.,.,.,.,.,.,.,.,.,.,.,.,.,.,.,.
045,NK25,èüòAí¨í√åò,Ç§ÇÈí√åò,3,2,2,,ÇƒÇæ,_t_ida-t_i_ra,thida,t,i,d,a,.,.,.,.,.,.,.,.,.,.,.,.,4,1,0,0,1,1,1,1,1,0,4,1,0,0,0,1,4,3,1,0,.,.,.,.,.,.,.,.,.,.,.,.,.,.,.,.,.,.,.,.,.,.,.,.,.,.,.,.,.,.,.,.,.,.,.,.,.,.,.,.,.,.,.,.,.,.,.,.,.,.,.,.,.,.,.,.,.,.,.,.,10000000000001000,10000001,100001,1001,110,10000001,100001,10001,101,101,10000000000001000,10000001,100001,1001,101,10000001,101000,10100,101,101,.,.,.,.,.,.,.,.,.,.,.,.,.,.,.,.,.,.,.,.,.,.,.,.,.,.,.,.,.,.,.,.,.,.,.,.,.,.,.,.,.,.,.,.,.,.,.,.,.,.,.,.,.,.,.,.,.,.,.,.
046,MW03,ìﬂîeéséÒó¢ìñë†émë∞,ìﬂîeìñë†ém,5,2,3,,ÇƒÇæ,_ti:da/__utida,ti:da,t,i:,d,a,.,.,.,.,.,.,.,.,.,.,.,.,4,1,0,0,1,2,1,1,1,0,4,1,0,0,0,1,4,3,1,0,.,.,.,.,.,.,.,.,.,.,.,.,.,.,.,.,.,.,.,.,.,.,.,.,.,.,.,.,.,.,.,.,.,.,.,.,.,.,.,.,.,.,.,.,.,.,.,.,.,.,.,.,.,.,.,.,.,.,.,.,10000000000001000,10000001,100001,1001,110,10000010,100001,10001,101,101,10000000000001000,10000001,100001,1001,101,10000001,101000,10100,101,101,.,.,.,.,.,.,.,.,.,.,.,.,.,.,.,.,.,.,.,.,.,.,.,.,.,.,.,.,.,.,.,.,.,.,.,.,.,.,.,.,.,.,.,.,.,.,.,.,.,.,.,.,.,.,.,.,.,.,.,.
047,MW04,ìﬂîeéséÒó¢ìñë†,ìﬂîeìñë†ïΩ,5,2,3,,ÇƒÇæ,_ti:da/__utida,ti:da,t,i:,d,a,.,.,.,.,.,.,.,.,.,.,.,.,4,1,0,0,1,2,1,1,1,0,4,1,0,0,0,1,4,3,1,0,.,.,.,.,.,.,.,.,.,.,.,.,.,.,.,.,.,.,.,.,.,.,.,.,.,.,.,.,.,.,.,.,.,.,.,.,.,.,.,.,.,.,.,.,.,.,.,.,.,.,.,.,.,.,.,.,.,.,.,.,10000000000001000,10000001,100001,1001,110,10000010,100001,10001,101,101,10000000000001000,10000001,100001,1001,101,10000001,101000,10100,101,101,.,.,.,.,.,.,.,.,.,.,.,.,.,.,.,.,.,.,.,.,.,.,.,.,.,.,.,.,.,.,.,.,.,.,.,.,.,.,.,.,.,.,.,.,.,.,.,.,.,.,.,.,.,.,.,.,.,.,.,.
048,MW12,ìﬂîeésêÚçËémë∞,ìﬂîeêÚçËém,3,2,2,,ÇƒÇæ,tira,tira,t,i,r,a,.,.,.,.,.,.,.,.,.,.,.,.,4,1,0,0,1,1,1,1,1,0,4,5,0,0,0,1,4,3,1,0,.,.,.,.,.,.,.,.,.,.,.,.,.,.,.,.,.,.,.,.,.,.,.,.,.,.,.,.,.,.,.,.,.,.,.,.,.,.,.,.,.,.,.,.,.,.,.,.,.,.,.,.,.,.,.,.,.,.,.,.,10000000000001000,10000001,100001,1001,110,10000001,100001,10001,101,101,10000000000001000,10010000,100001,1001,101,10000001,101000,10100,101,101,.,.,.,.,.,.,.,.,.,.,.,.,.,.,.,.,.,.,.,.,.,.,.,.,.,.,.,.,.,.,.,.,.,.,.,.,.,.,.,.,.,.,.,.,.,.,.,.,.,.,.,.,.,.,.,.,.,.,.,.
049,MW13,ìﬂîeésêÚçË,ìﬂîeêÚçËïΩ,3,2,2,,ÇƒÇæ,tira,tira,t,i,r,a,.,.,.,.,.,.,.,.,.,.,.,.,4,1,0,0,1,1,1,1,1,0,4,5,0,0,0,1,4,3,1,0,.,.,.,.,.,.,.,.,.,.,.,.,.,.,.,.,.,.,.,.,.,.,.,.,.,.,.,.,.,.,.,.,.,.,.,.,.,.,.,.,.,.,.,.,.,.,.,.,.,.,.,.,.,.,.,.,.,.,.,.,10000000000001000,10000001,100001,1001,110,10000001,100001,10001,101,101,10000000000001000,10010000,100001,1001,101,10000001,101000,10100,101,101,.,.,.,.,.,.,.,.,.,.,.,.,.,.,.,.,.,.,.,.,.,.,.,.,.,.,.,.,.,.,.,.,.,.,.,.,.,.,.,.,.,.,.,.,.,.,.,.,.,.,.,.,.,.,.,.,.,.,.,.
050,MW09,ìﬂîeésà¿ó¢,ìﬂîeà¿ó¢,5,2,3,,ÇƒÇæ,_ti:da,ti:da,t,i:,d,a,.,.,.,.,.,.,.,.,.,.,.,.,4,1,0,0,1,2,1,1,1,0,4,1,0,0,0,1,4,3,1,0,.,.,.,.,.,.,.,.,.,.,.,.,.,.,.,.,.,.,.,.,.,.,.,.,.,.,.,.,.,.,.,.,.,.,.,.,.,.,.,.,.,.,.,.,.,.,.,.,.,.,.,.,.,.,.,.,.,.,.,.,10000000000001000,10000001,100001,1001,110,10000010,100001,10001,101,101,10000000000001000,10000001,100001,1001,101,10000001,101000,10100,101,101,.,.,.,.,.,.,.,.,.,.,.,.,.,.,.,.,.,.,.,.,.,.,.,.,.,.,.,.,.,.,.,.,.,.,.,.,.,.,.,.,.,.,.,.,.,.,.,.,.,.,.,.,.,.,.,.,.,.,.,.
051,HB04,ìÏïóå¥í¨åìèÈ,ìÏïóåìèÈ,5,2,3,,ÇƒÇæ,_ti:ra,ti:ra,t,i:,r,a,.,.,.,.,.,.,.,.,.,.,.,.,4,1,0,0,1,2,1,1,1,0,4,5,0,0,0,1,4,3,1,0,.,.,.,.,.,.,.,.,.,.,.,.,.,.,.,.,.,.,.,.,.,.,.,.,.,.,.,.,.,.,.,.,.,.,.,.,.,.,.,.,.,.,.,.,.,.,.,.,.,.,.,.,.,.,.,.,.,.,.,.,10000000000001000,10000001,100001,1001,110,10000010,100001,10001,101,101,10000000000001000,10010000,100001,1001,101,10000001,101000,10100,101,101,.,.,.,.,.,.,.,.,.,.,.,.,.,.,.,.,.,.,.,.,.,.,.,.,.,.,.,.,.,.,.,.,.,.,.,.,.,.,.,.,.,.,.,.,.,.,.,.,.,.,.,.,.,.,.,.,.,.,.,.
052,OZ02,ó^ìﬂå¥í¨ó^ìﬂå¥,ó^ìﬂó^ìﬂå¥,5,2,3,,ÇƒÇæ,ti:_d_a,ti:d_a,t,i:,d,a,.,.,.,.,.,.,.,.,.,.,.,.,4,1,0,0,1,2,1,1,1,0,4,1,0,0,0,1,4,3,1,0,.,.,.,.,.,.,.,.,.,.,.,.,.,.,.,.,.,.,.,.,.,.,.,.,.,.,.,.,.,.,.,.,.,.,.,.,.,.,.,.,.,.,.,.,.,.,.,.,.,.,.,.,.,.,.,.,.,.,.,.,10000000000001000,10000001,100001,1001,110,10000010,100001,10001,101,101,10000000000001000,10000001,100001,1001,101,10000001,101000,10100,101,101,.,.,.,.,.,.,.,.,.,.,.,.,.,.,.,.,.,.,.,.,.,.,.,.,.,.,.,.,.,.,.,.,.,.,.,.,.,.,.,.,.,.,.,.,.,.,.,.,.,.,.,.,.,.,.,.,.,.,.,.
053,OZ05,ãåëÂó¢ë∫å√åò2,ìÏèÈå√åò2,5,2,3,,ÇƒÇæ,ti:ra,ti:ra,t,i:,r,a,.,.,.,.,.,.,.,.,.,.,.,.,4,1,0,0,1,2,1,1,1,0,4,5,0,0,0,1,4,3,1,0,.,.,.,.,.,.,.,.,.,.,.,.,.,.,.,.,.,.,.,.,.,.,.,.,.,.,.,.,.,.,.,.,.,.,.,.,.,.,.,.,.,.,.,.,.,.,.,.,.,.,.,.,.,.,.,.,.,.,.,.,10000000000001000,10000001,100001,1001,110,10000010,100001,10001,101,101,10000000000001000,10010000,100001,1001,101,10000001,101000,10100,101,101,.,.,.,.,.,.,.,.,.,.,.,.,.,.,.,.,.,.,.,.,.,.,.,.,.,.,.,.,.,.,.,.,.,.,.,.,.,.,.,.,.,.,.,.,.,.,.,.,.,.,.,.,.,.,.,.,.,.,.,.
054,SS05,ãåç≤ï~í¨ç≤ï~,ìÏèÈç≤ï~,5,2,3,,ÇƒÇæ,ti:__a,ti:ra,t,i:,r,a,.,.,.,.,.,.,.,.,.,.,.,.,4,1,0,0,1,2,1,1,1,0,4,5,0,0,0,1,4,3,1,0,.,.,.,.,.,.,.,.,.,.,.,.,.,.,.,.,.,.,.,.,.,.,.,.,.,.,.,.,.,.,.,.,.,.,.,.,.,.,.,.,.,.,.,.,.,.,.,.,.,.,.,.,.,.,.,.,.,.,.,.,10000000000001000,10000001,100001,1001,110,10000010,100001,10001,101,101,10000000000001000,10010000,100001,1001,101,10000001,101000,10100,101,101,.,.,.,.,.,.,.,.,.,.,.,.,.,.,.,.,.,.,.,.,.,.,.,.,.,.,.,.,.,.,.,.,.,.,.,.,.,.,.,.,.,.,.,.,.,.,.,.,.,.,.,.,.,.,.,.,.,.,.,.
055,CN05,ãåímîOë∫ímîO,ìÏèÈímîO,5,2,3,,ÇƒÇæ,ti:__a,ti:da,t,i:,d,a,.,.,.,.,.,.,.,.,.,.,.,.,4,1,0,0,1,2,1,1,1,0,4,1,0,0,0,1,4,3,1,0,.,.,.,.,.,.,.,.,.,.,.,.,.,.,.,.,.,.,.,.,.,.,.,.,.,.,.,.,.,.,.,.,.,.,.,.,.,.,.,.,.,.,.,.,.,.,.,.,.,.,.,.,.,.,.,.,.,.,.,.,10000000000001000,10000001,100001,1001,110,10000010,100001,10001,101,101,10000000000001000,10000001,100001,1001,101,10000001,101000,10100,101,101,.,.,.,.,.,.,.,.,.,.,.,.,.,.,.,.,.,.,.,.,.,.,.,.,.,.,.,.,.,.,.,.,.,.,.,.,.,.,.,.,.,.,.,.,.,.,.,.,.,.,.,.,.,.,.,.,.,.,.,.
056,CN08,ãåímîOë∫ãvçÇ,ìÏèÈãvçÇ,5,2,3,,ÇƒÇæ,ti__da,ti:da,t,i:,d,a,.,.,.,.,.,.,.,.,.,.,.,.,4,1,0,0,1,2,1,1,1,0,4,1,0,0,0,1,4,3,1,0,.,.,.,.,.,.,.,.,.,.,.,.,.,.,.,.,.,.,.,.,.,.,.,.,.,.,.,.,.,.,.,.,.,.,.,.,.,.,.,.,.,.,.,.,.,.,.,.,.,.,.,.,.,.,.,.,.,.,.,.,10000000000001000,10000001,100001,1001,110,10000010,100001,10001,101,101,10000000000001000,10000001,100001,1001,101,10000001,101000,10100,101,101,.,.,.,.,.,.,.,.,.,.,.,.,.,.,.,.,.,.,.,.,.,.,.,.,.,.,.,.,.,.,.,.,.,.,.,.,.,.,.,.,.,.,.,.,.,.,.,.,.,.,.,.,.,.,.,.,.,.,.,.
057,TM03,ãåã èÈë∫ã èÈ,ìÏèÈã èÈ,5,2,3,,ÇƒÇæ,_ti_da,ti:da,t,i:,d,a,.,.,.,.,.,.,.,.,.,.,.,.,4,1,0,0,1,2,1,1,1,0,4,1,0,0,0,1,4,3,1,0,.,.,.,.,.,.,.,.,.,.,.,.,.,.,.,.,.,.,.,.,.,.,.,.,.,.,.,.,.,.,.,.,.,.,.,.,.,.,.,.,.,.,.,.,.,.,.,.,.,.,.,.,.,.,.,.,.,.,.,.,10000000000001000,10000001,100001,1001,110,10000010,100001,10001,101,101,10000000000001000,10000001,100001,1001,101,10000001,101000,10100,101,101,.,.,.,.,.,.,.,.,.,.,.,.,.,.,.,.,.,.,.,.,.,.,.,.,.,.,.,.,.,.,.,.,.,.,.,.,.,.,.,.,.,.,.,.,.,.,.,.,.,.,.,.,.,.,.,.,.,.,.,.
058,TM07,ãåã èÈë∫éÖêî,ìÏèÈéÖêî,5,2,3,,ÇƒÇæ,ti_da,ti:da,t,i:,d,a,.,.,.,.,.,.,.,.,.,.,.,.,4,1,0,0,1,2,1,1,1,0,4,1,0,0,0,1,4,3,1,0,.,.,.,.,.,.,.,.,.,.,.,.,.,.,.,.,.,.,.,.,.,.,.,.,.,.,.,.,.,.,.,.,.,.,.,.,.,.,.,.,.,.,.,.,.,.,.,.,.,.,.,.,.,.,.,.,.,.,.,.,10000000000001000,10000001,100001,1001,110,10000010,100001,10001,101,101,10000000000001000,10000001,100001,1001,101,10000001,101000,10100,101,101,.,.,.,.,.,.,.,.,.,.,.,.,.,.,.,.,.,.,.,.,.,.,.,.,.,.,.,.,.,.,.,.,.,.,.,.,.,.,.,.,.,.,.,.,.,.,.,.,.,.,.,.,.,.,.,.,.,.,.,.
059,GC02,ãåãÔéuì™ë∫ãÔéuì™,î™èdãÔéuì™,5,2,3,,ÇƒÇæ,_tida,tida,t,i,d,a,.,.,.,.,.,.,.,.,.,.,.,.,4,1,0,0,1,1,1,1,1,0,4,1,0,0,0,1,4,3,1,0,.,.,.,.,.,.,.,.,.,.,.,.,.,.,.,.,.,.,.,.,.,.,.,.,.,.,.,.,.,.,.,.,.,.,.,.,.,.,.,.,.,.,.,.,.,.,.,.,.,.,.,.,.,.,.,.,.,.,.,.,10000000000001000,10000001,100001,1001,110,10000001,100001,10001,101,101,10000000000001000,10000001,100001,1001,101,10000001,101000,10100,101,101,.,.,.,.,.,.,.,.,.,.,.,.,.,.,.,.,.,.,.,.,.,.,.,.,.,.,.,.,.,.,.,.,.,.,.,.,.,.,.,.,.,.,.,.,.,.,.,.,.,.,.,.,.,.,.,.,.,.,.,.
060,KD02,ãåìåïóïΩí¨óFäÒ,î™èdóFäÒ,5,2,3,,ÇƒÇæ,ti__da,ti:da,t,i:,d,a,.,.,.,.,.,.,.,.,.,.,.,.,4,1,0,0,1,2,1,1,1,0,4,1,0,0,0,1,4,3,1,0,.,.,.,.,.,.,.,.,.,.,.,.,.,.,.,.,.,.,.,.,.,.,.,.,.,.,.,.,.,.,.,.,.,.,.,.,.,.,.,.,.,.,.,.,.,.,.,.,.,.,.,.,.,.,.,.,.,.,.,.,10000000000001000,10000001,100001,1001,110,10000010,100001,10001,101,101,10000000000001000,10000001,100001,1001,101,10000001,101000,10100,101,101,.,.,.,.,.,.,.,.,.,.,.,.,.,.,.,.,.,.,.,.,.,.,.,.,.,.,.,.,.,.,.,.,.,.,.,.,.,.,.,.,.,.,.,.,.,.,.,.,.,.,.,.,.,.,.,.,.,.,.,.
061,MN03,éÖñûésïƒê{,éÖñûïƒê{,3,2,2,,ÇƒÇæ,ti_ra,tira,t,i,r,a,.,.,.,.,.,.,.,.,.,.,.,.,4,1,0,0,1,1,1,1,1,0,4,5,0,0,0,1,4,3,1,0,.,.,.,.,.,.,.,.,.,.,.,.,.,.,.,.,.,.,.,.,.,.,.,.,.,.,.,.,.,.,.,.,.,.,.,.,.,.,.,.,.,.,.,.,.,.,.,.,.,.,.,.,.,.,.,.,.,.,.,.,10000000000001000,10000001,100001,1001,110,10000001,100001,10001,101,101,10000000000001000,10010000,100001,1001,101,10000001,101000,10100,101,101,.,.,.,.,.,.,.,.,.,.,.,.,.,.,.,.,.,.,.,.,.,.,.,.,.,.,.,.,.,.,.,.,.,.,.,.,.,.,.,.,.,.,.,.,.,.,.,.,.,.,.,.,.,.,.,.,.,.,.,.
062,KY02,éÖñûésäÏâÆïê,éÖñûäÏâÆïê,3,2,2,,ÇƒÇæ,tida,tida,t,i,d,a,.,.,.,.,.,.,.,.,.,.,.,.,4,1,0,0,1,1,1,1,1,0,4,1,0,0,0,1,4,3,1,0,.,.,.,.,.,.,.,.,.,.,.,.,.,.,.,.,.,.,.,.,.,.,.,.,.,.,.,.,.,.,.,.,.,.,.,.,.,.,.,.,.,.,.,.,.,.,.,.,.,.,.,.,.,.,.,.,.,.,.,.,10000000000001000,10000001,100001,1001,110,10000001,100001,10001,101,101,10000000000001000,10000001,100001,1001,101,10000001,101000,10100,101,101,.,.,.,.,.,.,.,.,.,.,.,.,.,.,.,.,.,.,.,.,.,.,.,.,.,.,.,.,.,.,.,.,.,.,.,.,.,.,.,.,.,.,.,.,.,.,.,.,.,.,.,.,.,.,.,.,.,.,.,.
063,MK07,éÖñûésê^ï«,éÖñûê^ï«,3,2,2,,ÇƒÇæ,ti_da,tida,t,i,d,a,.,.,.,.,.,.,.,.,.,.,.,.,4,1,0,0,1,1,1,1,1,0,4,1,0,0,0,1,4,3,1,0,.,.,.,.,.,.,.,.,.,.,.,.,.,.,.,.,.,.,.,.,.,.,.,.,.,.,.,.,.,.,.,.,.,.,.,.,.,.,.,.,.,.,.,.,.,.,.,.,.,.,.,.,.,.,.,.,.,.,.,.,10000000000001000,10000001,100001,1001,110,10000001,100001,10001,101,101,10000000000001000,10000001,100001,1001,101,10000001,101000,10100,101,101,.,.,.,.,.,.,.,.,.,.,.,.,.,.,.,.,.,.,.,.,.,.,.,.,.,.,.,.,.,.,.,.,.,.,.,.,.,.,.,.,.,.,.,.,.,.,.,.,.,.,.,.,.,.,.,.,.,.,.,.
064,TK04,éÖñûésçëãg,éÖñûçëãg,5,2,3,,ÇƒÇæ,ti_ra,ti:ra,t,i:,r,a,.,.,.,.,.,.,.,.,.,.,.,.,4,1,0,0,1,2,1,1,1,0,4,5,0,0,0,1,4,3,1,0,.,.,.,.,.,.,.,.,.,.,.,.,.,.,.,.,.,.,.,.,.,.,.,.,.,.,.,.,.,.,.,.,.,.,.,.,.,.,.,.,.,.,.,.,.,.,.,.,.,.,.,.,.,.,.,.,.,.,.,.,10000000000001000,10000001,100001,1001,110,10000010,100001,10001,101,101,10000000000001000,10010000,100001,1001,101,10000001,101000,10100,101,101,.,.,.,.,.,.,.,.,.,.,.,.,.,.,.,.,.,.,.,.,.,.,.,.,.,.,.,.,.,.,.,.,.,.,.,.,.,.,.,.,.,.,.,.,.,.,.,.,.,.,.,.,.,.,.,.,.,.,.,.
065,KN07,éÖñûésåìèÈ,éÖñûåìèÈ,5,2,3,,ÇƒÇæ,ti__ra,ti:ra,t,i:,r,a,.,.,.,.,.,.,.,.,.,.,.,.,4,1,0,0,1,2,1,1,1,0,4,5,0,0,0,1,4,3,1,0,.,.,.,.,.,.,.,.,.,.,.,.,.,.,.,.,.,.,.,.,.,.,.,.,.,.,.,.,.,.,.,.,.,.,.,.,.,.,.,.,.,.,.,.,.,.,.,.,.,.,.,.,.,.,.,.,.,.,.,.,10000000000001000,10000001,100001,1001,110,10000010,100001,10001,101,101,10000000000001000,10010000,100001,1001,101,10000001,101000,10100,101,101,.,.,.,.,.,.,.,.,.,.,.,.,.,.,.,.,.,.,.,.,.,.,.,.,.,.,.,.,.,.,.,.,.,.,.,.,.,.,.,.,.,.,.,.,.,.,.,.,.,.,.,.,.,.,.,.,.,.,.,.
066,TG17,ñLå©èÈë∫ï€âhñŒ,ñLå©ï€âhñŒ,5,2,3,,ÇƒÇæ,ti___da,ti:da,t,i:,d,a,.,.,.,.,.,.,.,.,.,.,.,.,4,1,0,0,1,2,1,1,1,0,4,1,0,0,0,1,4,3,1,0,.,.,.,.,.,.,.,.,.,.,.,.,.,.,.,.,.,.,.,.,.,.,.,.,.,.,.,.,.,.,.,.,.,.,.,.,.,.,.,.,.,.,.,.,.,.,.,.,.,.,.,.,.,.,.,.,.,.,.,.,10000000000001000,10000001,100001,1001,110,10000010,100001,10001,101,101,10000000000001000,10000001,100001,1001,101,10000001,101000,10100,101,101,.,.,.,.,.,.,.,.,.,.,.,.,.,.,.,.,.,.,.,.,.,.,.,.,.,.,.,.,.,.,.,.,.,.,.,.,.,.,.,.,.,.,.,.,.,.,.,.,.,.,.,.,.,.,.,.,.,.,.,.
067,OR02,ìﬂîeésè¨ò\à¿éüó‰,ìﬂîeà¿éüó‰,5,2,3,,ÇƒÇæ,ti__ra,ti:ra,t,i:,r,a,.,.,.,.,.,.,.,.,.,.,.,.,4,1,0,0,1,2,1,1,1,0,4,5,0,0,0,1,4,3,1,0,.,.,.,.,.,.,.,.,.,.,.,.,.,.,.,.,.,.,.,.,.,.,.,.,.,.,.,.,.,.,.,.,.,.,.,.,.,.,.,.,.,.,.,.,.,.,.,.,.,.,.,.,.,.,.,.,.,.,.,.,10000000000001000,10000001,100001,1001,110,10000010,100001,10001,101,101,10000000000001000,10010000,100001,1001,101,10000001,101000,10100,101,101,.,.,.,.,.,.,.,.,.,.,.,.,.,.,.,.,.,.,.,.,.,.,.,.,.,.,.,.,.,.,.,.,.,.,.,.,.,.,.,.,.,.,.,.,.,.,.,.,.,.,.,.,.,.,.,.,.,.,.,.
068,TO02,ìnâ√ï~ë∫à¢îgòA,ìnâ√à¢îgòA,3,2,2,,ÇƒÇæ,ti_ra,tira,t,i,r,a,.,.,.,.,.,.,.,.,.,.,.,.,4,1,0,0,1,1,1,1,1,0,4,5,0,0,0,1,4,3,1,0,.,.,.,.,.,.,.,.,.,.,.,.,.,.,.,.,.,.,.,.,.,.,.,.,.,.,.,.,.,.,.,.,.,.,.,.,.,.,.,.,.,.,.,.,.,.,.,.,.,.,.,.,.,.,.,.,.,.,.,.,10000000000001000,10000001,100001,1001,110,10000001,100001,10001,101,101,10000000000001000,10010000,100001,1001,101,10000001,101000,10100,101,101,.,.,.,.,.,.,.,.,.,.,.,.,.,.,.,.,.,.,.,.,.,.,.,.,.,.,.,.,.,.,.,.,.,.,.,.,.,.,.,.,.,.,.,.,.,.,.,.,.,.,.,.,.,.,.,.,.,.,.,.
069,ZM04,ç¿ä‘ñ°ë∫à¢â√,ç¿ä‘à¢â√,5,2,3,,ÇƒÇæ,_ti_ra,ti:ra,t,i:,r,a,.,.,.,.,.,.,.,.,.,.,.,.,4,1,0,0,1,2,1,1,1,0,4,5,0,0,0,1,4,3,1,0,.,.,.,.,.,.,.,.,.,.,.,.,.,.,.,.,.,.,.,.,.,.,.,.,.,.,.,.,.,.,.,.,.,.,.,.,.,.,.,.,.,.,.,.,.,.,.,.,.,.,.,.,.,.,.,.,.,.,.,.,10000000000001000,10000001,100001,1001,110,10000010,100001,10001,101,101,10000000000001000,10010000,100001,1001,101,10000001,101000,10100,101,101,.,.,.,.,.,.,.,.,.,.,.,.,.,.,.,.,.,.,.,.,.,.,.,.,.,.,.,.,.,.,.,.,.,.,.,.,.,.,.,.,.,.,.,.,.,.,.,.,.,.,.,.,.,.,.,.,.,.,.,.
070,AG01,àæçëë∫àæçëïl,àæçëïl,3,2,2,,ÇƒÇæ,_tida,tida,t,i,d,a,.,.,.,.,.,.,.,.,.,.,.,.,4,1,0,0,1,1,1,1,1,0,4,1,0,0,0,1,4,3,1,0,.,.,.,.,.,.,.,.,.,.,.,.,.,.,.,.,.,.,.,.,.,.,.,.,.,.,.,.,.,.,.,.,.,.,.,.,.,.,.,.,.,.,.,.,.,.,.,.,.,.,.,.,.,.,.,.,.,.,.,.,10000000000001000,10000001,100001,1001,110,10000001,100001,10001,101,101,10000000000001000,10000001,100001,1001,101,10000001,101000,10100,101,101,.,.,.,.,.,.,.,.,.,.,.,.,.,.,.,.,.,.,.,.,.,.,.,.,.,.,.,.,.,.,.,.,.,.,.,.,.,.,.,.,.,.,.,.,.,.,.,.,.,.,.,.,.,.,.,.,.,.,.,.
071,TN01,ìnñºäÏë∫ìnñºäÏêº,ìnñºäÏêº,3,2,2,,ÇƒÇæ,_tida,tida,t,i,d,a,.,.,.,.,.,.,.,.,.,.,.,.,4,1,0,0,1,1,1,1,1,0,4,1,0,0,0,1,4,3,1,0,.,.,.,.,.,.,.,.,.,.,.,.,.,.,.,.,.,.,.,.,.,.,.,.,.,.,.,.,.,.,.,.,.,.,.,.,.,.,.,.,.,.,.,.,.,.,.,.,.,.,.,.,.,.,.,.,.,.,.,.,10000000000001000,10000001,100001,1001,110,10000001,100001,10001,101,101,10000000000001000,10000001,100001,1001,101,10000001,101000,10100,101,101,.,.,.,.,.,.,.,.,.,.,.,.,.,.,.,.,.,.,.,.,.,.,.,.,.,.,.,.,.,.,.,.,.,.,.,.,.,.,.,.,.,.,.,.,.,.,.,.,.,.,.,.,.,.,.,.,.,.,.,.
072,NA04,ãåíáó¢ë∫ê^é”,ãvïƒê^é”,5,2,3,,ÇƒÇæ,ti__ra,ti:ra,t,i:,r,a,.,.,.,.,.,.,.,.,.,.,.,.,4,1,0,0,1,2,1,1,1,0,4,5,0,0,0,1,4,3,1,0,.,.,.,.,.,.,.,.,.,.,.,.,.,.,.,.,.,.,.,.,.,.,.,.,.,.,.,.,.,.,.,.,.,.,.,.,.,.,.,.,.,.,.,.,.,.,.,.,.,.,.,.,.,.,.,.,.,.,.,.,10000000000001000,10000001,100001,1001,110,10000010,100001,10001,101,101,10000000000001000,10010000,100001,1001,101,10000001,101000,10100,101,101,.,.,.,.,.,.,.,.,.,.,.,.,.,.,.,.,.,.,.,.,.,.,.,.,.,.,.,.,.,.,.,.,.,.,.,.,.,.,.,.,.,.,.,.,.,.,.,.,.,.,.,.,.,.,.,.,.,.,.,.
073,KG03,ãåãÔéuêÏë∫åìèÈ,ãvïƒåìèÈ,5,2,3,,ÇƒÇæ,ti__ra,ti:ra,t,i:,r,a,.,.,.,.,.,.,.,.,.,.,.,.,4,1,0,0,1,2,1,1,1,0,4,5,0,0,0,1,4,3,1,0,.,.,.,.,.,.,.,.,.,.,.,.,.,.,.,.,.,.,.,.,.,.,.,.,.,.,.,.,.,.,.,.,.,.,.,.,.,.,.,.,.,.,.,.,.,.,.,.,.,.,.,.,.,.,.,.,.,.,.,.,10000000000001000,10000001,100001,1001,110,10000010,100001,10001,101,101,10000000000001000,10010000,100001,1001,101,10000001,101000,10100,101,101,.,.,.,.,.,.,.,.,.,.,.,.,.,.,.,.,.,.,.,.,.,.,.,.,.,.,.,.,.,.,.,.,.,.,.,.,.,.,.,.,.,.,.,.,.,.,.,.,.,.,.,.,.,.,.,.,.,.,.,.
074,HR03,ã{å√ìáésírä‘,ã{å√írä‘,3,2,2,,ÇƒÇæ,tida,tida,t,i,d,a,.,.,.,.,.,.,.,.,.,.,.,.,4,1,0,0,1,1,1,1,1,0,4,1,0,0,0,1,4,3,1,0,.,.,.,.,.,.,.,.,.,.,.,.,.,.,.,.,.,.,.,.,.,.,.,.,.,.,.,.,.,.,.,.,.,.,.,.,.,.,.,.,.,.,.,.,.,.,.,.,.,.,.,.,.,.,.,.,.,.,.,.,10000000000001000,10000001,100001,1001,110,10000001,100001,10001,101,101,10000000000001000,10000001,100001,1001,101,10000001,101000,10100,101,101,.,.,.,.,.,.,.,.,.,.,.,.,.,.,.,.,.,.,.,.,.,.,.,.,.,.,.,.,.,.,.,.,.,.,.,.,.,.,.,.,.,.,.,.,.,.,.,.,.,.,.,.,.,.,.,.,.,.,.,.
075,HR05,ã{å√ìáésëÂê_,ã{å√ëÂê_,3,2,2,,ÇƒÇæ,ti_ta,ti_ta,t,i,t,a,.,.,.,.,.,.,.,.,.,.,.,.,4,1,0,0,1,1,1,1,1,0,4,1,0,0,1,1,4,3,1,0,.,.,.,.,.,.,.,.,.,.,.,.,.,.,.,.,.,.,.,.,.,.,.,.,.,.,.,.,.,.,.,.,.,.,.,.,.,.,.,.,.,.,.,.,.,.,.,.,.,.,.,.,.,.,.,.,.,.,.,.,10000000000001000,10000001,100001,1001,110,10000001,100001,10001,101,101,10000000000001000,10000001,100001,1001,110,10000001,101000,10100,101,101,.,.,.,.,.,.,.,.,.,.,.,.,.,.,.,.,.,.,.,.,.,.,.,.,.,.,.,.,.,.,.,.,.,.,.,.,.,.,.,.,.,.,.,.,.,.,.,.,.,.,.,.,.,.,.,.,.,.,.,.
076,HR06,ã{å√ìáésïΩó«éÎñì,ã{å√éÎñì,3,2,2,,ÇƒÇæ,tida,tida,t,i,d,a,.,.,.,.,.,.,.,.,.,.,.,.,4,1,0,0,1,1,1,1,1,0,4,1,0,0,0,1,4,3,1,0,.,.,.,.,.,.,.,.,.,.,.,.,.,.,.,.,.,.,.,.,.,.,.,.,.,.,.,.,.,.,.,.,.,.,.,.,.,.,.,.,.,.,.,.,.,.,.,.,.,.,.,.,.,.,.,.,.,.,.,.,10000000000001000,10000001,100001,1001,110,10000001,100001,10001,101,101,10000000000001000,10000001,100001,1001,101,10000001,101000,10100,101,101,.,.,.,.,.,.,.,.,.,.,.,.,.,.,.,.,.,.,.,.,.,.,.,.,.,.,.,.,.,.,.,.,.,.,.,.,.,.,.,.,.,.,.,.,.,.,.,.,.,.,.,.,.,.,.,.,.,.,.,.
077,HR12,ã{å√ìáésïΩó«ìåíáè@ç™,ã{å√ìåíáè@,3,2,2,,ÇƒÇæ,tida,tida,t,i,d,a,.,.,.,.,.,.,.,.,.,.,.,.,4,1,0,0,1,1,1,1,1,0,4,1,0,0,0,1,4,3,1,0,.,.,.,.,.,.,.,.,.,.,.,.,.,.,.,.,.,.,.,.,.,.,.,.,.,.,.,.,.,.,.,.,.,.,.,.,.,.,.,.,.,.,.,.,.,.,.,.,.,.,.,.,.,.,.,.,.,.,.,.,10000000000001000,10000001,100001,1001,110,10000001,100001,10001,101,101,10000000000001000,10000001,100001,1001,101,10000001,101000,10100,101,101,.,.,.,.,.,.,.,.,.,.,.,.,.,.,.,.,.,.,.,.,.,.,.,.,.,.,.,.,.,.,.,.,.,.,.,.,.,.,.,.,.,.,.,.,.,.,.,.,.,.,.,.,.,.,.,.,.,.,.,.
078,SZ04,ã{å√ìáésâ∫ínó^ìﬂîe,ã{å√ó^ìﬂîe,3,2,2,,ÇƒÇæ,tida,tida,t,i,d,a,.,.,.,.,.,.,.,.,.,.,.,.,4,1,0,0,1,1,1,1,1,0,4,1,0,0,0,1,4,3,1,0,.,.,.,.,.,.,.,.,.,.,.,.,.,.,.,.,.,.,.,.,.,.,.,.,.,.,.,.,.,.,.,.,.,.,.,.,.,.,.,.,.,.,.,.,.,.,.,.,.,.,.,.,.,.,.,.,.,.,.,.,10000000000001000,10000001,100001,1001,110,10000001,100001,10001,101,101,10000000000001000,10000001,100001,1001,101,10000001,101000,10100,101,101,.,.,.,.,.,.,.,.,.,.,.,.,.,.,.,.,.,.,.,.,.,.,.,.,.,.,.,.,.,.,.,.,.,.,.,.,.,.,.,.,.,.,.,.,.,.,.,.,.,.,.,.,.,.,.,.,.,.,.,.
079,SG16,ã{å√ìáésè„ñÏã{çë,ã{å√ã{çë,3,2,2,,ÇƒÇæ,_i_da,tSida,ts2,i,d,a,.,.,.,.,.,.,.,.,.,.,.,.,4,2,2,0,1,1,1,1,1,0,4,1,0,0,0,1,4,3,1,0,.,.,.,.,.,.,.,.,.,.,.,.,.,.,.,.,.,.,.,.,.,.,.,.,.,.,.,.,.,.,.,.,.,.,.,.,.,.,.,.,.,.,.,.,.,.,.,.,.,.,.,.,.,.,.,.,.,.,.,.,10000000000001000,10000010,100100,1001,110,10000001,100001,10001,101,101,10000000000001000,10000001,100001,1001,101,10000001,101000,10100,101,101,.,.,.,.,.,.,.,.,.,.,.,.,.,.,.,.,.,.,.,.,.,.,.,.,.,.,.,.,.,.,.,.,.,.,.,.,.,.,.,.,.,.,.,.,.,.,.,.,.,.,.,.,.,.,.,.,.,.,.,.
080,SG04,ã{å√ìáésà…ó«ïîà…ó«ïî,ã{å√à…ó«ïî,3,2,2,,ÇƒÇæ,tida,tida,t,i,d,a,.,.,.,.,.,.,.,.,.,.,.,.,4,1,0,0,1,1,1,1,1,0,4,1,0,0,0,1,4,3,1,0,.,.,.,.,.,.,.,.,.,.,.,.,.,.,.,.,.,.,.,.,.,.,.,.,.,.,.,.,.,.,.,.,.,.,.,.,.,.,.,.,.,.,.,.,.,.,.,.,.,.,.,.,.,.,.,.,.,.,.,.,10000000000001000,10000001,100001,1001,110,10000001,100001,10001,101,101,10000000000001000,10000001,100001,1001,101,10000001,101000,10100,101,101,.,.,.,.,.,.,.,.,.,.,.,.,.,.,.,.,.,.,.,.,.,.,.,.,.,.,.,.,.,.,.,.,.,.,.,.,.,.,.,.,.,.,.,.,.,.,.,.,.,.,.,.,.,.,.,.,.,.,.,.
081,TR03,ëΩó«ä‘ë∫íáãÿ,ëΩó«ä‘íáãÿ,3,2,2,,ÇƒÇæ,tida/tida,tida,t,i,d,a,.,.,.,.,.,.,.,.,.,.,.,.,4,1,0,0,1,1,1,1,1,0,4,1,0,0,0,1,4,3,1,0,.,.,.,.,.,.,.,.,.,.,.,.,.,.,.,.,.,.,.,.,.,.,.,.,.,.,.,.,.,.,.,.,.,.,.,.,.,.,.,.,.,.,.,.,.,.,.,.,.,.,.,.,.,.,.,.,.,.,.,.,10000000000001000,10000001,100001,1001,110,10000001,100001,10001,101,101,10000000000001000,10000001,100001,1001,101,10000001,101000,10100,101,101,.,.,.,.,.,.,.,.,.,.,.,.,.,.,.,.,.,.,.,.,.,.,.,.,.,.,.,.,.,.,.,.,.,.,.,.,.,.,.,.,.,.,.,.,.,.,.,.,.,.,.,.,.,.,.,.,.,.,.,.
082,OH05,êŒä_ésìoñÏèÈ,êŒä_ìoñÏèÈ,3,2,2,,ÇƒÇæ,tida,tida,t,i,d,a,.,.,.,.,.,.,.,.,.,.,.,.,4,1,0,0,1,1,1,1,1,0,4,1,0,0,0,1,4,3,1,0,.,.,.,.,.,.,.,.,.,.,.,.,.,.,.,.,.,.,.,.,.,.,.,.,.,.,.,.,.,.,.,.,.,.,.,.,.,.,.,.,.,.,.,.,.,.,.,.,.,.,.,.,.,.,.,.,.,.,.,.,10000000000001000,10000001,100001,1001,110,10000001,100001,10001,101,101,10000000000001000,10000001,100001,1001,101,10000001,101000,10100,101,101,.,.,.,.,.,.,.,.,.,.,.,.,.,.,.,.,.,.,.,.,.,.,.,.,.,.,.,.,.,.,.,.,.,.,.,.,.,.,.,.,.,.,.,.,.,.,.,.,.,.,.,.,.,.,.,.,.,.,.,.
083,OH02,êŒä_ésëÂïl,êŒä_ëÂïl,5,2,3,,ÇƒÇæ,ti__da/t_i_da,ti:da,t,i:,d,a,.,.,.,.,.,.,.,.,.,.,.,.,4,1,0,0,1,2,1,1,1,0,4,1,0,0,0,1,4,3,1,0,.,.,.,.,.,.,.,.,.,.,.,.,.,.,.,.,.,.,.,.,.,.,.,.,.,.,.,.,.,.,.,.,.,.,.,.,.,.,.,.,.,.,.,.,.,.,.,.,.,.,.,.,.,.,.,.,.,.,.,.,10000000000001000,10000001,100001,1001,110,10000010,100001,10001,101,101,10000000000001000,10000001,100001,1001,101,10000001,101000,10100,101,101,.,.,.,.,.,.,.,.,.,.,.,.,.,.,.,.,.,.,.,.,.,.,.,.,.,.,.,.,.,.,.,.,.,.,.,.,.,.,.,.,.,.,.,.,.,.,.,.,.,.,.,.,.,.,.,.,.,.,.,.
084,MR06,êŒä_ésã{ó«,êŒä_ã{ó«,3,2,2,,ÇƒÇæ,_ti_daÅô,tida,t,i,d,a,.,.,.,.,.,.,.,.,.,.,.,.,4,1,0,0,1,1,1,1,1,0,4,1,0,0,0,1,4,3,1,0,.,.,.,.,.,.,.,.,.,.,.,.,.,.,.,.,.,.,.,.,.,.,.,.,.,.,.,.,.,.,.,.,.,.,.,.,.,.,.,.,.,.,.,.,.,.,.,.,.,.,.,.,.,.,.,.,.,.,.,.,10000000000001000,10000001,100001,1001,110,10000001,100001,10001,101,101,10000000000001000,10000001,100001,1001,101,10000001,101000,10100,101,101,.,.,.,.,.,.,.,.,.,.,.,.,.,.,.,.,.,.,.,.,.,.,.,.,.,.,.,.,.,.,.,.,.,.,.,.,.,.,.,.,.,.,.,.,.,.,.,.,.,.,.,.,.,.,.,.,.,.,.,.
085,MR02,êŒä_ésïΩãvï€,êŒä_ïΩãvï€,3,2,2,,ÇƒÇæ,_t_ida,tida,t,i,d,a,.,.,.,.,.,.,.,.,.,.,.,.,4,1,0,0,1,1,1,1,1,0,4,1,0,0,0,1,4,3,1,0,.,.,.,.,.,.,.,.,.,.,.,.,.,.,.,.,.,.,.,.,.,.,.,.,.,.,.,.,.,.,.,.,.,.,.,.,.,.,.,.,.,.,.,.,.,.,.,.,.,.,.,.,.,.,.,.,.,.,.,.,10000000000001000,10000001,100001,1001,110,10000001,100001,10001,101,101,10000000000001000,10000001,100001,1001,101,10000001,101000,10100,101,101,.,.,.,.,.,.,.,.,.,.,.,.,.,.,.,.,.,.,.,.,.,.,.,.,.,.,.,.,.,.,.,.,.,.,.,.,.,.,.,.,.,.,.,.,.,.,.,.,.,.,.,.,.,.,.,.,.,.,.,.
086,IG15,êŒä_ésïxñÏ,êŒä_ïxñÏ,3,2,2,,ÇƒÇæ,ti_da/_tida,tida,t,i,d,a,.,.,.,.,.,.,.,.,.,.,.,.,4,1,0,0,1,1,1,1,1,0,4,1,0,0,0,1,4,3,1,0,.,.,.,.,.,.,.,.,.,.,.,.,.,.,.,.,.,.,.,.,.,.,.,.,.,.,.,.,.,.,.,.,.,.,.,.,.,.,.,.,.,.,.,.,.,.,.,.,.,.,.,.,.,.,.,.,.,.,.,.,10000000000001000,10000001,100001,1001,110,10000001,100001,10001,101,101,10000000000001000,10000001,100001,1001,101,10000001,101000,10100,101,101,.,.,.,.,.,.,.,.,.,.,.,.,.,.,.,.,.,.,.,.,.,.,.,.,.,.,.,.,.,.,.,.,.,.,.,.,.,.,.,.,.,.,.,.,.,.,.,.,.,.,.,.,.,.,.,.,.,.,.,.
087,IG08,í|ïxí¨í|ïx,í|ïxí|ïx,3,2,2,,ÇƒÇæ,tida,tida,t,i,d,a,.,.,.,.,.,.,.,.,.,.,.,.,4,1,0,0,1,1,1,1,1,0,4,1,0,0,0,1,4,3,1,0,.,.,.,.,.,.,.,.,.,.,.,.,.,.,.,.,.,.,.,.,.,.,.,.,.,.,.,.,.,.,.,.,.,.,.,.,.,.,.,.,.,.,.,.,.,.,.,.,.,.,.,.,.,.,.,.,.,.,.,.,10000000000001000,10000001,100001,1001,110,10000001,100001,10001,101,101,10000000000001000,10000001,100001,1001,101,10000001,101000,10100,101,101,.,.,.,.,.,.,.,.,.,.,.,.,.,.,.,.,.,.,.,.,.,.,.,.,.,.,.,.,.,.,.,.,.,.,.,.,.,.,.,.,.,.,.,.,.,.,.,.,.,.,.,.,.,.,.,.,.,.,.,.
088,IG10,í|ïxí¨çïìá,í|ïxçïìá,3,2,2,,ÇƒÇæ,tida/tida,tida,t,i,d,a,.,.,.,.,.,.,.,.,.,.,.,.,4,1,0,0,1,1,1,1,1,0,4,1,0,0,0,1,4,3,1,0,.,.,.,.,.,.,.,.,.,.,.,.,.,.,.,.,.,.,.,.,.,.,.,.,.,.,.,.,.,.,.,.,.,.,.,.,.,.,.,.,.,.,.,.,.,.,.,.,.,.,.,.,.,.,.,.,.,.,.,.,10000000000001000,10000001,100001,1001,110,10000001,100001,10001,101,101,10000000000001000,10000001,100001,1001,101,10000001,101000,10100,101,101,.,.,.,.,.,.,.,.,.,.,.,.,.,.,.,.,.,.,.,.,.,.,.,.,.,.,.,.,.,.,.,.,.,.,.,.,.,.,.,.,.,.,.,.,.,.,.,.,.,.,.,.,.,.,.,.,.,.,.,.
089,IG09,í|ïxí¨è¨ïl,í|ïxè¨ïl,5,2,3,,ÇƒÇæ,__inda,tSinda,ts2,in,d,a,.,.,.,.,.,.,.,.,.,.,.,.,4,2,2,0,1,4,1,1,1,0,4,1,0,0,0,1,4,3,1,0,.,.,.,.,.,.,.,.,.,.,.,.,.,.,.,.,.,.,.,.,.,.,.,.,.,.,.,.,.,.,.,.,.,.,.,.,.,.,.,.,.,.,.,.,.,.,.,.,.,.,.,.,.,.,.,.,.,.,.,.,10000000000001000,10000010,100100,1001,110,10001000,100001,10001,101,101,10000000000001000,10000001,100001,1001,101,10000001,101000,10100,101,101,.,.,.,.,.,.,.,.,.,.,.,.,.,.,.,.,.,.,.,.,.,.,.,.,.,.,.,.,.,.,.,.,.,.,.,.,.,.,.,.,.,.,.,.,.,.,.,.,.,.,.,.,.,.,.,.,.,.,.,.
090,MR08,í|ïxí¨å√å©,êºï\å√å©,3,2,2,,ÇƒÇæ,tida,tida,t,i,d,a,.,.,.,.,.,.,.,.,.,.,.,.,4,1,0,0,1,1,1,1,1,0,4,1,0,0,0,1,4,3,1,0,.,.,.,.,.,.,.,.,.,.,.,.,.,.,.,.,.,.,.,.,.,.,.,.,.,.,.,.,.,.,.,.,.,.,.,.,.,.,.,.,.,.,.,.,.,.,.,.,.,.,.,.,.,.,.,.,.,.,.,.,10000000000001000,10000001,100001,1001,110,10000001,100001,10001,101,101,10000000000001000,10000001,100001,1001,101,10000001,101000,10100,101,101,.,.,.,.,.,.,.,.,.,.,.,.,.,.,.,.,.,.,.,.,.,.,.,.,.,.,.,.,.,.,.,.,.,.,.,.,.,.,.,.,.,.,.,.,.,.,.,.,.,.,.,.,.,.,.,.,.,.,.,.
091,OH06,í|ïxí¨ä±óß,êºï\ä±óß,5,2,3,,ÇƒÇæ,ti__da,ti:da,t,i:,d,a,.,.,.,.,.,.,.,.,.,.,.,.,4,1,0,0,1,2,1,1,1,0,4,1,0,0,0,1,4,3,1,0,.,.,.,.,.,.,.,.,.,.,.,.,.,.,.,.,.,.,.,.,.,.,.,.,.,.,.,.,.,.,.,.,.,.,.,.,.,.,.,.,.,.,.,.,.,.,.,.,.,.,.,.,.,.,.,.,.,.,.,.,10000000000001000,10000001,100001,1001,110,10000010,100001,10001,101,101,10000000000001000,10000001,100001,1001,101,10000001,101000,10100,101,101,.,.,.,.,.,.,.,.,.,.,.,.,.,.,.,.,.,.,.,.,.,.,.,.,.,.,.,.,.,.,.,.,.,.,.,.,.,.,.,.,.,.,.,.,.,.,.,.,.,.,.,.,.,.,.,.,.,.,.,.
092,IG12,í|ïxí¨â∫ín,êVèÈâ∫ín,3,2,2,,ÇƒÇæ,ti_da,tida,t,i,d,a,.,.,.,.,.,.,.,.,.,.,.,.,4,1,0,0,1,1,1,1,1,0,4,1,0,0,0,1,4,3,1,0,.,.,.,.,.,.,.,.,.,.,.,.,.,.,.,.,.,.,.,.,.,.,.,.,.,.,.,.,.,.,.,.,.,.,.,.,.,.,.,.,.,.,.,.,.,.,.,.,.,.,.,.,.,.,.,.,.,.,.,.,10000000000001000,10000001,100001,1001,110,10000001,100001,10001,101,101,10000000000001000,10000001,100001,1001,101,10000001,101000,10100,101,101,.,.,.,.,.,.,.,.,.,.,.,.,.,.,.,.,.,.,.,.,.,.,.,.,.,.,.,.,.,.,.,.,.,.,.,.,.,.,.,.,.,.,.,.,.,.,.,.,.,.,.,.,.,.,.,.,.,.,.,.
093,OH13,í|ïxí¨ñºêŒ,îgè∆ä‘ñºêŒ,3,2,2,,ÇƒÇæ,_i_n_a,Si_n_a,s2,i,n,a,.,.,.,.,.,.,.,.,.,.,.,.,4,3,2,0,1,1,1,1,1,0,4,4,0,0,0,1,4,3,1,0,.,.,.,.,.,.,.,.,.,.,.,.,.,.,.,.,.,.,.,.,.,.,.,.,.,.,.,.,.,.,.,.,.,.,.,.,.,.,.,.,.,.,.,.,.,.,.,.,.,.,.,.,.,.,.,.,.,.,.,.,10000000000001000,10000100,100100,1001,110,10000001,100001,10001,101,101,10000000000001000,10001000,100001,1001,101,10000001,101000,10100,101,101,.,.,.,.,.,.,.,.,.,.,.,.,.,.,.,.,.,.,.,.,.,.,.,.,.,.,.,.,.,.,.,.,.,.,.,.,.,.,.,.,.,.,.,.,.,.,.,.,.,.,.,.,.,.,.,.,.,.,.,.
094,YG01,ó^ìﬂçëí¨ëcî[,ó^ìﬂçëëcî[,4,2,3,,ÇƒÇæ,ÅPthida_,tidaN,t,i,d,an,.,.,.,.,.,.,.,.,.,.,.,.,4,1,0,0,1,1,1,1,1,0,4,1,0,0,0,4,4,3,1,0,.,.,.,.,.,.,.,.,.,.,.,.,.,.,.,.,.,.,.,.,.,.,.,.,.,.,.,.,.,.,.,.,.,.,.,.,.,.,.,.,.,.,.,.,.,.,.,.,.,.,.,.,.,.,.,.,.,.,.,.,10000000000001000,10000001,100001,1001,110,10000001,100001,10001,101,101,10000000000001000,10000001,100001,1001,101,10001000,101000,10100,101,101,.,.,.,.,.,.,.,.,.,.,.,.,.,.,.,.,.,.,.,.,.,.,.,.,.,.,.,.,.,.,.,.,.,.,.,.,.,.,.,.,.,.,.,.,.,.,.,.,.,.,.,.,.,.,.,.,.,.,.,.
095,YG03,ó^ìﬂçëí¨î‰êÏ,ó^ìﬂçëî‰êÏ,4,2,3,,ÇƒÇæ,_tida_/ÅPtida_,tidaN,t,i,d,an,.,.,.,.,.,.,.,.,.,.,.,.,4,1,0,0,1,1,1,1,1,0,4,1,0,0,0,4,4,3,1,0,.,.,.,.,.,.,.,.,.,.,.,.,.,.,.,.,.,.,.,.,.,.,.,.,.,.,.,.,.,.,.,.,.,.,.,.,.,.,.,.,.,.,.,.,.,.,.,.,.,.,.,.,.,.,.,.,.,.,.,.,10000000000001000,10000001,100001,1001,110,10000001,100001,10001,101,101,10000000000001000,10000001,100001,1001,101,10001000,101000,10100,101,101,.,.,.,.,.,.,.,.,.,.,.,.,.,.,.,.,.,.,.,.,.,.,.,.,.,.,.,.,.,.,.,.,.,.,.,.,.,.,.,.,.,.,.,.,.,.,.,.,.,.,.,.,.,.,.,.,.,.,.,.