11,N-017B,äÃ,,,,,,,,,,,,,,,,,,,,,,,,,1éqâπ,,,,,1ïÍâπ,,,,,2éqâπ,,,,,2ïÍâπ,,,,,3éqâπ,,,,,3ïÍâπ,,,,,4éqâπ,,,,,4ïÍâπ,,,,,5éqâπ,,,,,5ïÍâπ,,,,,6éqâπ,,,,,6ïÍâπ,,,,,7éqâπ,,,,,7ïÍâπ,,,,,8éqâπ,,,,,8ïÍâπ,,,,,1éqâπ,,,,,1ïÍâπ,,,,,2éqâπ,,,,,2ïÍâπ,,,,,3éqâπ,,,,,3ïÍâπ,,,,,4éqâπ,,,,,4ïÍâπ,,,,,5éqâπ,,,,,5ïÍâπ,,,,,6éqâπ,,,,,6ïÍâπ,,,,,7éqâπ,,,,,7ïÍâπ,,,,,8éqâπ,,,,,8ïÍâπ,,,,
í Çµî‘çÜ,ínì_ñºãLçÜ,åªésí¨ë∫ñº,ï\é¶óp,âπÇÃå^,âπêﬂ,ÉÇÅ[Éâ,ÉAÉNÉZÉìÉg,ëzíËå`,ëSåÍå`,åÍå`,1éqâπ,1ïÍâπ,2éqâπ,2ïÍâπ,3éqâπ,3ïÍâπ,4éqâπ,4ïÍâπ,5éqâπ,5ïÍâπ,6éqâπ,6ïÍâπ,7éqâπ,7ïÍâπ,8éqâπ,8ïÍâπ,à íu,ï˚ñ@,å˚äWÅEâ~êO,çAì™âª,ê∫ë—êUìÆ,í∑Ç≥,å˚ÇÃäJÇ´,ê„ÇÃà íu,êOÇÃèÛë‘,ñ≥ê∫ï@âπ,à íu,ï˚ñ@,å˚äWÅEâ~êO,çAì™âª,ê∫ë—êUìÆ,í∑Ç≥,å˚ÇÃäJÇ´,ê„ÇÃà íu,êOÇÃèÛë‘,ñ≥ê∫ï@âπ,à íu,ï˚ñ@,å˚äWÅEâ~êO,çAì™âª,ê∫ë—êUìÆ,í∑Ç≥,å˚ÇÃäJÇ´,ê„ÇÃà íu,êOÇÃèÛë‘,ñ≥ê∫ï@âπ,à íu,ï˚ñ@,å˚äWÅEâ~êO,çAì™âª,ê∫ë—êUìÆ,í∑Ç≥,å˚ÇÃäJÇ´,ê„ÇÃà íu,êOÇÃèÛë‘,ñ≥ê∫ï@âπ,à íu,ï˚ñ@,å˚äWÅEâ~êO,çAì™âª,ê∫ë—êUìÆ,í∑Ç≥,å˚ÇÃäJÇ´,ê„ÇÃà íu,êOÇÃèÛë‘,ñ≥ê∫ï@âπ,à íu,ï˚ñ@,å˚äWÅEâ~êO,çAì™âª,ê∫ë—êUìÆ,í∑Ç≥,å˚ÇÃäJÇ´,ê„ÇÃà íu,êOÇÃèÛë‘,ñ≥ê∫ï@âπ,à íu,ï˚ñ@,å˚äWÅEâ~êO,çAì™âª,ê∫ë—êUìÆ,í∑Ç≥,å˚ÇÃäJÇ´,ê„ÇÃà íu,êOÇÃèÛë‘,ñ≥ê∫ï@âπ,à íu,ï˚ñ@,å˚äWÅEâ~êO,çAì™âª,ê∫ë—êUìÆ,í∑Ç≥,å˚ÇÃäJÇ´,ê„ÇÃà íu,êOÇÃèÛë‘,ñ≥ê∫ï@âπ,à íu,ï˚ñ@,å˚äWÅEâ~êO,çAì™âª,ê∫ë—êUìÆ,í∑Ç≥,å˚ÇÃäJÇ´,ê„ÇÃà íu,êOÇÃèÛë‘,ñ≥ê∫ï@âπ,à íu,ï˚ñ@,å˚äWÅEâ~êO,çAì™âª,ê∫ë—êUìÆ,í∑Ç≥,å˚ÇÃäJÇ´,ê„ÇÃà íu,êOÇÃèÛë‘,ñ≥ê∫ï@âπ,à íu,ï˚ñ@,å˚äWÅEâ~êO,çAì™âª,ê∫ë—êUìÆ,í∑Ç≥,å˚ÇÃäJÇ´,ê„ÇÃà íu,êOÇÃèÛë‘,ñ≥ê∫ï@âπ,à íu,ï˚ñ@,å˚äWÅEâ~êO,çAì™âª,ê∫ë—êUìÆ,í∑Ç≥,å˚ÇÃäJÇ´,ê„ÇÃà íu,êOÇÃèÛë‘,ñ≥ê∫ï@âπ,à íu,ï˚ñ@,å˚äWÅEâ~êO,çAì™âª,ê∫ë—êUìÆ,í∑Ç≥,å˚ÇÃäJÇ´,ê„ÇÃà íu,êOÇÃèÛë‘,ñ≥ê∫ï@âπ,à íu,ï˚ñ@,å˚äWÅEâ~êO,çAì™âª,ê∫ë—êUìÆ,í∑Ç≥,å˚ÇÃäJÇ´,ê„ÇÃà íu,êOÇÃèÛë‘,ñ≥ê∫ï@âπ,à íu,ï˚ñ@,å˚äWÅEâ~êO,çAì™âª,ê∫ë—êUìÆ,í∑Ç≥,å˚ÇÃäJÇ´,ê„ÇÃà íu,êOÇÃèÛë‘,ñ≥ê∫ï@âπ,à íu,ï˚ñ@,å˚äWÅEâ~êO,çAì™âª,ê∫ë—êUìÆ,í∑Ç≥,å˚ÇÃäJÇ´,ê„ÇÃà íu,êOÇÃèÛë‘,ñ≥ê∫ï@âπ
000,,ëzíËå`,ëzíËå`,3,2,2,,Ç´Ç‡,kimo,kimo,k,i,m,o,.,.,.,.,.,.,.,.,.,.,.,.,8,1,0,0,1,1,1,1,1,0,1,4,0,0,0,1,5,3,2,0,.,.,.,.,.,.,.,.,.,.,.,.,.,.,.,.,.,.,.,.,.,.,.,.,.,.,.,.,.,.,.,.,.,.,.,.,.,.,.,.,.,.,.,.,.,.,.,.,.,.,.,.,.,.,.,.,.,.,.,.,10000000010000000,10000001,100001,1001,110,10000001,100001,10001,101,101,10000000000000001,10001000,100001,1001,101,10000001,110000,10100,110,101,.,.,.,.,.,.,.,.,.,.,.,.,.,.,.,.,.,.,.,.,.,.,.,.,.,.,.,.,.,.,.,.,.,.,.,.,.,.,.,.,.,.,.,.,.,.,.,.,.,.,.,.,.,.,.,.,.,.,.,.
001,KA05,ãåä}óòí¨ä}óò,âÇî¸ä}óò,3,2,2,,Ç´Ç‡,k_i_mo,k_i_mo,kx,i,m,o,.,.,.,.,.,.,.,.,.,.,.,.,8,1,0,2,1,1,1,1,1,0,1,4,0,0,0,1,5,3,2,0,.,.,.,.,.,.,.,.,.,.,.,.,.,.,.,.,.,.,.,.,.,.,.,.,.,.,.,.,.,.,.,.,.,.,.,.,.,.,.,.,.,.,.,.,.,.,.,.,.,.,.,.,.,.,.,.,.,.,.,.,10000000010000000,10000001,100001,1100,110,10000001,100001,10001,101,101,10000000000000001,10001000,100001,1001,101,10000001,110000,10100,110,101,.,.,.,.,.,.,.,.,.,.,.,.,.,.,.,.,.,.,.,.,.,.,.,.,.,.,.,.,.,.,.,.,.,.,.,.,.,.,.,.,.,.,.,.,.,.,.,.,.,.,.,.,.,.,.,.,.,.,.,.
002,NZ17,ãåñºê£ésã‡ãv,âÇî¸ã‡ãv,3,2,2,,Ç´Ç‡,k_i_mo,k_i_mo,kx,i,m,o,.,.,.,.,.,.,.,.,.,.,.,.,8,1,0,2,1,1,1,1,1,0,1,4,0,0,0,1,5,3,2,0,.,.,.,.,.,.,.,.,.,.,.,.,.,.,.,.,.,.,.,.,.,.,.,.,.,.,.,.,.,.,.,.,.,.,.,.,.,.,.,.,.,.,.,.,.,.,.,.,.,.,.,.,.,.,.,.,.,.,.,.,10000000010000000,10000001,100001,1100,110,10000001,100001,10001,101,101,10000000000000001,10001000,100001,1001,101,10000001,110000,10100,110,101,.,.,.,.,.,.,.,.,.,.,.,.,.,.,.,.,.,.,.,.,.,.,.,.,.,.,.,.,.,.,.,.,.,.,.,.,.,.,.,.,.,.,.,.,.,.,.,.,.,.,.,.,.,.,.,.,.,.,.,.
003,KM05,ó¥ãΩí¨íÜèü,âÇî¸íÜèü,3,2,2,,Ç´Ç‡,k_i_mo,k_i_mo,kx,i,m,o,.,.,.,.,.,.,.,.,.,.,.,.,8,1,0,2,1,1,1,1,1,0,1,4,0,0,0,1,5,3,2,0,.,.,.,.,.,.,.,.,.,.,.,.,.,.,.,.,.,.,.,.,.,.,.,.,.,.,.,.,.,.,.,.,.,.,.,.,.,.,.,.,.,.,.,.,.,.,.,.,.,.,.,.,.,.,.,.,.,.,.,.,10000000010000000,10000001,100001,1100,110,10000001,100001,10001,101,101,10000000000000001,10001000,100001,1001,101,10000001,110000,10100,110,101,.,.,.,.,.,.,.,.,.,.,.,.,.,.,.,.,.,.,.,.,.,.,.,.,.,.,.,.,.,.,.,.,.,.,.,.,.,.,.,.,.,.,.,.,.,.,.,.,.,.,.,.,.,.,.,.,.,.,.,.
004,YU04,ëÂòaë∫ëÂòaïl,âÇî¸ëÂòaïl,3,2,2,,Ç´Ç‡,_k_imo/_k_imu,_k_imo,kx,i,m,o,.,.,.,.,.,.,.,.,.,.,.,.,8,1,0,2,1,1,1,1,1,0,1,4,0,0,0,1,5,3,2,0,.,.,.,.,.,.,.,.,.,.,.,.,.,.,.,.,.,.,.,.,.,.,.,.,.,.,.,.,.,.,.,.,.,.,.,.,.,.,.,.,.,.,.,.,.,.,.,.,.,.,.,.,.,.,.,.,.,.,.,.,10000000010000000,10000001,100001,1100,110,10000001,100001,10001,101,101,10000000000000001,10001000,100001,1001,101,10000001,110000,10100,110,101,.,.,.,.,.,.,.,.,.,.,.,.,.,.,.,.,.,.,.,.,.,.,.,.,.,.,.,.,.,.,.,.,.,.,.,.,.,.,.,.,.,.,.,.,.,.,.,.,.,.,.,.,.,.,.,.,.,.,.,.
005,SY08,èZópë∫êºíáä‘,âÇî¸êºíáä‘,3,2,2,,Ç´Ç‡,k_i_mo/_k_imo,k_i_mo,kx,i,m,o,.,.,.,.,.,.,.,.,.,.,.,.,8,1,0,2,1,1,1,1,1,0,1,4,0,0,0,1,5,3,2,0,.,.,.,.,.,.,.,.,.,.,.,.,.,.,.,.,.,.,.,.,.,.,.,.,.,.,.,.,.,.,.,.,.,.,.,.,.,.,.,.,.,.,.,.,.,.,.,.,.,.,.,.,.,.,.,.,.,.,.,.,10000000010000000,10000001,100001,1100,110,10000001,100001,10001,101,101,10000000000000001,10001000,100001,1001,101,10000001,110000,10100,110,101,.,.,.,.,.,.,.,.,.,.,.,.,.,.,.,.,.,.,.,.,.,.,.,.,.,.,.,.,.,.,.,.,.,.,.,.,.,.,.,.,.,.,.,.,.,.,.,.,.,.,.,.,.,.,.,.,.,.,.,.
006,YU18,âFåüë∫âFåü,âÇî¸âFåü,3,2,2,,Ç´Ç‡,_k_i_mu/(_k_i_mu_),_k_i_mu,kx,i,m,u,.,.,.,.,.,.,.,.,.,.,.,.,8,1,0,2,1,1,1,1,1,0,1,4,0,0,0,1,1,3,2,0,.,.,.,.,.,.,.,.,.,.,.,.,.,.,.,.,.,.,.,.,.,.,.,.,.,.,.,.,.,.,.,.,.,.,.,.,.,.,.,.,.,.,.,.,.,.,.,.,.,.,.,.,.,.,.,.,.,.,.,.,10000000010000000,10000001,100001,1100,110,10000001,100001,10001,101,101,10000000000000001,10001000,100001,1001,101,10000001,100001,10100,110,101,.,.,.,.,.,.,.,.,.,.,.,.,.,.,.,.,.,.,.,.,.,.,.,.,.,.,.,.,.,.,.,.,.,.,.,.,.,.,.,.,.,.,.,.,.,.,.,.,.,.,.,.,.,.,.,.,.,.,.,.
007,AN05,ê£åÀì‡í¨ä«ì›,ê£åÀä«ì›,4,2,3,,Ç´Ç‡,k_i_mu_,k_i_mu_,kx,i,m,u:,.,.,.,.,.,.,.,.,.,.,.,.,8,1,0,2,1,1,1,1,1,0,1,4,0,0,0,2,1,3,2,0,.,.,.,.,.,.,.,.,.,.,.,.,.,.,.,.,.,.,.,.,.,.,.,.,.,.,.,.,.,.,.,.,.,.,.,.,.,.,.,.,.,.,.,.,.,.,.,.,.,.,.,.,.,.,.,.,.,.,.,.,10000000010000000,10000001,100001,1100,110,10000001,100001,10001,101,101,10000000000000001,10001000,100001,1001,101,10000010,100001,10100,110,101,.,.,.,.,.,.,.,.,.,.,.,.,.,.,.,.,.,.,.,.,.,.,.,.,.,.,.,.,.,.,.,.,.,.,.,.,.,.,.,.,.,.,.,.,.,.,.,.,.,.,.,.,.,.,.,.,.,.,.,.
008,AN13,ê£åÀì‡í¨ïêñº,ê£åÀïêñº,3,2,2,,Ç´Ç‡,__kimu,__kimu,kx,i,m,u,.,.,.,.,.,.,.,.,.,.,.,.,8,1,0,2,1,1,1,1,1,0,1,4,0,0,0,1,1,3,2,0,.,.,.,.,.,.,.,.,.,.,.,.,.,.,.,.,.,.,.,.,.,.,.,.,.,.,.,.,.,.,.,.,.,.,.,.,.,.,.,.,.,.,.,.,.,.,.,.,.,.,.,.,.,.,.,.,.,.,.,.,10000000010000000,10000001,100001,1100,110,10000001,100001,10001,101,101,10000000000000001,10001000,100001,1001,101,10000001,100001,10100,110,101,.,.,.,.,.,.,.,.,.,.,.,.,.,.,.,.,.,.,.,.,.,.,.,.,.,.,.,.,.,.,.,.,.,.,.,.,.,.,.,.,.,.,.,.,.,.,.,.,.,.,.,.,.,.,.,.,.,.,.,.
009,AH14,ê£åÀì‡í¨â√ìS,ê£åÀâ√ìS,3,2,2,,Ç´Ç‡,_k_i_mu,_k_i_mu,kx,i,m,u,.,.,.,.,.,.,.,.,.,.,.,.,8,1,0,2,1,1,1,1,1,0,1,4,0,0,0,1,1,3,2,0,.,.,.,.,.,.,.,.,.,.,.,.,.,.,.,.,.,.,.,.,.,.,.,.,.,.,.,.,.,.,.,.,.,.,.,.,.,.,.,.,.,.,.,.,.,.,.,.,.,.,.,.,.,.,.,.,.,.,.,.,10000000010000000,10000001,100001,1100,110,10000001,100001,10001,101,101,10000000000000001,10001000,100001,1001,101,10000001,100001,10100,110,101,.,.,.,.,.,.,.,.,.,.,.,.,.,.,.,.,.,.,.,.,.,.,.,.,.,.,.,.,.,.,.,.,.,.,.,.,.,.,.,.,.,.,.,.,.,.,.,.,.,.,.,.,.,.,.,.,.,.,.,.
010,AH15,ê£åÀì‡í¨ìnòA,ê£åÀìnòA,4,2,3,,Ç´Ç‡,k_i_mo_,k_i_mo_,kx,i,m,o,.,.,.,.,.,.,.,.,.,.,.,.,8,1,0,2,1,1,1,1,1,0,1,4,0,0,0,1,5,3,2,0,.,.,.,.,.,.,.,.,.,.,.,.,.,.,.,.,.,.,.,.,.,.,.,.,.,.,.,.,.,.,.,.,.,.,.,.,.,.,.,.,.,.,.,.,.,.,.,.,.,.,.,.,.,.,.,.,.,.,.,.,10000000010000000,10000001,100001,1100,110,10000001,100001,10001,101,101,10000000000000001,10001000,100001,1001,101,10000001,110000,10100,110,101,.,.,.,.,.,.,.,.,.,.,.,.,.,.,.,.,.,.,.,.,.,.,.,.,.,.,.,.,.,.,.,.,.,.,.,.,.,.,.,.,.,.,.,.,.,.,.,.,.,.,.,.,.,.,.,.,.,.,.,.
011,KK01,äÏäEí¨éuåÀâ±,äÏäEéuåÀâ±,3,2,2,,Ç´Ç‡,k_i_mu,k_i_mu,kx,i,m,u,.,.,.,.,.,.,.,.,.,.,.,.,8,1,0,2,1,1,1,1,1,0,1,4,0,0,0,1,1,3,2,0,.,.,.,.,.,.,.,.,.,.,.,.,.,.,.,.,.,.,.,.,.,.,.,.,.,.,.,.,.,.,.,.,.,.,.,.,.,.,.,.,.,.,.,.,.,.,.,.,.,.,.,.,.,.,.,.,.,.,.,.,10000000010000000,10000001,100001,1100,110,10000001,100001,10001,101,101,10000000000000001,10001000,100001,1001,101,10000001,100001,10100,110,101,.,.,.,.,.,.,.,.,.,.,.,.,.,.,.,.,.,.,.,.,.,.,.,.,.,.,.,.,.,.,.,.,.,.,.,.,.,.,.,.,.,.,.,.,.,.,.,.,.,.,.,.,.,.,.,.,.,.,.,.
012,KK12,äÏäEí¨à¢ì`,äÏäEà¢ì`,3,2,2,,Ç´Ç‡,t_i_mu,t_i_mu,ts2h,i,m,u,.,.,.,.,.,.,.,.,.,.,.,.,4,2,2,1,1,1,1,1,1,0,1,4,0,0,0,1,1,3,2,0,.,.,.,.,.,.,.,.,.,.,.,.,.,.,.,.,.,.,.,.,.,.,.,.,.,.,.,.,.,.,.,.,.,.,.,.,.,.,.,.,.,.,.,.,.,.,.,.,.,.,.,.,.,.,.,.,.,.,.,.,10000000000001000,10000010,100100,1010,110,10000001,100001,10001,101,101,10000000000000001,10001000,100001,1001,101,10000001,100001,10100,110,101,.,.,.,.,.,.,.,.,.,.,.,.,.,.,.,.,.,.,.,.,.,.,.,.,.,.,.,.,.,.,.,.,.,.,.,.,.,.,.,.,.,.,.,.,.,.,.,.,.,.,.,.,.,.,.,.,.,.,.,.
013,KK22,äÏäEí¨òp,äÏäEòp,3,2,2,,Ç´Ç‡,t_i_mu,t_i_mu,ts2h,i,m,u,.,.,.,.,.,.,.,.,.,.,.,.,4,2,2,1,1,1,1,1,1,0,1,4,0,0,0,1,1,3,2,0,.,.,.,.,.,.,.,.,.,.,.,.,.,.,.,.,.,.,.,.,.,.,.,.,.,.,.,.,.,.,.,.,.,.,.,.,.,.,.,.,.,.,.,.,.,.,.,.,.,.,.,.,.,.,.,.,.,.,.,.,10000000000001000,10000010,100100,1010,110,10000001,100001,10001,101,101,10000000000000001,10001000,100001,1001,101,10000001,100001,10100,110,101,.,.,.,.,.,.,.,.,.,.,.,.,.,.,.,.,.,.,.,.,.,.,.,.,.,.,.,.,.,.,.,.,.,.,.,.,.,.,.,.,.,.,.,.,.,.,.,.,.,.,.,.,.,.,.,.,.,.,.,.
014,NM04,ìVèÈí¨êÛä‘,ìøîVêÛä‘,4,2,3,,Ç´Ç‡,_kimu__,_kimu__,kx,i,m,u:,.,.,.,.,.,.,.,.,.,.,.,.,8,1,0,2,1,1,1,1,1,0,1,4,0,0,0,2,1,3,2,0,.,.,.,.,.,.,.,.,.,.,.,.,.,.,.,.,.,.,.,.,.,.,.,.,.,.,.,.,.,.,.,.,.,.,.,.,.,.,.,.,.,.,.,.,.,.,.,.,.,.,.,.,.,.,.,.,.,.,.,.,10000000010000000,10000001,100001,1100,110,10000001,100001,10001,101,101,10000000000000001,10001000,100001,1001,101,10000010,100001,10100,110,101,.,.,.,.,.,.,.,.,.,.,.,.,.,.,.,.,.,.,.,.,.,.,.,.,.,.,.,.,.,.,.,.,.,.,.,.,.,.,.,.,.,.,.,.,.,.,.,.,.,.,.,.,.,.,.,.,.,.,.,.
015,TH03,ìøîVìáí¨ãTìø,ìøîVãTìø,3,2,2,,Ç´Ç‡,k_i_mu,k_i_mu,kx,i,m,u,.,.,.,.,.,.,.,.,.,.,.,.,8,1,0,2,1,1,1,1,1,0,1,4,0,0,0,1,1,3,2,0,.,.,.,.,.,.,.,.,.,.,.,.,.,.,.,.,.,.,.,.,.,.,.,.,.,.,.,.,.,.,.,.,.,.,.,.,.,.,.,.,.,.,.,.,.,.,.,.,.,.,.,.,.,.,.,.,.,.,.,.,10000000010000000,10000001,100001,1100,110,10000001,100001,10001,101,101,10000000000000001,10001000,100001,1001,101,10000001,100001,10100,110,101,.,.,.,.,.,.,.,.,.,.,.,.,.,.,.,.,.,.,.,.,.,.,.,.,.,.,.,.,.,.,.,.,.,.,.,.,.,.,.,.,.,.,.,.,.,.,.,.,.,.,.,.,.,.,.,.,.,.,.,.
016,OM03,à…êÂí¨à…êÂ,ìøîVà…êÂ,3,2,2,,Ç´Ç‡,k_i_mu,k_i_mu,kx,i,m,u,.,.,.,.,.,.,.,.,.,.,.,.,8,1,0,2,1,1,1,1,1,0,1,4,0,0,0,1,1,3,2,0,.,.,.,.,.,.,.,.,.,.,.,.,.,.,.,.,.,.,.,.,.,.,.,.,.,.,.,.,.,.,.,.,.,.,.,.,.,.,.,.,.,.,.,.,.,.,.,.,.,.,.,.,.,.,.,.,.,.,.,.,10000000010000000,10000001,100001,1100,110,10000001,100001,10001,101,101,10000000000000001,10001000,100001,1001,101,10000001,100001,10100,110,101,.,.,.,.,.,.,.,.,.,.,.,.,.,.,.,.,.,.,.,.,.,.,.,.,.,.,.,.,.,.,.,.,.,.,.,.,.,.,.,.,.,.,.,.,.,.,.,.,.,.,.,.,.,.,.,.,.,.,.,.
017,OK02,òaîëí¨òaîë,â´âiòaîë,4,2,3,,Ç´Ç‡,_i_mu__,_i_mu__,ts2h,i,m,u:,.,.,.,.,.,.,.,.,.,.,.,.,4,2,2,1,1,1,1,1,1,0,1,4,0,0,0,2,1,3,2,0,.,.,.,.,.,.,.,.,.,.,.,.,.,.,.,.,.,.,.,.,.,.,.,.,.,.,.,.,.,.,.,.,.,.,.,.,.,.,.,.,.,.,.,.,.,.,.,.,.,.,.,.,.,.,.,.,.,.,.,.,10000000000001000,10000010,100100,1010,110,10000001,100001,10001,101,101,10000000000000001,10001000,100001,1001,101,10000010,100001,10100,110,101,.,.,.,.,.,.,.,.,.,.,.,.,.,.,.,.,.,.,.,.,.,.,.,.,.,.,.,.,.,.,.,.,.,.,.,.,.,.,.,.,.,.,.,.,.,.,.,.,.,.,.,.,.,.,.,.,.,.,.,.
018,OK06,ímñºí¨ímñº,â´âiímñº,4,2,3,,Ç´Ç‡,k_imu__,k_imu__,kh,i,m,u:,.,.,.,.,.,.,.,.,.,.,.,.,8,1,0,1,1,1,1,1,1,0,1,4,0,0,0,2,1,3,2,0,.,.,.,.,.,.,.,.,.,.,.,.,.,.,.,.,.,.,.,.,.,.,.,.,.,.,.,.,.,.,.,.,.,.,.,.,.,.,.,.,.,.,.,.,.,.,.,.,.,.,.,.,.,.,.,.,.,.,.,.,10000000010000000,10000001,100001,1010,110,10000001,100001,10001,101,101,10000000000000001,10001000,100001,1001,101,10000010,100001,10100,110,101,.,.,.,.,.,.,.,.,.,.,.,.,.,.,.,.,.,.,.,.,.,.,.,.,.,.,.,.,.,.,.,.,.,.,.,.,.,.,.,.,.,.,.,.,.,.,.,.,.,.,.,.,.,.,.,.,.,.,.,.
019,YR01,ó^ò_í¨íÉâ‘,ó^ò_íÉâ‘,3,2,2,,Ç´Ç‡,ki_mu,ki_mu,k,i,m,u,.,.,.,.,.,.,.,.,.,.,.,.,8,1,0,0,1,1,1,1,1,0,1,4,0,0,0,1,1,3,2,0,.,.,.,.,.,.,.,.,.,.,.,.,.,.,.,.,.,.,.,.,.,.,.,.,.,.,.,.,.,.,.,.,.,.,.,.,.,.,.,.,.,.,.,.,.,.,.,.,.,.,.,.,.,.,.,.,.,.,.,.,10000000010000000,10000001,100001,1001,110,10000001,100001,10001,101,101,10000000000000001,10001000,100001,1001,101,10000001,100001,10100,110,101,.,.,.,.,.,.,.,.,.,.,.,.,.,.,.,.,.,.,.,.,.,.,.,.,.,.,.,.,.,.,.,.,.,.,.,.,.,.,.,.,.,.,.,.,.,.,.,.,.,.,.,.,.,.,.,.,.,.,.,.
020,IH02,à…ïΩâÆë∫â‰äÏâÆ,à…ïΩâ‰äÏâÆ,3,2,2,,Ç´Ç‡,__imuÅö,__imuÅö,ts2,i,m,u,.,.,.,.,.,.,.,.,.,.,.,.,4,2,2,0,1,1,1,1,1,0,1,4,0,0,0,1,1,3,2,0,.,.,.,.,.,.,.,.,.,.,.,.,.,.,.,.,.,.,.,.,.,.,.,.,.,.,.,.,.,.,.,.,.,.,.,.,.,.,.,.,.,.,.,.,.,.,.,.,.,.,.,.,.,.,.,.,.,.,.,.,10000000000001000,10000010,100100,1001,110,10000001,100001,10001,101,101,10000000000000001,10001000,100001,1001,101,10000001,100001,10100,110,101,.,.,.,.,.,.,.,.,.,.,.,.,.,.,.,.,.,.,.,.,.,.,.,.,.,.,.,.,.,.,.,.,.,.,.,.,.,.,.,.,.,.,.,.,.,.,.,.,.,.,.,.,.,.,.,.,.,.,.,.
021,IZ01,à…ê•ñºë∫èîå©,à…ê•èîå©,4,2,3,,Ç´Ç‡,_imu__,_imu__,ts2,i,m,u:,.,.,.,.,.,.,.,.,.,.,.,.,4,2,2,0,1,1,1,1,1,0,1,4,0,0,0,2,1,3,2,0,.,.,.,.,.,.,.,.,.,.,.,.,.,.,.,.,.,.,.,.,.,.,.,.,.,.,.,.,.,.,.,.,.,.,.,.,.,.,.,.,.,.,.,.,.,.,.,.,.,.,.,.,.,.,.,.,.,.,.,.,10000000000001000,10000010,100100,1001,110,10000001,100001,10001,101,101,10000000000000001,10001000,100001,1001,101,10000010,100001,10100,110,101,.,.,.,.,.,.,.,.,.,.,.,.,.,.,.,.,.,.,.,.,.,.,.,.,.,.,.,.,.,.,.,.,.,.,.,.,.,.,.,.,.,.,.,.,.,.,.,.,.,.,.,.,.,.,.,.,.,.,.,.
022,IE02,à…ç]ë∫ìåç]ëO,à…ç]ìåç]ëO,4,2,3,,Ç´Ç‡,_imu__,_imu__,ts2h,i,m,u:,.,.,.,.,.,.,.,.,.,.,.,.,4,2,2,1,1,1,1,1,1,0,1,4,0,0,0,2,1,3,2,0,.,.,.,.,.,.,.,.,.,.,.,.,.,.,.,.,.,.,.,.,.,.,.,.,.,.,.,.,.,.,.,.,.,.,.,.,.,.,.,.,.,.,.,.,.,.,.,.,.,.,.,.,.,.,.,.,.,.,.,.,10000000000001000,10000010,100100,1010,110,10000001,100001,10001,101,101,10000000000000001,10001000,100001,1001,101,10000010,100001,10100,110,101,.,.,.,.,.,.,.,.,.,.,.,.,.,.,.,.,.,.,.,.,.,.,.,.,.,.,.,.,.,.,.,.,.,.,.,.,.,.,.,.,.,.,.,.,.,.,.,.,.,.,.,.,.,.,.,.,.,.,.,.
023,KU14,çëì™ë∫ï”ìyñº,çëì™ï”ìyñº,-9,-9,-9,,-9,yet reserch,yet reserch,-9,-9,-9,-9,.,.,.,.,.,.,.,.,.,.,.,.,-9,-9,-9,-9,-9,-9,-9,-9,-9,-9,-9,-9,-9,-9,-9,-9,-9,-9,-9,-9,.,.,.,.,.,.,.,.,.,.,.,.,.,.,.,.,.,.,.,.,.,.,.,.,.,.,.,.,.,.,.,.,.,.,.,.,.,.,.,.,.,.,.,.,.,.,.,.,.,.,.,.,.,.,.,.,.,.,.,.,?????????????????,????????,??????,????,???,????????,??????,?????,???,???,?????????????????,????????,??????,????,???,????????,??????,?????,???,???,.,.,.,.,.,.,.,.,.,.,.,.,.,.,.,.,.,.,.,.,.,.,.,.,.,.,.,.,.,.,.,.,.,.,.,.,.,.,.,.,.,.,.,.,.,.,.,.,.,.,.,.,.,.,.,.,.,.,.,.
024,KU08,çëì™ë∫ï”ñÏäÏ,çëì™ï”ñÏäÏ,3,2,2,,Ç´Ç‡,ki_mu,ki_mu,kx,i,m,u,.,.,.,.,.,.,.,.,.,.,.,.,8,1,0,2,1,1,1,1,1,0,1,4,0,0,0,1,1,3,2,0,.,.,.,.,.,.,.,.,.,.,.,.,.,.,.,.,.,.,.,.,.,.,.,.,.,.,.,.,.,.,.,.,.,.,.,.,.,.,.,.,.,.,.,.,.,.,.,.,.,.,.,.,.,.,.,.,.,.,.,.,10000000010000000,10000001,100001,1100,110,10000001,100001,10001,101,101,10000000000000001,10001000,100001,1001,101,10000001,100001,10100,110,101,.,.,.,.,.,.,.,.,.,.,.,.,.,.,.,.,.,.,.,.,.,.,.,.,.,.,.,.,.,.,.,.,.,.,.,.,.,.,.,.,.,.,.,.,.,.,.,.,.,.,.,.,.,.,.,.,.,.,.,.
025,OG07,ëÂãXñ°ë∫ç™òHñ¡,ëÂãXç™òHñ¡,3,2,2,,Ç´Ç‡,k_i_mu,k_i_mu,k,i,m,u,.,.,.,.,.,.,.,.,.,.,.,.,8,1,0,0,1,1,1,1,1,0,1,4,0,0,0,1,1,3,2,0,.,.,.,.,.,.,.,.,.,.,.,.,.,.,.,.,.,.,.,.,.,.,.,.,.,.,.,.,.,.,.,.,.,.,.,.,.,.,.,.,.,.,.,.,.,.,.,.,.,.,.,.,.,.,.,.,.,.,.,.,10000000010000000,10000001,100001,1001,110,10000001,100001,10001,101,101,10000000000000001,10001000,100001,1001,101,10000001,100001,10100,110,101,.,.,.,.,.,.,.,.,.,.,.,.,.,.,.,.,.,.,.,.,.,.,.,.,.,.,.,.,.,.,.,.,.,.,.,.,.,.,.,.,.,.,.,.,.,.,.,.,.,.,.,.,.,.,.,.,.,.,.,.
026,NN12,ç°ãAêmë∫ó^ìﬂó‰,ç°ãAó^ìﬂó‰,4,2,3,,Ç´Ç‡,t__imu__,t__imu__,ts2x,i,m,u:,.,.,.,.,.,.,.,.,.,.,.,.,4,2,2,2,1,1,1,1,1,0,1,4,0,0,0,2,1,3,2,0,.,.,.,.,.,.,.,.,.,.,.,.,.,.,.,.,.,.,.,.,.,.,.,.,.,.,.,.,.,.,.,.,.,.,.,.,.,.,.,.,.,.,.,.,.,.,.,.,.,.,.,.,.,.,.,.,.,.,.,.,10000000000001000,10000010,100100,1100,110,10000001,100001,10001,101,101,10000000000000001,10001000,100001,1001,101,10000010,100001,10100,110,101,.,.,.,.,.,.,.,.,.,.,.,.,.,.,.,.,.,.,.,.,.,.,.,.,.,.,.,.,.,.,.,.,.,.,.,.,.,.,.,.,.,.,.,.,.,.,.,.,.,.,.,.,.,.,.,.,.,.,.,.
027,MB02,ñ{ïîí¨îıê£,ñ{ïîîıê£,4,2,3,,Ç´Ç‡,_i_mu_,_i_mu_,ts2h,i,m,u:,.,.,.,.,.,.,.,.,.,.,.,.,4,2,2,1,1,1,1,1,1,0,1,4,0,0,0,2,1,3,2,0,.,.,.,.,.,.,.,.,.,.,.,.,.,.,.,.,.,.,.,.,.,.,.,.,.,.,.,.,.,.,.,.,.,.,.,.,.,.,.,.,.,.,.,.,.,.,.,.,.,.,.,.,.,.,.,.,.,.,.,.,10000000000001000,10000010,100100,1010,110,10000001,100001,10001,101,101,10000000000000001,10001000,100001,1001,101,10000010,100001,10100,110,101,.,.,.,.,.,.,.,.,.,.,.,.,.,.,.,.,.,.,.,.,.,.,.,.,.,.,.,.,.,.,.,.,.,.,.,.,.,.,.,.,.,.,.,.,.,.,.,.,.,.,.,.,.,.,.,.,.,.,.,.
028,MB06,ñ{ïîí¨ïlå≥,ñ{ïîïlå≥,4,2,3,,Ç´Ç‡,k_imu_,k_imu_,k,i,m,u:,.,.,.,.,.,.,.,.,.,.,.,.,8,1,0,0,1,1,1,1,1,0,1,4,0,0,0,2,1,3,2,0,.,.,.,.,.,.,.,.,.,.,.,.,.,.,.,.,.,.,.,.,.,.,.,.,.,.,.,.,.,.,.,.,.,.,.,.,.,.,.,.,.,.,.,.,.,.,.,.,.,.,.,.,.,.,.,.,.,.,.,.,10000000010000000,10000001,100001,1001,110,10000001,100001,10001,101,101,10000000000000001,10001000,100001,1001,101,10000010,100001,10100,110,101,.,.,.,.,.,.,.,.,.,.,.,.,.,.,.,.,.,.,.,.,.,.,.,.,.,.,.,.,.,.,.,.,.,.,.,.,.,.,.,.,.,.,.,.,.,.,.,.,.,.,.,.,.,.,.,.,.,.,.,.
029,HJ08,ñºåÏésêÏè„,ñºåÏêÏè„,4,2,3,,Ç´Ç‡,k_i_mu_Å^kimu,k_i_mu_,kx,i,m,u:,.,.,.,.,.,.,.,.,.,.,.,.,8,1,0,2,1,1,1,1,1,0,1,4,0,0,0,2,1,3,2,0,.,.,.,.,.,.,.,.,.,.,.,.,.,.,.,.,.,.,.,.,.,.,.,.,.,.,.,.,.,.,.,.,.,.,.,.,.,.,.,.,.,.,.,.,.,.,.,.,.,.,.,.,.,.,.,.,.,.,.,.,10000000010000000,10000001,100001,1100,110,10000001,100001,10001,101,101,10000000000000001,10001000,100001,1001,101,10000010,100001,10100,110,101,.,.,.,.,.,.,.,.,.,.,.,.,.,.,.,.,.,.,.,.,.,.,.,.,.,.,.,.,.,.,.,.,.,.,.,.,.,.,.,.,.,.,.,.,.,.,.,.,.,.,.,.,.,.,.,.,.,.,.,.
030,NG06,ñºåÏésñºåÏ,ñºåÏëÂåì,-9,-9,-9,,-9,yet reserch,yet reserch,-9,-9,-9,-9,.,.,.,.,.,.,.,.,.,.,.,.,-9,-9,-9,-9,-9,-9,-9,-9,-9,-9,-9,-9,-9,-9,-9,-9,-9,-9,-9,-9,.,.,.,.,.,.,.,.,.,.,.,.,.,.,.,.,.,.,.,.,.,.,.,.,.,.,.,.,.,.,.,.,.,.,.,.,.,.,.,.,.,.,.,.,.,.,.,.,.,.,.,.,.,.,.,.,.,.,.,.,?????????????????,????????,??????,????,???,????????,??????,?????,???,???,?????????????????,????????,??????,????,???,????????,??????,?????,???,???,.,.,.,.,.,.,.,.,.,.,.,.,.,.,.,.,.,.,.,.,.,.,.,.,.,.,.,.,.,.,.,.,.,.,.,.,.,.,.,.,.,.,.,.,.,.,.,.,.,.,.,.,.,.,.,.,.,.,.,.
031,ON04,â∂î[ë∫â∂î[,â∂î[â∂î[,4,2,3,,Ç´Ç‡,_tsumu_Å^_tsumu_,_tsumu_,ts2h,u,m,u:,.,.,.,.,.,.,.,.,.,.,.,.,4,2,2,1,1,1,1,3,2,0,1,4,0,0,0,2,1,3,2,0,.,.,.,.,.,.,.,.,.,.,.,.,.,.,.,.,.,.,.,.,.,.,.,.,.,.,.,.,.,.,.,.,.,.,.,.,.,.,.,.,.,.,.,.,.,.,.,.,.,.,.,.,.,.,.,.,.,.,.,.,10000000000001000,10000010,100100,1010,110,10000001,100001,10100,110,101,10000000000000001,10001000,100001,1001,101,10000010,100001,10100,110,101,.,.,.,.,.,.,.,.,.,.,.,.,.,.,.,.,.,.,.,.,.,.,.,.,.,.,.,.,.,.,.,.,.,.,.,.,.,.,.,.,.,.,.,.,.,.,.,.,.,.,.,.,.,.,.,.,.,.,.,.
032,KI06,ã‡ïêí¨ã‡ïê,ã‡ïêã‡ïê,6,2,4,,Ç´Ç‡,_i__mu__,_i__mu__,s2,i:,m,u:,.,.,.,.,.,.,.,.,.,.,.,.,4,3,2,0,1,2,1,1,1,0,1,4,0,0,0,2,1,3,2,0,.,.,.,.,.,.,.,.,.,.,.,.,.,.,.,.,.,.,.,.,.,.,.,.,.,.,.,.,.,.,.,.,.,.,.,.,.,.,.,.,.,.,.,.,.,.,.,.,.,.,.,.,.,.,.,.,.,.,.,.,10000000000001000,10000100,100100,1001,110,10000010,100001,10001,101,101,10000000000000001,10001000,100001,1001,101,10000010,100001,10100,110,101,.,.,.,.,.,.,.,.,.,.,.,.,.,.,.,.,.,.,.,.,.,.,.,.,.,.,.,.,.,.,.,.,.,.,.,.,.,.,.,.,.,.,.,.,.,.,.,.,.,.,.,.,.,.,.,.,.,.,.,.
033,YT15,ì«íJë∫å√åò,ì«íJå√åò,3,2,2,,Ç´Ç‡,_i_mu,_i_mu,ts2,i,m,u,.,.,.,.,.,.,.,.,.,.,.,.,4,2,2,0,1,1,1,1,1,0,1,4,0,0,0,1,1,3,2,0,.,.,.,.,.,.,.,.,.,.,.,.,.,.,.,.,.,.,.,.,.,.,.,.,.,.,.,.,.,.,.,.,.,.,.,.,.,.,.,.,.,.,.,.,.,.,.,.,.,.,.,.,.,.,.,.,.,.,.,.,10000000000001000,10000010,100100,1001,110,10000001,100001,10001,101,101,10000000000000001,10001000,100001,1001,101,10000001,100001,10100,110,101,.,.,.,.,.,.,.,.,.,.,.,.,.,.,.,.,.,.,.,.,.,.,.,.,.,.,.,.,.,.,.,.,.,.,.,.,.,.,.,.,.,.,.,.,.,.,.,.,.,.,.,.,.,.,.,.,.,.,.,.
034,MS01,ãåêŒêÏésêŒêÏ,êŒêÏêŒêÏ,3,2,2,,Ç´Ç‡,__imu,__imu,ts2,i,m,u,.,.,.,.,.,.,.,.,.,.,.,.,4,2,2,0,1,1,1,1,1,0,1,4,0,0,0,1,1,3,2,0,.,.,.,.,.,.,.,.,.,.,.,.,.,.,.,.,.,.,.,.,.,.,.,.,.,.,.,.,.,.,.,.,.,.,.,.,.,.,.,.,.,.,.,.,.,.,.,.,.,.,.,.,.,.,.,.,.,.,.,.,10000000000001000,10000010,100100,1001,110,10000001,100001,10001,101,101,10000000000000001,10001000,100001,1001,101,10000001,100001,10100,110,101,.,.,.,.,.,.,.,.,.,.,.,.,.,.,.,.,.,.,.,.,.,.,.,.,.,.,.,.,.,.,.,.,.,.,.,.,.,.,.,.,.,.,.,.,.,.,.,.,.,.,.,.,.,.,.,.,.,.,.,.
035,GK07,â´ìÍéså”âÆ,â´ìÍå”âÆ,3,2,2,,Ç´Ç‡,_i_mu,_i_mu,ts2,i,m,u,.,.,.,.,.,.,.,.,.,.,.,.,4,2,2,0,1,1,1,1,1,0,1,4,0,0,0,1,1,3,2,0,.,.,.,.,.,.,.,.,.,.,.,.,.,.,.,.,.,.,.,.,.,.,.,.,.,.,.,.,.,.,.,.,.,.,.,.,.,.,.,.,.,.,.,.,.,.,.,.,.,.,.,.,.,.,.,.,.,.,.,.,10000000000001000,10000010,100100,1001,110,10000001,100001,10001,101,101,10000000000000001,10001000,100001,1001,101,10000001,100001,10100,110,101,.,.,.,.,.,.,.,.,.,.,.,.,.,.,.,.,.,.,.,.,.,.,.,.,.,.,.,.,.,.,.,.,.,.,.,.,.,.,.,.,.,.,.,.,.,.,.,.,.,.,.,.,.,.,.,.,.,.,.,.
036,GS08,ãåãÔéuêÏésãÔéuêÏ,Ç§ÇÈãÔéuêÏ,3,2,2,,Ç´Ç‡,_i_mu,_i_mu,ts2,i,m,u,.,.,.,.,.,.,.,.,.,.,.,.,4,2,2,0,1,1,1,1,1,0,1,4,0,0,0,1,1,3,2,0,.,.,.,.,.,.,.,.,.,.,.,.,.,.,.,.,.,.,.,.,.,.,.,.,.,.,.,.,.,.,.,.,.,.,.,.,.,.,.,.,.,.,.,.,.,.,.,.,.,.,.,.,.,.,.,.,.,.,.,.,10000000000001000,10000010,100100,1001,110,10000001,100001,10001,101,101,10000000000000001,10001000,100001,1001,101,10000001,100001,10100,110,101,.,.,.,.,.,.,.,.,.,.,.,.,.,.,.,.,.,.,.,.,.,.,.,.,.,.,.,.,.,.,.,.,.,.,.,.,.,.,.,.,.,.,.,.,.,.,.,.,.,.,.,.,.,.,.,.,.,.,.,.
037,YN02,ãåèüòAí¨ó^ìﬂèÈ,Ç§ÇÈó^ìﬂèÈ,3,2,2,,Ç´Ç‡,_i_mu,_i_mu,ts2,i,m,u,.,.,.,.,.,.,.,.,.,.,.,.,4,2,2,0,1,1,1,1,1,0,1,4,0,0,0,1,1,3,2,0,.,.,.,.,.,.,.,.,.,.,.,.,.,.,.,.,.,.,.,.,.,.,.,.,.,.,.,.,.,.,.,.,.,.,.,.,.,.,.,.,.,.,.,.,.,.,.,.,.,.,.,.,.,.,.,.,.,.,.,.,10000000000001000,10000010,100100,1001,110,10000001,100001,10001,101,101,10000000000000001,10001000,100001,1001,101,10000001,100001,10100,110,101,.,.,.,.,.,.,.,.,.,.,.,.,.,.,.,.,.,.,.,.,.,.,.,.,.,.,.,.,.,.,.,.,.,.,.,.,.,.,.,.,.,.,.,.,.,.,.,.,.,.,.,.,.,.,.,.,.,.,.,.
038,YN09,ãåèüòAí¨ïΩà¿ç¿,Ç§ÇÈïΩà¿ç¿,3,2,2,,Ç´Ç‡,_i__mu,_i__mu,s2,i,m,u,.,.,.,.,.,.,.,.,.,.,.,.,4,3,2,0,1,1,1,1,1,0,1,4,0,0,0,1,1,3,2,0,.,.,.,.,.,.,.,.,.,.,.,.,.,.,.,.,.,.,.,.,.,.,.,.,.,.,.,.,.,.,.,.,.,.,.,.,.,.,.,.,.,.,.,.,.,.,.,.,.,.,.,.,.,.,.,.,.,.,.,.,10000000000001000,10000100,100100,1001,110,10000001,100001,10001,101,101,10000000000000001,10001000,100001,1001,101,10000001,100001,10100,110,101,.,.,.,.,.,.,.,.,.,.,.,.,.,.,.,.,.,.,.,.,.,.,.,.,.,.,.,.,.,.,.,.,.,.,.,.,.,.,.,.,.,.,.,.,.,.,.,.,.,.,.,.,.,.,.,.,.,.,.,.
039,CT12,ñkíJí¨ñkíJ,ñkíJñkíJ,3,2,2,,Ç´Ç‡,_i_mu,_i_mu,ts2,i,m,u,.,.,.,.,.,.,.,.,.,.,.,.,4,2,2,0,1,1,1,1,1,0,1,4,0,0,0,1,1,3,2,0,.,.,.,.,.,.,.,.,.,.,.,.,.,.,.,.,.,.,.,.,.,.,.,.,.,.,.,.,.,.,.,.,.,.,.,.,.,.,.,.,.,.,.,.,.,.,.,.,.,.,.,.,.,.,.,.,.,.,.,.,10000000000001000,10000010,100100,1001,110,10000001,100001,10001,101,101,10000000000000001,10001000,100001,1001,101,10000001,100001,10100,110,101,.,.,.,.,.,.,.,.,.,.,.,.,.,.,.,.,.,.,.,.,.,.,.,.,.,.,.,.,.,.,.,.,.,.,.,.,.,.,.,.,.,.,.,.,.,.,.,.,.,.,.,.,.,.,.,.,.,.,.,.
040,NK17,íÜèÈë∫âÆãX,ñkíÜâÆãX,3,2,2,,Ç´Ç‡,__imu,__imu,ts2,i,m,u,.,.,.,.,.,.,.,.,.,.,.,.,4,2,2,0,1,1,1,1,1,0,1,4,0,0,0,1,1,3,2,0,.,.,.,.,.,.,.,.,.,.,.,.,.,.,.,.,.,.,.,.,.,.,.,.,.,.,.,.,.,.,.,.,.,.,.,.,.,.,.,.,.,.,.,.,.,.,.,.,.,.,.,.,.,.,.,.,.,.,.,.,10000000000001000,10000010,100100,1001,110,10000001,100001,10001,101,101,10000000000000001,10001000,100001,1001,101,10000001,100001,10100,110,101,.,.,.,.,.,.,.,.,.,.,.,.,.,.,.,.,.,.,.,.,.,.,.,.,.,.,.,.,.,.,.,.,.,.,.,.,.,.,.,.,.,.,.,.,.,.,.,.,.,.,.,.,.,.,.,.,.,.,.,.
041,GW01,ãXñÏòpésïÅìVä‘,ãXòpïÅìVä‘,3,2,2,,Ç´Ç‡,__imu,__imu,ts2,i,m,u,.,.,.,.,.,.,.,.,.,.,.,.,4,2,2,0,1,1,1,1,1,0,1,4,0,0,0,1,1,3,2,0,.,.,.,.,.,.,.,.,.,.,.,.,.,.,.,.,.,.,.,.,.,.,.,.,.,.,.,.,.,.,.,.,.,.,.,.,.,.,.,.,.,.,.,.,.,.,.,.,.,.,.,.,.,.,.,.,.,.,.,.,10000000000001000,10000010,100100,1001,110,10000001,100001,10001,101,101,10000000000000001,10001000,100001,1001,101,10000001,100001,10100,110,101,.,.,.,.,.,.,.,.,.,.,.,.,.,.,.,.,.,.,.,.,.,.,.,.,.,.,.,.,.,.,.,.,.,.,.,.,.,.,.,.,.,.,.,.,.,.,.,.,.,.,.,.,.,.,.,.,.,.,.,.
042,GW06,ãXñÏòpésëÂéR,ãXòpëÂéR,3,2,2,,Ç´Ç‡,__imu,__imu,ts2,i,m,u,.,.,.,.,.,.,.,.,.,.,.,.,4,2,2,0,1,1,1,1,1,0,1,4,0,0,0,1,1,3,2,0,.,.,.,.,.,.,.,.,.,.,.,.,.,.,.,.,.,.,.,.,.,.,.,.,.,.,.,.,.,.,.,.,.,.,.,.,.,.,.,.,.,.,.,.,.,.,.,.,.,.,.,.,.,.,.,.,.,.,.,.,10000000000001000,10000010,100100,1001,110,10000001,100001,10001,101,101,10000000000000001,10001000,100001,1001,101,10000001,100001,10100,110,101,.,.,.,.,.,.,.,.,.,.,.,.,.,.,.,.,.,.,.,.,.,.,.,.,.,.,.,.,.,.,.,.,.,.,.,.,.,.,.,.,.,.,.,.,.,.,.,.,.,.,.,.,.,.,.,.,.,.,.,.
043,US06,âYìYésà¿îgíÉ,âYìYà¿îgíÉ,3,2,2,,Ç´Ç‡,_i_mu_,_i_mu_,ts2,i,m,u,.,.,.,.,.,.,.,.,.,.,.,.,4,2,2,0,1,1,1,1,1,0,1,4,0,0,0,1,1,3,2,0,.,.,.,.,.,.,.,.,.,.,.,.,.,.,.,.,.,.,.,.,.,.,.,.,.,.,.,.,.,.,.,.,.,.,.,.,.,.,.,.,.,.,.,.,.,.,.,.,.,.,.,.,.,.,.,.,.,.,.,.,10000000000001000,10000010,100100,1001,110,10000001,100001,10001,101,101,10000000000000001,10001000,100001,1001,101,10000001,100001,10100,110,101,.,.,.,.,.,.,.,.,.,.,.,.,.,.,.,.,.,.,.,.,.,.,.,.,.,.,.,.,.,.,.,.,.,.,.,.,.,.,.,.,.,.,.,.,.,.,.,.,.,.,.,.,.,.,.,.,.,.,.,.
044,NH10,êºå¥í¨è¨îgí√,êºå¥è¨îgí√,3,2,2,,Ç´Ç‡,__i_mu,__i_mu,ts2,i,m,u,.,.,.,.,.,.,.,.,.,.,.,.,4,2,2,0,1,1,1,1,1,0,1,4,0,0,0,1,1,3,2,0,.,.,.,.,.,.,.,.,.,.,.,.,.,.,.,.,.,.,.,.,.,.,.,.,.,.,.,.,.,.,.,.,.,.,.,.,.,.,.,.,.,.,.,.,.,.,.,.,.,.,.,.,.,.,.,.,.,.,.,.,10000000000001000,10000010,100100,1001,110,10000001,100001,10001,101,101,10000000000000001,10001000,100001,1001,101,10000001,100001,10100,110,101,.,.,.,.,.,.,.,.,.,.,.,.,.,.,.,.,.,.,.,.,.,.,.,.,.,.,.,.,.,.,.,.,.,.,.,.,.,.,.,.,.,.,.,.,.,.,.,.,.,.,.,.,.,.,.,.,.,.,.,.
045,NK25,èüòAí¨í√åò,Ç§ÇÈí√åò,3,2,2,,Ç´Ç‡,_k_imu,_k_imu,k,i,m,u,.,.,.,.,.,.,.,.,.,.,.,.,8,1,0,0,1,1,1,1,1,0,1,4,0,0,0,1,1,3,2,0,.,.,.,.,.,.,.,.,.,.,.,.,.,.,.,.,.,.,.,.,.,.,.,.,.,.,.,.,.,.,.,.,.,.,.,.,.,.,.,.,.,.,.,.,.,.,.,.,.,.,.,.,.,.,.,.,.,.,.,.,10000000010000000,10000001,100001,1001,110,10000001,100001,10001,101,101,10000000000000001,10001000,100001,1001,101,10000001,100001,10100,110,101,.,.,.,.,.,.,.,.,.,.,.,.,.,.,.,.,.,.,.,.,.,.,.,.,.,.,.,.,.,.,.,.,.,.,.,.,.,.,.,.,.,.,.,.,.,.,.,.,.,.,.,.,.,.,.,.,.,.,.,.
046,MW03,ìﬂîeéséÒó¢ìñë†émë∞,ìﬂîeìñë†ém,3,2,2,,Ç´Ç‡,__imu,__imu,ts2,i,m,u,.,.,.,.,.,.,.,.,.,.,.,.,4,2,2,0,1,1,1,1,1,0,1,4,0,0,0,1,1,3,2,0,.,.,.,.,.,.,.,.,.,.,.,.,.,.,.,.,.,.,.,.,.,.,.,.,.,.,.,.,.,.,.,.,.,.,.,.,.,.,.,.,.,.,.,.,.,.,.,.,.,.,.,.,.,.,.,.,.,.,.,.,10000000000001000,10000010,100100,1001,110,10000001,100001,10001,101,101,10000000000000001,10001000,100001,1001,101,10000001,100001,10100,110,101,.,.,.,.,.,.,.,.,.,.,.,.,.,.,.,.,.,.,.,.,.,.,.,.,.,.,.,.,.,.,.,.,.,.,.,.,.,.,.,.,.,.,.,.,.,.,.,.,.,.,.,.,.,.,.,.,.,.,.,.
047,MW04,ìﬂîeéséÒó¢ìñë†,ìﬂîeìñë†ïΩ,3,2,2,,Ç´Ç‡,__imu,__imu,ts2,i,m,u,.,.,.,.,.,.,.,.,.,.,.,.,4,2,2,0,1,1,1,1,1,0,1,4,0,0,0,1,1,3,2,0,.,.,.,.,.,.,.,.,.,.,.,.,.,.,.,.,.,.,.,.,.,.,.,.,.,.,.,.,.,.,.,.,.,.,.,.,.,.,.,.,.,.,.,.,.,.,.,.,.,.,.,.,.,.,.,.,.,.,.,.,10000000000001000,10000010,100100,1001,110,10000001,100001,10001,101,101,10000000000000001,10001000,100001,1001,101,10000001,100001,10100,110,101,.,.,.,.,.,.,.,.,.,.,.,.,.,.,.,.,.,.,.,.,.,.,.,.,.,.,.,.,.,.,.,.,.,.,.,.,.,.,.,.,.,.,.,.,.,.,.,.,.,.,.,.,.,.,.,.,.,.,.,.
048,MW12,ìﬂîeésêÚçËémë∞,ìﬂîeêÚçËém,3,2,2,,Ç´Ç‡,_imu,_imu,ts2,i,m,u,.,.,.,.,.,.,.,.,.,.,.,.,4,2,2,0,1,1,1,1,1,0,1,4,0,0,0,1,1,3,2,0,.,.,.,.,.,.,.,.,.,.,.,.,.,.,.,.,.,.,.,.,.,.,.,.,.,.,.,.,.,.,.,.,.,.,.,.,.,.,.,.,.,.,.,.,.,.,.,.,.,.,.,.,.,.,.,.,.,.,.,.,10000000000001000,10000010,100100,1001,110,10000001,100001,10001,101,101,10000000000000001,10001000,100001,1001,101,10000001,100001,10100,110,101,.,.,.,.,.,.,.,.,.,.,.,.,.,.,.,.,.,.,.,.,.,.,.,.,.,.,.,.,.,.,.,.,.,.,.,.,.,.,.,.,.,.,.,.,.,.,.,.,.,.,.,.,.,.,.,.,.,.,.,.
049,MW13,ìﬂîeésêÚçË,ìﬂîeêÚçËïΩ,3,2,2,,Ç´Ç‡,_imu,_imu,ts2,i,m,u,.,.,.,.,.,.,.,.,.,.,.,.,4,2,2,0,1,1,1,1,1,0,1,4,0,0,0,1,1,3,2,0,.,.,.,.,.,.,.,.,.,.,.,.,.,.,.,.,.,.,.,.,.,.,.,.,.,.,.,.,.,.,.,.,.,.,.,.,.,.,.,.,.,.,.,.,.,.,.,.,.,.,.,.,.,.,.,.,.,.,.,.,10000000000001000,10000010,100100,1001,110,10000001,100001,10001,101,101,10000000000000001,10001000,100001,1001,101,10000001,100001,10100,110,101,.,.,.,.,.,.,.,.,.,.,.,.,.,.,.,.,.,.,.,.,.,.,.,.,.,.,.,.,.,.,.,.,.,.,.,.,.,.,.,.,.,.,.,.,.,.,.,.,.,.,.,.,.,.,.,.,.,.,.,.
050,MW09,ìﬂîeésà¿ó¢,ìﬂîeà¿ó¢,3,2,2,,Ç´Ç‡,__imu,__imu,ts2,i,m,u,.,.,.,.,.,.,.,.,.,.,.,.,4,2,2,0,1,1,1,1,1,0,1,4,0,0,0,1,1,3,2,0,.,.,.,.,.,.,.,.,.,.,.,.,.,.,.,.,.,.,.,.,.,.,.,.,.,.,.,.,.,.,.,.,.,.,.,.,.,.,.,.,.,.,.,.,.,.,.,.,.,.,.,.,.,.,.,.,.,.,.,.,10000000000001000,10000010,100100,1001,110,10000001,100001,10001,101,101,10000000000000001,10001000,100001,1001,101,10000001,100001,10100,110,101,.,.,.,.,.,.,.,.,.,.,.,.,.,.,.,.,.,.,.,.,.,.,.,.,.,.,.,.,.,.,.,.,.,.,.,.,.,.,.,.,.,.,.,.,.,.,.,.,.,.,.,.,.,.,.,.,.,.,.,.
051,HB04,ìÏïóå¥í¨åìèÈ,ìÏïóåìèÈ,3,2,2,,Ç´Ç‡,__imu,__imu,ts2,i,m,u,.,.,.,.,.,.,.,.,.,.,.,.,4,2,2,0,1,1,1,1,1,0,1,4,0,0,0,1,1,3,2,0,.,.,.,.,.,.,.,.,.,.,.,.,.,.,.,.,.,.,.,.,.,.,.,.,.,.,.,.,.,.,.,.,.,.,.,.,.,.,.,.,.,.,.,.,.,.,.,.,.,.,.,.,.,.,.,.,.,.,.,.,10000000000001000,10000010,100100,1001,110,10000001,100001,10001,101,101,10000000000000001,10001000,100001,1001,101,10000001,100001,10100,110,101,.,.,.,.,.,.,.,.,.,.,.,.,.,.,.,.,.,.,.,.,.,.,.,.,.,.,.,.,.,.,.,.,.,.,.,.,.,.,.,.,.,.,.,.,.,.,.,.,.,.,.,.,.,.,.,.,.,.,.,.
052,OZ02,ó^ìﬂå¥í¨ó^ìﬂå¥,ó^ìﬂó^ìﬂå¥,3,2,2,,Ç´Ç‡,_i_mu,_i_mu,ts2,i,m,u,.,.,.,.,.,.,.,.,.,.,.,.,4,2,2,0,1,1,1,1,1,0,1,4,0,0,0,1,1,3,2,0,.,.,.,.,.,.,.,.,.,.,.,.,.,.,.,.,.,.,.,.,.,.,.,.,.,.,.,.,.,.,.,.,.,.,.,.,.,.,.,.,.,.,.,.,.,.,.,.,.,.,.,.,.,.,.,.,.,.,.,.,10000000000001000,10000010,100100,1001,110,10000001,100001,10001,101,101,10000000000000001,10001000,100001,1001,101,10000001,100001,10100,110,101,.,.,.,.,.,.,.,.,.,.,.,.,.,.,.,.,.,.,.,.,.,.,.,.,.,.,.,.,.,.,.,.,.,.,.,.,.,.,.,.,.,.,.,.,.,.,.,.,.,.,.,.,.,.,.,.,.,.,.,.
053,OZ05,ãåëÂó¢ë∫å√åò2,ìÏèÈå√åò2,3,2,2,,Ç´Ç‡,t_imu,t_imu,ts2,i,m,u,.,.,.,.,.,.,.,.,.,.,.,.,4,2,2,0,1,1,1,1,1,0,1,4,0,0,0,1,1,3,2,0,.,.,.,.,.,.,.,.,.,.,.,.,.,.,.,.,.,.,.,.,.,.,.,.,.,.,.,.,.,.,.,.,.,.,.,.,.,.,.,.,.,.,.,.,.,.,.,.,.,.,.,.,.,.,.,.,.,.,.,.,10000000000001000,10000010,100100,1001,110,10000001,100001,10001,101,101,10000000000000001,10001000,100001,1001,101,10000001,100001,10100,110,101,.,.,.,.,.,.,.,.,.,.,.,.,.,.,.,.,.,.,.,.,.,.,.,.,.,.,.,.,.,.,.,.,.,.,.,.,.,.,.,.,.,.,.,.,.,.,.,.,.,.,.,.,.,.,.,.,.,.,.,.
054,SS05,ãåç≤ï~í¨ç≤ï~,ìÏèÈç≤ï~,3,2,2,,Ç´Ç‡,__imu,__imu,ts2,i,m,u,.,.,.,.,.,.,.,.,.,.,.,.,4,2,2,0,1,1,1,1,1,0,1,4,0,0,0,1,1,3,2,0,.,.,.,.,.,.,.,.,.,.,.,.,.,.,.,.,.,.,.,.,.,.,.,.,.,.,.,.,.,.,.,.,.,.,.,.,.,.,.,.,.,.,.,.,.,.,.,.,.,.,.,.,.,.,.,.,.,.,.,.,10000000000001000,10000010,100100,1001,110,10000001,100001,10001,101,101,10000000000000001,10001000,100001,1001,101,10000001,100001,10100,110,101,.,.,.,.,.,.,.,.,.,.,.,.,.,.,.,.,.,.,.,.,.,.,.,.,.,.,.,.,.,.,.,.,.,.,.,.,.,.,.,.,.,.,.,.,.,.,.,.,.,.,.,.,.,.,.,.,.,.,.,.
055,CN05,ãåímîOë∫ímîO,ìÏèÈímîO,3,2,2,,Ç´Ç‡,__imu/__imu_,__imu,ts2,i,m,u,.,.,.,.,.,.,.,.,.,.,.,.,4,2,2,0,1,1,1,1,1,0,1,4,0,0,0,1,1,3,2,0,.,.,.,.,.,.,.,.,.,.,.,.,.,.,.,.,.,.,.,.,.,.,.,.,.,.,.,.,.,.,.,.,.,.,.,.,.,.,.,.,.,.,.,.,.,.,.,.,.,.,.,.,.,.,.,.,.,.,.,.,10000000000001000,10000010,100100,1001,110,10000001,100001,10001,101,101,10000000000000001,10001000,100001,1001,101,10000001,100001,10100,110,101,.,.,.,.,.,.,.,.,.,.,.,.,.,.,.,.,.,.,.,.,.,.,.,.,.,.,.,.,.,.,.,.,.,.,.,.,.,.,.,.,.,.,.,.,.,.,.,.,.,.,.,.,.,.,.,.,.,.,.,.
056,CN08,ãåímîOë∫ãvçÇ,ìÏèÈãvçÇ,3,2,2,,Ç´Ç‡,__imu,tSimu,ts2,i,m,u,.,.,.,.,.,.,.,.,.,.,.,.,4,2,2,0,1,1,1,1,1,0,1,4,0,0,0,1,1,3,2,0,.,.,.,.,.,.,.,.,.,.,.,.,.,.,.,.,.,.,.,.,.,.,.,.,.,.,.,.,.,.,.,.,.,.,.,.,.,.,.,.,.,.,.,.,.,.,.,.,.,.,.,.,.,.,.,.,.,.,.,.,10000000000001000,10000010,100100,1001,110,10000001,100001,10001,101,101,10000000000000001,10001000,100001,1001,101,10000001,100001,10100,110,101,.,.,.,.,.,.,.,.,.,.,.,.,.,.,.,.,.,.,.,.,.,.,.,.,.,.,.,.,.,.,.,.,.,.,.,.,.,.,.,.,.,.,.,.,.,.,.,.,.,.,.,.,.,.,.,.,.,.,.,.
057,TM03,ãåã èÈë∫ã èÈ,ìÏèÈã èÈ,3,2,2,,Ç´Ç‡,__imu,__imu,ts2,i,m,u,.,.,.,.,.,.,.,.,.,.,.,.,4,2,2,0,1,1,1,1,1,0,1,4,0,0,0,1,1,3,2,0,.,.,.,.,.,.,.,.,.,.,.,.,.,.,.,.,.,.,.,.,.,.,.,.,.,.,.,.,.,.,.,.,.,.,.,.,.,.,.,.,.,.,.,.,.,.,.,.,.,.,.,.,.,.,.,.,.,.,.,.,10000000000001000,10000010,100100,1001,110,10000001,100001,10001,101,101,10000000000000001,10001000,100001,1001,101,10000001,100001,10100,110,101,.,.,.,.,.,.,.,.,.,.,.,.,.,.,.,.,.,.,.,.,.,.,.,.,.,.,.,.,.,.,.,.,.,.,.,.,.,.,.,.,.,.,.,.,.,.,.,.,.,.,.,.,.,.,.,.,.,.,.,.
058,TM07,ãåã èÈë∫éÖêî,ìÏèÈéÖêî,3,2,2,,Ç´Ç‡,_imu,_imu,ts2,i,m,u,.,.,.,.,.,.,.,.,.,.,.,.,4,2,2,0,1,1,1,1,1,0,1,4,0,0,0,1,1,3,2,0,.,.,.,.,.,.,.,.,.,.,.,.,.,.,.,.,.,.,.,.,.,.,.,.,.,.,.,.,.,.,.,.,.,.,.,.,.,.,.,.,.,.,.,.,.,.,.,.,.,.,.,.,.,.,.,.,.,.,.,.,10000000000001000,10000010,100100,1001,110,10000001,100001,10001,101,101,10000000000000001,10001000,100001,1001,101,10000001,100001,10100,110,101,.,.,.,.,.,.,.,.,.,.,.,.,.,.,.,.,.,.,.,.,.,.,.,.,.,.,.,.,.,.,.,.,.,.,.,.,.,.,.,.,.,.,.,.,.,.,.,.,.,.,.,.,.,.,.,.,.,.,.,.
059,GC02,ãåãÔéuì™ë∫ãÔéuì™,î™èdãÔéuì™,3,2,2,,Ç´Ç‡,__imu,__imu,ts2,i,m,u,.,.,.,.,.,.,.,.,.,.,.,.,4,2,2,0,1,1,1,1,1,0,1,4,0,0,0,1,1,3,2,0,.,.,.,.,.,.,.,.,.,.,.,.,.,.,.,.,.,.,.,.,.,.,.,.,.,.,.,.,.,.,.,.,.,.,.,.,.,.,.,.,.,.,.,.,.,.,.,.,.,.,.,.,.,.,.,.,.,.,.,.,10000000000001000,10000010,100100,1001,110,10000001,100001,10001,101,101,10000000000000001,10001000,100001,1001,101,10000001,100001,10100,110,101,.,.,.,.,.,.,.,.,.,.,.,.,.,.,.,.,.,.,.,.,.,.,.,.,.,.,.,.,.,.,.,.,.,.,.,.,.,.,.,.,.,.,.,.,.,.,.,.,.,.,.,.,.,.,.,.,.,.,.,.
060,KD02,ãåìåïóïΩí¨óFäÒ,î™èdóFäÒ,3,2,2,,Ç´Ç‡,__imu,__imu,ts2,i,m,u,.,.,.,.,.,.,.,.,.,.,.,.,4,2,2,0,1,1,1,1,1,0,1,4,0,0,0,1,1,3,2,0,.,.,.,.,.,.,.,.,.,.,.,.,.,.,.,.,.,.,.,.,.,.,.,.,.,.,.,.,.,.,.,.,.,.,.,.,.,.,.,.,.,.,.,.,.,.,.,.,.,.,.,.,.,.,.,.,.,.,.,.,10000000000001000,10000010,100100,1001,110,10000001,100001,10001,101,101,10000000000000001,10001000,100001,1001,101,10000001,100001,10100,110,101,.,.,.,.,.,.,.,.,.,.,.,.,.,.,.,.,.,.,.,.,.,.,.,.,.,.,.,.,.,.,.,.,.,.,.,.,.,.,.,.,.,.,.,.,.,.,.,.,.,.,.,.,.,.,.,.,.,.,.,.
061,MN03,éÖñûésïƒê{,éÖñûïƒê{,3,2,2,,Ç´Ç‡,ki_mu,ki_mu,k,i,m,u,.,.,.,.,.,.,.,.,.,.,.,.,8,1,0,0,1,1,1,1,1,0,1,4,0,0,0,1,1,3,2,0,.,.,.,.,.,.,.,.,.,.,.,.,.,.,.,.,.,.,.,.,.,.,.,.,.,.,.,.,.,.,.,.,.,.,.,.,.,.,.,.,.,.,.,.,.,.,.,.,.,.,.,.,.,.,.,.,.,.,.,.,10000000010000000,10000001,100001,1001,110,10000001,100001,10001,101,101,10000000000000001,10001000,100001,1001,101,10000001,100001,10100,110,101,.,.,.,.,.,.,.,.,.,.,.,.,.,.,.,.,.,.,.,.,.,.,.,.,.,.,.,.,.,.,.,.,.,.,.,.,.,.,.,.,.,.,.,.,.,.,.,.,.,.,.,.,.,.,.,.,.,.,.,.
062,KY02,éÖñûésäÏâÆïê,éÖñûäÏâÆïê,3,2,2,,Ç´Ç‡,_imu,_imu,ts2,i,m,u,.,.,.,.,.,.,.,.,.,.,.,.,4,2,2,0,1,1,1,1,1,0,1,4,0,0,0,1,1,3,2,0,.,.,.,.,.,.,.,.,.,.,.,.,.,.,.,.,.,.,.,.,.,.,.,.,.,.,.,.,.,.,.,.,.,.,.,.,.,.,.,.,.,.,.,.,.,.,.,.,.,.,.,.,.,.,.,.,.,.,.,.,10000000000001000,10000010,100100,1001,110,10000001,100001,10001,101,101,10000000000000001,10001000,100001,1001,101,10000001,100001,10100,110,101,.,.,.,.,.,.,.,.,.,.,.,.,.,.,.,.,.,.,.,.,.,.,.,.,.,.,.,.,.,.,.,.,.,.,.,.,.,.,.,.,.,.,.,.,.,.,.,.,.,.,.,.,.,.,.,.,.,.,.,.
063,MK07,éÖñûésê^ï«,éÖñûê^ï«,3,2,2,,Ç´Ç‡,_i_mu,_i_mu,ts2,i,m,u,.,.,.,.,.,.,.,.,.,.,.,.,4,2,2,0,1,1,1,1,1,0,1,4,0,0,0,1,1,3,2,0,.,.,.,.,.,.,.,.,.,.,.,.,.,.,.,.,.,.,.,.,.,.,.,.,.,.,.,.,.,.,.,.,.,.,.,.,.,.,.,.,.,.,.,.,.,.,.,.,.,.,.,.,.,.,.,.,.,.,.,.,10000000000001000,10000010,100100,1001,110,10000001,100001,10001,101,101,10000000000000001,10001000,100001,1001,101,10000001,100001,10100,110,101,.,.,.,.,.,.,.,.,.,.,.,.,.,.,.,.,.,.,.,.,.,.,.,.,.,.,.,.,.,.,.,.,.,.,.,.,.,.,.,.,.,.,.,.,.,.,.,.,.,.,.,.,.,.,.,.,.,.,.,.
064,TK04,éÖñûésçëãg,éÖñûçëãg,3,2,2,,Ç´Ç‡,__imu,__imu,ts2,i,m,u,.,.,.,.,.,.,.,.,.,.,.,.,4,2,2,0,1,1,1,1,1,0,1,4,0,0,0,1,1,3,2,0,.,.,.,.,.,.,.,.,.,.,.,.,.,.,.,.,.,.,.,.,.,.,.,.,.,.,.,.,.,.,.,.,.,.,.,.,.,.,.,.,.,.,.,.,.,.,.,.,.,.,.,.,.,.,.,.,.,.,.,.,10000000000001000,10000010,100100,1001,110,10000001,100001,10001,101,101,10000000000000001,10001000,100001,1001,101,10000001,100001,10100,110,101,.,.,.,.,.,.,.,.,.,.,.,.,.,.,.,.,.,.,.,.,.,.,.,.,.,.,.,.,.,.,.,.,.,.,.,.,.,.,.,.,.,.,.,.,.,.,.,.,.,.,.,.,.,.,.,.,.,.,.,.
065,KN07,éÖñûésåìèÈ,éÖñûåìèÈ,3,2,2,,Ç´Ç‡,__mu,__mu,ts2,i,m,u,.,.,.,.,.,.,.,.,.,.,.,.,4,2,2,0,1,1,1,1,1,0,1,4,0,0,0,1,1,3,2,0,.,.,.,.,.,.,.,.,.,.,.,.,.,.,.,.,.,.,.,.,.,.,.,.,.,.,.,.,.,.,.,.,.,.,.,.,.,.,.,.,.,.,.,.,.,.,.,.,.,.,.,.,.,.,.,.,.,.,.,.,10000000000001000,10000010,100100,1001,110,10000001,100001,10001,101,101,10000000000000001,10001000,100001,1001,101,10000001,100001,10100,110,101,.,.,.,.,.,.,.,.,.,.,.,.,.,.,.,.,.,.,.,.,.,.,.,.,.,.,.,.,.,.,.,.,.,.,.,.,.,.,.,.,.,.,.,.,.,.,.,.,.,.,.,.,.,.,.,.,.,.,.,.
066,TG17,ñLå©èÈë∫ï€âhñŒ,ñLå©ï€âhñŒ,3,2,2,,Ç´Ç‡,__mu,__mu,ts2,i,m,u,.,.,.,.,.,.,.,.,.,.,.,.,4,2,2,0,1,1,1,1,1,0,1,4,0,0,0,1,1,3,2,0,.,.,.,.,.,.,.,.,.,.,.,.,.,.,.,.,.,.,.,.,.,.,.,.,.,.,.,.,.,.,.,.,.,.,.,.,.,.,.,.,.,.,.,.,.,.,.,.,.,.,.,.,.,.,.,.,.,.,.,.,10000000000001000,10000010,100100,1001,110,10000001,100001,10001,101,101,10000000000000001,10001000,100001,1001,101,10000001,100001,10100,110,101,.,.,.,.,.,.,.,.,.,.,.,.,.,.,.,.,.,.,.,.,.,.,.,.,.,.,.,.,.,.,.,.,.,.,.,.,.,.,.,.,.,.,.,.,.,.,.,.,.,.,.,.,.,.,.,.,.,.,.,.
067,OR02,ìﬂîeésè¨ò\à¿éüó‰,ìﬂîeà¿éüó‰,3,2,2,,Ç´Ç‡,__imu/_i_mu,__imu,ts2,i,m,u,.,.,.,.,.,.,.,.,.,.,.,.,4,2,2,0,1,1,1,1,1,0,1,4,0,0,0,1,1,3,2,0,.,.,.,.,.,.,.,.,.,.,.,.,.,.,.,.,.,.,.,.,.,.,.,.,.,.,.,.,.,.,.,.,.,.,.,.,.,.,.,.,.,.,.,.,.,.,.,.,.,.,.,.,.,.,.,.,.,.,.,.,10000000000001000,10000010,100100,1001,110,10000001,100001,10001,101,101,10000000000000001,10001000,100001,1001,101,10000001,100001,10100,110,101,.,.,.,.,.,.,.,.,.,.,.,.,.,.,.,.,.,.,.,.,.,.,.,.,.,.,.,.,.,.,.,.,.,.,.,.,.,.,.,.,.,.,.,.,.,.,.,.,.,.,.,.,.,.,.,.,.,.,.,.
068,TO02,ìnâ√ï~ë∫à¢îgòA,ìnâ√à¢îgòA,3,2,2,,Ç´Ç‡,__imu,__imu,ts2,i,m,u,.,.,.,.,.,.,.,.,.,.,.,.,4,2,2,0,1,1,1,1,1,0,1,4,0,0,0,1,1,3,2,0,.,.,.,.,.,.,.,.,.,.,.,.,.,.,.,.,.,.,.,.,.,.,.,.,.,.,.,.,.,.,.,.,.,.,.,.,.,.,.,.,.,.,.,.,.,.,.,.,.,.,.,.,.,.,.,.,.,.,.,.,10000000000001000,10000010,100100,1001,110,10000001,100001,10001,101,101,10000000000000001,10001000,100001,1001,101,10000001,100001,10100,110,101,.,.,.,.,.,.,.,.,.,.,.,.,.,.,.,.,.,.,.,.,.,.,.,.,.,.,.,.,.,.,.,.,.,.,.,.,.,.,.,.,.,.,.,.,.,.,.,.,.,.,.,.,.,.,.,.,.,.,.,.
069,ZM04,ç¿ä‘ñ°ë∫à¢â√,ç¿ä‘à¢â√,3,2,2,,Ç´Ç‡,ki_mu,ki_mu,k,i,m,u,.,.,.,.,.,.,.,.,.,.,.,.,8,1,0,0,1,1,1,1,1,0,1,4,0,0,0,1,1,3,2,0,.,.,.,.,.,.,.,.,.,.,.,.,.,.,.,.,.,.,.,.,.,.,.,.,.,.,.,.,.,.,.,.,.,.,.,.,.,.,.,.,.,.,.,.,.,.,.,.,.,.,.,.,.,.,.,.,.,.,.,.,10000000010000000,10000001,100001,1001,110,10000001,100001,10001,101,101,10000000000000001,10001000,100001,1001,101,10000001,100001,10100,110,101,.,.,.,.,.,.,.,.,.,.,.,.,.,.,.,.,.,.,.,.,.,.,.,.,.,.,.,.,.,.,.,.,.,.,.,.,.,.,.,.,.,.,.,.,.,.,.,.,.,.,.,.,.,.,.,.,.,.,.,.
070,AG01,àæçëë∫àæçëïl,àæçëïl,3,2,2,,Ç´Ç‡,__imu,__imu,ts2,i,m,u,.,.,.,.,.,.,.,.,.,.,.,.,4,2,2,0,1,1,1,1,1,0,1,4,0,0,0,1,1,3,2,0,.,.,.,.,.,.,.,.,.,.,.,.,.,.,.,.,.,.,.,.,.,.,.,.,.,.,.,.,.,.,.,.,.,.,.,.,.,.,.,.,.,.,.,.,.,.,.,.,.,.,.,.,.,.,.,.,.,.,.,.,10000000000001000,10000010,100100,1001,110,10000001,100001,10001,101,101,10000000000000001,10001000,100001,1001,101,10000001,100001,10100,110,101,.,.,.,.,.,.,.,.,.,.,.,.,.,.,.,.,.,.,.,.,.,.,.,.,.,.,.,.,.,.,.,.,.,.,.,.,.,.,.,.,.,.,.,.,.,.,.,.,.,.,.,.,.,.,.,.,.,.,.,.
071,TN01,ìnñºäÏë∫ìnñºäÏêº,ìnñºäÏêº,3,2,2,,Ç´Ç‡,_kimu,_kimu,k,i,m,u,.,.,.,.,.,.,.,.,.,.,.,.,8,1,0,0,1,1,1,1,1,0,1,4,0,0,0,1,1,3,2,0,.,.,.,.,.,.,.,.,.,.,.,.,.,.,.,.,.,.,.,.,.,.,.,.,.,.,.,.,.,.,.,.,.,.,.,.,.,.,.,.,.,.,.,.,.,.,.,.,.,.,.,.,.,.,.,.,.,.,.,.,10000000010000000,10000001,100001,1001,110,10000001,100001,10001,101,101,10000000000000001,10001000,100001,1001,101,10000001,100001,10100,110,101,.,.,.,.,.,.,.,.,.,.,.,.,.,.,.,.,.,.,.,.,.,.,.,.,.,.,.,.,.,.,.,.,.,.,.,.,.,.,.,.,.,.,.,.,.,.,.,.,.,.,.,.,.,.,.,.,.,.,.,.
072,NA04,ãåíáó¢ë∫ê^é”,ãvïƒê^é”,3,2,2,,Ç´Ç‡,_i_mu,_i_mu,ts2,i,m,u,.,.,.,.,.,.,.,.,.,.,.,.,4,2,2,0,1,1,1,1,1,0,1,4,0,0,0,1,1,3,2,0,.,.,.,.,.,.,.,.,.,.,.,.,.,.,.,.,.,.,.,.,.,.,.,.,.,.,.,.,.,.,.,.,.,.,.,.,.,.,.,.,.,.,.,.,.,.,.,.,.,.,.,.,.,.,.,.,.,.,.,.,10000000000001000,10000010,100100,1001,110,10000001,100001,10001,101,101,10000000000000001,10001000,100001,1001,101,10000001,100001,10100,110,101,.,.,.,.,.,.,.,.,.,.,.,.,.,.,.,.,.,.,.,.,.,.,.,.,.,.,.,.,.,.,.,.,.,.,.,.,.,.,.,.,.,.,.,.,.,.,.,.,.,.,.,.,.,.,.,.,.,.,.,.
073,KG03,ãåãÔéuêÏë∫åìèÈ,ãvïƒåìèÈ,3,2,2,,Ç´Ç‡,_t_imu,_t_imu,ts2,i,m,u,.,.,.,.,.,.,.,.,.,.,.,.,4,2,2,0,1,1,1,1,1,0,1,4,0,0,0,1,1,3,2,0,.,.,.,.,.,.,.,.,.,.,.,.,.,.,.,.,.,.,.,.,.,.,.,.,.,.,.,.,.,.,.,.,.,.,.,.,.,.,.,.,.,.,.,.,.,.,.,.,.,.,.,.,.,.,.,.,.,.,.,.,10000000000001000,10000010,100100,1001,110,10000001,100001,10001,101,101,10000000000000001,10001000,100001,1001,101,10000001,100001,10100,110,101,.,.,.,.,.,.,.,.,.,.,.,.,.,.,.,.,.,.,.,.,.,.,.,.,.,.,.,.,.,.,.,.,.,.,.,.,.,.,.,.,.,.,.,.,.,.,.,.,.,.,.,.,.,.,.,.,.,.,.,.
074,HR03,ã{å√ìáésírä‘,ã{å√írä‘,3,2,2,,Ç´Ç‡,__mu,__mu,ts,y,m,u,.,.,.,.,.,.,.,.,.,.,.,.,4,2,0,0,1,1,1,4,1,0,1,4,0,0,0,1,1,3,2,0,.,.,.,.,.,.,.,.,.,.,.,.,.,.,.,.,.,.,.,.,.,.,.,.,.,.,.,.,.,.,.,.,.,.,.,.,.,.,.,.,.,.,.,.,.,.,.,.,.,.,.,.,.,.,.,.,.,.,.,.,10000000000001000,10000010,100001,1001,110,10000001,100001,11000,101,101,10000000000000001,10001000,100001,1001,101,10000001,100001,10100,110,101,.,.,.,.,.,.,.,.,.,.,.,.,.,.,.,.,.,.,.,.,.,.,.,.,.,.,.,.,.,.,.,.,.,.,.,.,.,.,.,.,.,.,.,.,.,.,.,.,.,.,.,.,.,.,.,.,.,.,.,.
075,HR05,ã{å√ìáésëÂê_,ã{å√ëÂê_,3,2,2,,Ç´Ç‡,k_m_,k_m_,k,y,m,u,.,.,.,.,.,.,.,.,.,.,.,.,8,1,0,0,1,1,1,4,1,0,1,4,0,0,0,1,1,3,2,0,.,.,.,.,.,.,.,.,.,.,.,.,.,.,.,.,.,.,.,.,.,.,.,.,.,.,.,.,.,.,.,.,.,.,.,.,.,.,.,.,.,.,.,.,.,.,.,.,.,.,.,.,.,.,.,.,.,.,.,.,10000000010000000,10000001,100001,1001,110,10000001,100001,11000,101,101,10000000000000001,10001000,100001,1001,101,10000001,100001,10100,110,101,.,.,.,.,.,.,.,.,.,.,.,.,.,.,.,.,.,.,.,.,.,.,.,.,.,.,.,.,.,.,.,.,.,.,.,.,.,.,.,.,.,.,.,.,.,.,.,.,.,.,.,.,.,.,.,.,.,.,.,.
076,HR06,ã{å√ìáésïΩó«éÎñì,ã{å√éÎñì,3,2,2,,Ç´Ç‡,k__mu,k__mu,k,y,m,u,.,.,.,.,.,.,.,.,.,.,.,.,8,1,0,0,1,1,1,4,1,0,1,4,0,0,0,1,1,3,2,0,.,.,.,.,.,.,.,.,.,.,.,.,.,.,.,.,.,.,.,.,.,.,.,.,.,.,.,.,.,.,.,.,.,.,.,.,.,.,.,.,.,.,.,.,.,.,.,.,.,.,.,.,.,.,.,.,.,.,.,.,10000000010000000,10000001,100001,1001,110,10000001,100001,11000,101,101,10000000000000001,10001000,100001,1001,101,10000001,100001,10100,110,101,.,.,.,.,.,.,.,.,.,.,.,.,.,.,.,.,.,.,.,.,.,.,.,.,.,.,.,.,.,.,.,.,.,.,.,.,.,.,.,.,.,.,.,.,.,.,.,.,.,.,.,.,.,.,.,.,.,.,.,.
077,HR12,ã{å√ìáésïΩó«ìåíáè@ç™,ã{å√ìåíáè@,3,2,2,,Ç´Ç‡,k__mu,k__mu,k,y,m,u,.,.,.,.,.,.,.,.,.,.,.,.,8,1,0,0,1,1,1,4,1,0,1,4,0,0,0,1,1,3,2,0,.,.,.,.,.,.,.,.,.,.,.,.,.,.,.,.,.,.,.,.,.,.,.,.,.,.,.,.,.,.,.,.,.,.,.,.,.,.,.,.,.,.,.,.,.,.,.,.,.,.,.,.,.,.,.,.,.,.,.,.,10000000010000000,10000001,100001,1001,110,10000001,100001,11000,101,101,10000000000000001,10001000,100001,1001,101,10000001,100001,10100,110,101,.,.,.,.,.,.,.,.,.,.,.,.,.,.,.,.,.,.,.,.,.,.,.,.,.,.,.,.,.,.,.,.,.,.,.,.,.,.,.,.,.,.,.,.,.,.,.,.,.,.,.,.,.,.,.,.,.,.,.,.
078,SZ04,ã{å√ìáésâ∫ínó^ìﬂîe,ã{å√ó^ìﬂîe,3,2,2,,Ç´Ç‡,k_mu,k_mu,k,y,m,u,.,.,.,.,.,.,.,.,.,.,.,.,8,1,0,0,1,1,1,4,1,0,1,4,0,0,0,1,1,3,2,0,.,.,.,.,.,.,.,.,.,.,.,.,.,.,.,.,.,.,.,.,.,.,.,.,.,.,.,.,.,.,.,.,.,.,.,.,.,.,.,.,.,.,.,.,.,.,.,.,.,.,.,.,.,.,.,.,.,.,.,.,10000000010000000,10000001,100001,1001,110,10000001,100001,11000,101,101,10000000000000001,10001000,100001,1001,101,10000001,100001,10100,110,101,.,.,.,.,.,.,.,.,.,.,.,.,.,.,.,.,.,.,.,.,.,.,.,.,.,.,.,.,.,.,.,.,.,.,.,.,.,.,.,.,.,.,.,.,.,.,.,.,.,.,.,.,.,.,.,.,.,.,.,.
079,SG16,ã{å√ìáésè„ñÏã{çë,ã{å√ã{çë,3,2,2,,Ç´Ç‡,k___mu,k___mu,k,y,m,u,.,.,.,.,.,.,.,.,.,.,.,.,8,1,0,0,1,1,1,4,1,0,1,4,0,0,0,1,1,3,2,0,.,.,.,.,.,.,.,.,.,.,.,.,.,.,.,.,.,.,.,.,.,.,.,.,.,.,.,.,.,.,.,.,.,.,.,.,.,.,.,.,.,.,.,.,.,.,.,.,.,.,.,.,.,.,.,.,.,.,.,.,10000000010000000,10000001,100001,1001,110,10000001,100001,11000,101,101,10000000000000001,10001000,100001,1001,101,10000001,100001,10100,110,101,.,.,.,.,.,.,.,.,.,.,.,.,.,.,.,.,.,.,.,.,.,.,.,.,.,.,.,.,.,.,.,.,.,.,.,.,.,.,.,.,.,.,.,.,.,.,.,.,.,.,.,.,.,.,.,.,.,.,.,.
080,SG04,ã{å√ìáésà…ó«ïîà…ó«ïî,ã{å√à…ó«ïî,3,2,2,,Ç´Ç‡,__m_,__m_,ts,y,m,u,.,.,.,.,.,.,.,.,.,.,.,.,4,2,0,0,1,1,1,4,1,0,1,4,0,0,0,1,1,3,2,0,.,.,.,.,.,.,.,.,.,.,.,.,.,.,.,.,.,.,.,.,.,.,.,.,.,.,.,.,.,.,.,.,.,.,.,.,.,.,.,.,.,.,.,.,.,.,.,.,.,.,.,.,.,.,.,.,.,.,.,.,10000000000001000,10000010,100001,1001,110,10000001,100001,11000,101,101,10000000000000001,10001000,100001,1001,101,10000001,100001,10100,110,101,.,.,.,.,.,.,.,.,.,.,.,.,.,.,.,.,.,.,.,.,.,.,.,.,.,.,.,.,.,.,.,.,.,.,.,.,.,.,.,.,.,.,.,.,.,.,.,.,.,.,.,.,.,.,.,.,.,.,.,.
081,TR03,ëΩó«ä‘ë∫íáãÿ,ëΩó«ä‘íáãÿ,3,2,2,,Ç´Ç‡,k_mu/k_mu,k_mu,k,y,m,u,.,.,.,.,.,.,.,.,.,.,.,.,8,1,0,0,1,1,1,4,1,0,1,4,0,0,0,1,1,3,2,0,.,.,.,.,.,.,.,.,.,.,.,.,.,.,.,.,.,.,.,.,.,.,.,.,.,.,.,.,.,.,.,.,.,.,.,.,.,.,.,.,.,.,.,.,.,.,.,.,.,.,.,.,.,.,.,.,.,.,.,.,10000000010000000,10000001,100001,1001,110,10000001,100001,11000,101,101,10000000000000001,10001000,100001,1001,101,10000001,100001,10100,110,101,.,.,.,.,.,.,.,.,.,.,.,.,.,.,.,.,.,.,.,.,.,.,.,.,.,.,.,.,.,.,.,.,.,.,.,.,.,.,.,.,.,.,.,.,.,.,.,.,.,.,.,.,.,.,.,.,.,.,.,.
082,OH05,êŒä_ésìoñÏèÈ,êŒä_ìoñÏèÈ,3,2,2,,Ç´Ç‡,k_mu,k_mu,k,y,m,u,.,.,.,.,.,.,.,.,.,.,.,.,8,1,0,0,1,1,1,4,1,0,1,4,0,0,0,1,1,3,2,0,.,.,.,.,.,.,.,.,.,.,.,.,.,.,.,.,.,.,.,.,.,.,.,.,.,.,.,.,.,.,.,.,.,.,.,.,.,.,.,.,.,.,.,.,.,.,.,.,.,.,.,.,.,.,.,.,.,.,.,.,10000000010000000,10000001,100001,1001,110,10000001,100001,11000,101,101,10000000000000001,10001000,100001,1001,101,10000001,100001,10100,110,101,.,.,.,.,.,.,.,.,.,.,.,.,.,.,.,.,.,.,.,.,.,.,.,.,.,.,.,.,.,.,.,.,.,.,.,.,.,.,.,.,.,.,.,.,.,.,.,.,.,.,.,.,.,.,.,.,.,.,.,.
083,OH02,êŒä_ésëÂïl,êŒä_ëÂïl,3,2,2,,Ç´Ç‡,_k__mu,_k__mu,k,y,m,u,.,.,.,.,.,.,.,.,.,.,.,.,8,1,0,0,1,1,1,4,1,0,1,4,0,0,0,1,1,3,2,0,.,.,.,.,.,.,.,.,.,.,.,.,.,.,.,.,.,.,.,.,.,.,.,.,.,.,.,.,.,.,.,.,.,.,.,.,.,.,.,.,.,.,.,.,.,.,.,.,.,.,.,.,.,.,.,.,.,.,.,.,10000000010000000,10000001,100001,1001,110,10000001,100001,11000,101,101,10000000000000001,10001000,100001,1001,101,10000001,100001,10100,110,101,.,.,.,.,.,.,.,.,.,.,.,.,.,.,.,.,.,.,.,.,.,.,.,.,.,.,.,.,.,.,.,.,.,.,.,.,.,.,.,.,.,.,.,.,.,.,.,.,.,.,.,.,.,.,.,.,.,.,.,.
084,MR06,êŒä_ésã{ó«,êŒä_ã{ó«,3,2,2,,Ç´Ç‡,_ks_muÅô,_ks_muÅô,k,y,m,u,.,.,.,.,.,.,.,.,.,.,.,.,8,1,0,0,1,1,1,4,1,0,1,4,0,0,0,1,1,3,2,0,.,.,.,.,.,.,.,.,.,.,.,.,.,.,.,.,.,.,.,.,.,.,.,.,.,.,.,.,.,.,.,.,.,.,.,.,.,.,.,.,.,.,.,.,.,.,.,.,.,.,.,.,.,.,.,.,.,.,.,.,10000000010000000,10000001,100001,1001,110,10000001,100001,11000,101,101,10000000000000001,10001000,100001,1001,101,10000001,100001,10100,110,101,.,.,.,.,.,.,.,.,.,.,.,.,.,.,.,.,.,.,.,.,.,.,.,.,.,.,.,.,.,.,.,.,.,.,.,.,.,.,.,.,.,.,.,.,.,.,.,.,.,.,.,.,.,.,.,.,.,.,.,.
085,MR02,êŒä_ésïΩãvï€,êŒä_ïΩãvï€,3,2,2,,Ç´Ç‡,k__mu,k__mu,k,y,m,u,.,.,.,.,.,.,.,.,.,.,.,.,8,1,0,0,1,1,1,4,1,0,1,4,0,0,0,1,1,3,2,0,.,.,.,.,.,.,.,.,.,.,.,.,.,.,.,.,.,.,.,.,.,.,.,.,.,.,.,.,.,.,.,.,.,.,.,.,.,.,.,.,.,.,.,.,.,.,.,.,.,.,.,.,.,.,.,.,.,.,.,.,10000000010000000,10000001,100001,1001,110,10000001,100001,11000,101,101,10000000000000001,10001000,100001,1001,101,10000001,100001,10100,110,101,.,.,.,.,.,.,.,.,.,.,.,.,.,.,.,.,.,.,.,.,.,.,.,.,.,.,.,.,.,.,.,.,.,.,.,.,.,.,.,.,.,.,.,.,.,.,.,.,.,.,.,.,.,.,.,.,.,.,.,.
086,IG15,êŒä_ésïxñÏ,êŒä_ïxñÏ,3,2,2,,Ç´Ç‡,k_mu/_ks_mu,k_mu,k,y,m,u,.,.,.,.,.,.,.,.,.,.,.,.,8,1,0,0,1,1,1,4,1,0,1,4,0,0,0,1,1,3,2,0,.,.,.,.,.,.,.,.,.,.,.,.,.,.,.,.,.,.,.,.,.,.,.,.,.,.,.,.,.,.,.,.,.,.,.,.,.,.,.,.,.,.,.,.,.,.,.,.,.,.,.,.,.,.,.,.,.,.,.,.,10000000010000000,10000001,100001,1001,110,10000001,100001,11000,101,101,10000000000000001,10001000,100001,1001,101,10000001,100001,10100,110,101,.,.,.,.,.,.,.,.,.,.,.,.,.,.,.,.,.,.,.,.,.,.,.,.,.,.,.,.,.,.,.,.,.,.,.,.,.,.,.,.,.,.,.,.,.,.,.,.,.,.,.,.,.,.,.,.,.,.,.,.
087,IG08,í|ïxí¨í|ïx,í|ïxí|ïx,-9,-9,-9,,-9,YR,YR,-9,-9,-9,-9,.,.,.,.,.,.,.,.,.,.,.,.,-9,-9,-9,-9,-9,-9,-9,-9,-9,-9,-9,-9,-9,-9,-9,-9,-9,-9,-9,-9,.,.,.,.,.,.,.,.,.,.,.,.,.,.,.,.,.,.,.,.,.,.,.,.,.,.,.,.,.,.,.,.,.,.,.,.,.,.,.,.,.,.,.,.,.,.,.,.,.,.,.,.,.,.,.,.,.,.,.,.,?????????????????,????????,??????,????,???,????????,??????,?????,???,???,?????????????????,????????,??????,????,???,????????,??????,?????,???,???,.,.,.,.,.,.,.,.,.,.,.,.,.,.,.,.,.,.,.,.,.,.,.,.,.,.,.,.,.,.,.,.,.,.,.,.,.,.,.,.,.,.,.,.,.,.,.,.,.,.,.,.,.,.,.,.,.,.,.,.
088,IG10,í|ïxí¨çïìá,í|ïxçïìá,3,2,2,,Ç´Ç‡,kimu/kimu,kimu,k,i,m,u,.,.,.,.,.,.,.,.,.,.,.,.,8,1,0,0,1,1,1,1,1,0,1,4,0,0,0,1,1,3,2,0,.,.,.,.,.,.,.,.,.,.,.,.,.,.,.,.,.,.,.,.,.,.,.,.,.,.,.,.,.,.,.,.,.,.,.,.,.,.,.,.,.,.,.,.,.,.,.,.,.,.,.,.,.,.,.,.,.,.,.,.,10000000010000000,10000001,100001,1001,110,10000001,100001,10001,101,101,10000000000000001,10001000,100001,1001,101,10000001,100001,10100,110,101,.,.,.,.,.,.,.,.,.,.,.,.,.,.,.,.,.,.,.,.,.,.,.,.,.,.,.,.,.,.,.,.,.,.,.,.,.,.,.,.,.,.,.,.,.,.,.,.,.,.,.,.,.,.,.,.,.,.,.,.
089,IG09,í|ïxí¨è¨ïl,í|ïxè¨ïl,3,2,2,,Ç´Ç‡,_ks__m_u,_ks__m_u,k,y,m,u,.,.,.,.,.,.,.,.,.,.,.,.,8,1,0,0,1,1,1,4,1,0,1,4,0,0,0,1,1,3,2,0,.,.,.,.,.,.,.,.,.,.,.,.,.,.,.,.,.,.,.,.,.,.,.,.,.,.,.,.,.,.,.,.,.,.,.,.,.,.,.,.,.,.,.,.,.,.,.,.,.,.,.,.,.,.,.,.,.,.,.,.,10000000010000000,10000001,100001,1001,110,10000001,100001,11000,101,101,10000000000000001,10001000,100001,1001,101,10000001,100001,10100,110,101,.,.,.,.,.,.,.,.,.,.,.,.,.,.,.,.,.,.,.,.,.,.,.,.,.,.,.,.,.,.,.,.,.,.,.,.,.,.,.,.,.,.,.,.,.,.,.,.,.,.,.,.,.,.,.,.,.,.,.,.
090,MR08,í|ïxí¨å√å©,êºï\å√å©,3,2,2,,Ç´Ç‡,k__mu,k__mu,k,y,m,u,.,.,.,.,.,.,.,.,.,.,.,.,8,1,0,0,1,1,1,4,1,0,1,4,0,0,0,1,1,3,2,0,.,.,.,.,.,.,.,.,.,.,.,.,.,.,.,.,.,.,.,.,.,.,.,.,.,.,.,.,.,.,.,.,.,.,.,.,.,.,.,.,.,.,.,.,.,.,.,.,.,.,.,.,.,.,.,.,.,.,.,.,10000000010000000,10000001,100001,1001,110,10000001,100001,11000,101,101,10000000000000001,10001000,100001,1001,101,10000001,100001,10100,110,101,.,.,.,.,.,.,.,.,.,.,.,.,.,.,.,.,.,.,.,.,.,.,.,.,.,.,.,.,.,.,.,.,.,.,.,.,.,.,.,.,.,.,.,.,.,.,.,.,.,.,.,.,.,.,.,.,.,.,.,.
091,OH06,í|ïxí¨ä±óß,êºï\ä±óß,3,2,2,,Ç´Ç‡,k_i_mu/_k_i_mu,k_i_mu,k,i,m,u,.,.,.,.,.,.,.,.,.,.,.,.,8,1,0,0,1,1,1,1,1,0,1,4,0,0,0,1,1,3,2,0,.,.,.,.,.,.,.,.,.,.,.,.,.,.,.,.,.,.,.,.,.,.,.,.,.,.,.,.,.,.,.,.,.,.,.,.,.,.,.,.,.,.,.,.,.,.,.,.,.,.,.,.,.,.,.,.,.,.,.,.,10000000010000000,10000001,100001,1001,110,10000001,100001,10001,101,101,10000000000000001,10001000,100001,1001,101,10000001,100001,10100,110,101,.,.,.,.,.,.,.,.,.,.,.,.,.,.,.,.,.,.,.,.,.,.,.,.,.,.,.,.,.,.,.,.,.,.,.,.,.,.,.,.,.,.,.,.,.,.,.,.,.,.,.,.,.,.,.,.,.,.,.,.
092,IG12,í|ïxí¨â∫ín,êVèÈâ∫ín,3,2,2,,Ç´Ç‡,k_____m_u,k_____m_u,k,y,m,u,.,.,.,.,.,.,.,.,.,.,.,.,8,1,0,0,1,1,1,4,1,0,1,4,0,0,0,1,1,3,2,0,.,.,.,.,.,.,.,.,.,.,.,.,.,.,.,.,.,.,.,.,.,.,.,.,.,.,.,.,.,.,.,.,.,.,.,.,.,.,.,.,.,.,.,.,.,.,.,.,.,.,.,.,.,.,.,.,.,.,.,.,10000000010000000,10000001,100001,1001,110,10000001,100001,11000,101,101,10000000000000001,10001000,100001,1001,101,10000001,100001,10100,110,101,.,.,.,.,.,.,.,.,.,.,.,.,.,.,.,.,.,.,.,.,.,.,.,.,.,.,.,.,.,.,.,.,.,.,.,.,.,.,.,.,.,.,.,.,.,.,.,.,.,.,.,.,.,.,.,.,.,.,.,.
093,OH13,í|ïxí¨ñºêŒ,îgè∆ä‘ñºêŒ,3,2,2,,Ç´Ç‡,_s__m_u,_s__m_u,s,y,m,u,.,.,.,.,.,.,.,.,.,.,.,.,4,3,0,0,1,1,1,4,1,0,1,4,0,0,0,1,1,3,2,0,.,.,.,.,.,.,.,.,.,.,.,.,.,.,.,.,.,.,.,.,.,.,.,.,.,.,.,.,.,.,.,.,.,.,.,.,.,.,.,.,.,.,.,.,.,.,.,.,.,.,.,.,.,.,.,.,.,.,.,.,10000000000001000,10000100,100001,1001,110,10000001,100001,11000,101,101,10000000000000001,10001000,100001,1001,101,10000001,100001,10100,110,101,.,.,.,.,.,.,.,.,.,.,.,.,.,.,.,.,.,.,.,.,.,.,.,.,.,.,.,.,.,.,.,.,.,.,.,.,.,.,.,.,.,.,.,.,.,.,.,.,.,.,.,.,.,.,.,.,.,.,.,.
094,YG01,ó^ìﬂçëí¨ëcî[,ó^ìﬂçëëcî[,3,2,2,,Ç´Ç‡,t_imu_utÅfi__,t_imu,ts2,i,m,u,.,.,.,.,.,.,.,.,.,.,.,.,4,2,2,0,1,1,1,1,1,0,1,4,0,0,0,1,1,3,2,0,.,.,.,.,.,.,.,.,.,.,.,.,.,.,.,.,.,.,.,.,.,.,.,.,.,.,.,.,.,.,.,.,.,.,.,.,.,.,.,.,.,.,.,.,.,.,.,.,.,.,.,.,.,.,.,.,.,.,.,.,10000000000001000,10000010,100100,1001,110,10000001,100001,10001,101,101,10000000000000001,10001000,100001,1001,101,10000001,100001,10100,110,101,.,.,.,.,.,.,.,.,.,.,.,.,.,.,.,.,.,.,.,.,.,.,.,.,.,.,.,.,.,.,.,.,.,.,.,.,.,.,.,.,.,.,.,.,.,.,.,.,.,.,.,.,.,.,.,.,.,.,.,.
095,YG03,ó^ìﬂçëí¨î‰êÏ,ó^ìﬂçëî‰êÏ,3,2,2,,Ç´Ç‡,_imu/t_imu,_imu,ts2,i,m,u,.,.,.,.,.,.,.,.,.,.,.,.,4,2,2,0,1,1,1,1,1,0,1,4,0,0,0,1,1,3,2,0,.,.,.,.,.,.,.,.,.,.,.,.,.,.,.,.,.,.,.,.,.,.,.,.,.,.,.,.,.,.,.,.,.,.,.,.,.,.,.,.,.,.,.,.,.,.,.,.,.,.,.,.,.,.,.,.,.,.,.,.,10000000000001000,10000010,100100,1001,110,10000001,100001,10001,101,101,10000000000000001,10001000,100001,1001,101,10000001,100001,10100,110,101,.,.,.,.,.,.,.,.,.,.,.,.,.,.,.,.,.,.,.,.,.,.,.,.,.,.,.,.,.,.,.,.,.,.,.,.,.,.,.,.,.,.,.,.,.,.,.,.,.,.,.,.,.,.,.,.,.,.,.,.